# Blender 4.3.2
# www.blender.org
mtllib rubix_cube.mtl
o Cube
v -0.981141 -0.916119 4.518995
v -0.981141 -0.819690 4.615424
v -0.884712 -0.916119 4.615424
v -0.981141 -0.847933 4.547238
v -0.925468 -0.860446 4.559751
v -0.912955 -0.847933 4.615424
v -0.912955 -0.916119 4.547238
v -0.981141 -2.819690 4.615424
v -0.981141 -2.723261 4.518995
v -0.884712 -2.723261 4.615424
v -0.981141 -2.791447 4.547238
v -0.925468 -2.778934 4.559752
v -0.912955 -2.723261 4.547238
v -0.912955 -2.791447 4.615424
v -0.884712 -0.916118 6.422566
v -0.981141 -0.819689 6.422566
v -0.981141 -0.916118 6.518995
v -0.912955 -0.847932 6.422566
v -0.925468 -0.860445 6.478239
v -0.981141 -0.847932 6.490752
v -0.912955 -0.916118 6.490752
v -0.884712 -2.723260 6.422566
v -0.981141 -2.723260 6.518995
v -0.981141 -2.819690 6.422566
v -0.912955 -2.723260 6.490752
v -0.925468 -2.778934 6.478240
v -0.981141 -2.791446 6.490752
v -0.912955 -2.791446 6.422566
v -2.788283 -0.916119 4.518995
v -2.884712 -0.916119 4.615424
v -2.788283 -0.819690 4.615424
v -2.856469 -0.916119 4.547238
v -2.843956 -0.860446 4.559751
v -2.856469 -0.847933 4.615424
v -2.788283 -0.847933 4.547238
v -2.884712 -2.723261 4.615424
v -2.788283 -2.723261 4.518995
v -2.788283 -2.819690 4.615424
v -2.856469 -2.723261 4.547238
v -2.843956 -2.778934 4.559752
v -2.788283 -2.791447 4.547238
v -2.856469 -2.791447 4.615424
v -2.884712 -0.916118 6.422566
v -2.788283 -0.916118 6.518995
v -2.788283 -0.819689 6.422566
v -2.856469 -0.916118 6.490752
v -2.843956 -0.860445 6.478239
v -2.788283 -0.847932 6.490752
v -2.856469 -0.847932 6.422566
v -2.788283 -2.819690 6.422566
v -2.788283 -2.723260 6.518995
v -2.884712 -2.723260 6.422566
v -2.788283 -2.791446 6.490752
v -2.843956 -2.778934 6.478240
v -2.856469 -2.723260 6.490752
v -2.856469 -2.791446 6.422566
v -0.981141 1.083881 4.518995
v -0.981141 1.180310 4.615424
v -0.884712 1.083881 4.615424
v -0.981141 1.152067 4.547238
v -0.925468 1.139555 4.559751
v -0.912955 1.152067 4.615424
v -0.912955 1.083881 4.547238
v -0.981141 -0.819690 4.615424
v -0.981141 -0.723261 4.518995
v -0.884712 -0.723261 4.615424
v -0.981141 -0.791447 4.547238
v -0.925468 -0.778934 4.559751
v -0.912955 -0.723261 4.547238
v -0.912955 -0.791447 4.615424
v -0.884712 1.083881 6.422566
v -0.981141 1.180310 6.422566
v -0.981141 1.083881 6.518995
v -0.912955 1.152067 6.422566
v -0.925468 1.139555 6.478239
v -0.981141 1.152067 6.490752
v -0.912955 1.083881 6.490752
v -0.884712 -0.723260 6.422566
v -0.981141 -0.723260 6.518995
v -0.981141 -0.819689 6.422566
v -0.912955 -0.723260 6.490752
v -0.925468 -0.778933 6.478239
v -0.981141 -0.791446 6.490752
v -0.912955 -0.791446 6.422566
v -2.788283 1.083881 4.518995
v -2.884712 1.083881 4.615424
v -2.788283 1.180310 4.615424
v -2.856469 1.083881 4.547238
v -2.843956 1.139555 4.559751
v -2.856469 1.152067 4.615424
v -2.788283 1.152067 4.547238
v -2.884712 -0.723261 4.615424
v -2.788283 -0.723261 4.518995
v -2.788283 -0.819690 4.615424
v -2.856469 -0.723261 4.547238
v -2.843956 -0.778934 4.559751
v -2.788283 -0.791447 4.547238
v -2.856469 -0.791447 4.615424
v -2.884712 1.083881 6.422566
v -2.788283 1.083881 6.518995
v -2.788283 1.180310 6.422566
v -2.856469 1.083881 6.490752
v -2.843956 1.139555 6.478239
v -2.788283 1.152067 6.490752
v -2.856469 1.152067 6.422566
v -2.788283 -0.819689 6.422566
v -2.788283 -0.723260 6.518995
v -2.884712 -0.723260 6.422566
v -2.788283 -0.791446 6.490752
v -2.843956 -0.778933 6.478239
v -2.856469 -0.723260 6.490752
v -2.856469 -0.791446 6.422566
v -0.981141 3.083882 4.518995
v -0.981141 3.180310 4.615424
v -0.884712 3.083882 4.615424
v -0.981141 3.152067 4.547238
v -0.925468 3.139554 4.559751
v -0.912955 3.152067 4.615424
v -0.912955 3.083882 4.547238
v -0.981141 1.180310 4.615424
v -0.981141 1.276740 4.518995
v -0.884712 1.276740 4.615424
v -0.981141 1.208554 4.547238
v -0.925468 1.221066 4.559751
v -0.912955 1.276740 4.547238
v -0.912955 1.208554 4.615424
v -0.884712 3.083882 6.422566
v -0.981141 3.180310 6.422566
v -0.981141 3.083882 6.518995
v -0.912955 3.152067 6.422566
v -0.925468 3.139554 6.478239
v -0.981141 3.152067 6.490752
v -0.912955 3.083882 6.490752
v -0.884712 1.276740 6.422566
v -0.981141 1.276740 6.518995
v -0.981141 1.180310 6.422566
v -0.912955 1.276740 6.490752
v -0.925468 1.221066 6.478239
v -0.981141 1.208554 6.490752
v -0.912955 1.208554 6.422566
v -2.788283 3.083882 4.518995
v -2.884712 3.083882 4.615424
v -2.788283 3.180310 4.615424
v -2.856469 3.083882 4.547238
v -2.843956 3.139554 4.559751
v -2.856469 3.152067 4.615424
v -2.788283 3.152067 4.547238
v -2.884712 1.276740 4.615424
v -2.788283 1.276740 4.518995
v -2.788283 1.180310 4.615424
v -2.856469 1.276740 4.547238
v -2.843956 1.221066 4.559751
v -2.788283 1.208554 4.547238
v -2.856469 1.208554 4.615424
v -2.884712 3.083882 6.422566
v -2.788283 3.083882 6.518995
v -2.788283 3.180310 6.422566
v -2.856469 3.083882 6.490752
v -2.843956 3.139554 6.478239
v -2.788283 3.152067 6.490752
v -2.856469 3.152067 6.422566
v -2.788283 1.180310 6.422566
v -2.788283 1.276740 6.518995
v -2.884712 1.276740 6.422566
v -2.788283 1.208554 6.490752
v -2.843956 1.221066 6.478239
v -2.856469 1.276740 6.490752
v -2.856469 1.208554 6.422566
v -0.981141 -0.916119 2.518995
v -0.981141 -0.819690 2.615424
v -0.884712 -0.916119 2.615424
v -0.981141 -0.847933 2.547238
v -0.925468 -0.860446 2.559751
v -0.912955 -0.847933 2.615424
v -0.912955 -0.916119 2.547238
v -0.981141 -2.819690 2.615424
v -0.981141 -2.723261 2.518995
v -0.884712 -2.723261 2.615424
v -0.981141 -2.791447 2.547238
v -0.925468 -2.778934 2.559751
v -0.912955 -2.723261 2.547238
v -0.912955 -2.791447 2.615424
v -0.884712 -0.916119 4.422566
v -0.981141 -0.819690 4.422566
v -0.981141 -0.916119 4.518995
v -0.912955 -0.847933 4.422566
v -0.925468 -0.860446 4.478239
v -0.981141 -0.847933 4.490752
v -0.912955 -0.916119 4.490752
v -0.884712 -2.723261 4.422566
v -0.981141 -2.723261 4.518995
v -0.981141 -2.819690 4.422566
v -0.912955 -2.723261 4.490752
v -0.925468 -2.778934 4.478240
v -0.981141 -2.791447 4.490752
v -0.912955 -2.791447 4.422566
v -2.788283 -0.916119 2.518995
v -2.884712 -0.916119 2.615424
v -2.788283 -0.819690 2.615424
v -2.856469 -0.916119 2.547238
v -2.843956 -0.860446 2.559751
v -2.856469 -0.847933 2.615424
v -2.788283 -0.847933 2.547238
v -2.884712 -2.723261 2.615424
v -2.788283 -2.723261 2.518995
v -2.788283 -2.819690 2.615424
v -2.856469 -2.723261 2.547238
v -2.843956 -2.778934 2.559751
v -2.788283 -2.791447 2.547238
v -2.856469 -2.791447 2.615424
v -2.884712 -0.916119 4.422566
v -2.788283 -0.916119 4.518995
v -2.788283 -0.819690 4.422566
v -2.856469 -0.916119 4.490752
v -2.843956 -0.860446 4.478239
v -2.788283 -0.847933 4.490752
v -2.856469 -0.847933 4.422566
v -2.788283 -2.819690 4.422566
v -2.788283 -2.723261 4.518995
v -2.884712 -2.723261 4.422566
v -2.788283 -2.791447 4.490752
v -2.843956 -2.778934 4.478240
v -2.856469 -2.723261 4.490752
v -2.856469 -2.791447 4.422566
v -0.981141 1.083881 2.518995
v -0.981141 1.180310 2.615424
v -0.884712 1.083881 2.615424
v -0.981141 1.152067 2.547238
v -0.925468 1.139554 2.559751
v -0.912955 1.152067 2.615424
v -0.912955 1.083881 2.547238
v -0.981141 -0.819690 2.615424
v -0.981141 -0.723261 2.518995
v -0.884712 -0.723261 2.615424
v -0.981141 -0.791447 2.547238
v -0.925468 -0.778934 2.559751
v -0.912955 -0.723261 2.547238
v -0.912955 -0.791447 2.615424
v -0.884712 1.083881 4.422566
v -0.981141 1.180310 4.422566
v -0.981141 1.083881 4.518995
v -0.912955 1.152067 4.422566
v -0.925468 1.139555 4.478239
v -0.981141 1.152067 4.490752
v -0.912955 1.083881 4.490752
v -0.884712 -0.723261 4.422566
v -0.981141 -0.723261 4.518995
v -0.981141 -0.819690 4.422566
v -0.912955 -0.723261 4.490752
v -0.925468 -0.778934 4.478239
v -0.981141 -0.791447 4.490752
v -0.912955 -0.791447 4.422566
v -2.788283 1.083881 2.518995
v -2.884712 1.083881 2.615424
v -2.788283 1.180310 2.615424
v -2.856469 1.083881 2.547238
v -2.843956 1.139554 2.559751
v -2.856469 1.152067 2.615424
v -2.788283 1.152067 2.547238
v -2.884712 -0.723261 2.615424
v -2.788283 -0.723261 2.518995
v -2.788283 -0.819690 2.615424
v -2.856469 -0.723261 2.547238
v -2.843956 -0.778934 2.559751
v -2.788283 -0.791447 2.547238
v -2.856469 -0.791447 2.615424
v -2.884712 1.083881 4.422566
v -2.788283 1.083881 4.518995
v -2.788283 1.180310 4.422566
v -2.856469 1.083881 4.490752
v -2.843956 1.139555 4.478239
v -2.788283 1.152067 4.490752
v -2.856469 1.152067 4.422566
v -2.788283 -0.819690 4.422566
v -2.788283 -0.723261 4.518995
v -2.884712 -0.723261 4.422566
v -2.788283 -0.791447 4.490752
v -2.843956 -0.778934 4.478239
v -2.856469 -0.723261 4.490752
v -2.856469 -0.791447 4.422566
v -0.981141 3.083882 2.518995
v -0.981141 3.180310 2.615424
v -0.884712 3.083882 2.615424
v -0.981141 3.152067 2.547238
v -0.925468 3.139554 2.559751
v -0.912955 3.152067 2.615424
v -0.912955 3.083882 2.547238
v -0.981141 1.180310 2.615424
v -0.981141 1.276739 2.518995
v -0.884712 1.276739 2.615424
v -0.981141 1.208553 2.547238
v -0.925468 1.221066 2.559751
v -0.912955 1.276739 2.547238
v -0.912955 1.208553 2.615424
v -0.884712 3.083882 4.422566
v -0.981141 3.180310 4.422566
v -0.981141 3.083882 4.518995
v -0.912955 3.152067 4.422566
v -0.925468 3.139554 4.478239
v -0.981141 3.152067 4.490752
v -0.912955 3.083882 4.490752
v -0.884712 1.276740 4.422566
v -0.981141 1.276740 4.518995
v -0.981141 1.180310 4.422566
v -0.912955 1.276740 4.490752
v -0.925468 1.221066 4.478239
v -0.981141 1.208554 4.490752
v -0.912955 1.208554 4.422566
v -2.788283 3.083882 2.518995
v -2.884712 3.083882 2.615424
v -2.788283 3.180310 2.615424
v -2.856469 3.083882 2.547238
v -2.843956 3.139554 2.559751
v -2.856469 3.152067 2.615424
v -2.788283 3.152067 2.547238
v -2.884712 1.276739 2.615424
v -2.788283 1.276739 2.518995
v -2.788283 1.180310 2.615424
v -2.856469 1.276739 2.547238
v -2.843956 1.221066 2.559751
v -2.788283 1.208553 2.547238
v -2.856469 1.208553 2.615424
v -2.884712 3.083882 4.422566
v -2.788283 3.083882 4.518995
v -2.788283 3.180310 4.422566
v -2.856469 3.083882 4.490752
v -2.843956 3.139554 4.478239
v -2.788283 3.152067 4.490752
v -2.856469 3.152067 4.422566
v -2.788283 1.180310 4.422566
v -2.788283 1.276740 4.518995
v -2.884712 1.276740 4.422566
v -2.788283 1.208554 4.490752
v -2.843956 1.221066 4.478239
v -2.856469 1.276740 4.490752
v -2.856469 1.208554 4.422566
v -0.981141 -0.916119 0.518995
v -0.981141 -0.819690 0.615424
v -0.884712 -0.916119 0.615424
v -0.981141 -0.847933 0.547238
v -0.925468 -0.860446 0.559752
v -0.912955 -0.847933 0.615424
v -0.912955 -0.916119 0.547238
v -0.981141 -2.819690 0.615424
v -0.981141 -2.723261 0.518995
v -0.884712 -2.723261 0.615424
v -0.981141 -2.791447 0.547238
v -0.925468 -2.778934 0.559752
v -0.912955 -2.723261 0.547238
v -0.912955 -2.791447 0.615424
v -0.884712 -0.916119 2.422566
v -0.981141 -0.819690 2.422566
v -0.981141 -0.916119 2.518995
v -0.912955 -0.847933 2.422566
v -0.925468 -0.860446 2.478239
v -0.981141 -0.847933 2.490752
v -0.912955 -0.916119 2.490752
v -0.884712 -2.723261 2.422566
v -0.981141 -2.723261 2.518995
v -0.981141 -2.819690 2.422566
v -0.912955 -2.723261 2.490752
v -0.925468 -2.778934 2.478239
v -0.981141 -2.791447 2.490752
v -0.912955 -2.791447 2.422566
v -2.788283 -0.916119 0.518995
v -2.884712 -0.916119 0.615424
v -2.788283 -0.819690 0.615424
v -2.856469 -0.916119 0.547238
v -2.843956 -0.860446 0.559752
v -2.856469 -0.847933 0.615424
v -2.788283 -0.847933 0.547238
v -2.884712 -2.723261 0.615424
v -2.788283 -2.723261 0.518995
v -2.788283 -2.819690 0.615424
v -2.856469 -2.723261 0.547238
v -2.843956 -2.778934 0.559752
v -2.788283 -2.791447 0.547238
v -2.856469 -2.791447 0.615424
v -2.884712 -0.916119 2.422566
v -2.788283 -0.916119 2.518995
v -2.788283 -0.819690 2.422566
v -2.856469 -0.916119 2.490752
v -2.843956 -0.860446 2.478239
v -2.788283 -0.847933 2.490752
v -2.856469 -0.847933 2.422566
v -2.788283 -2.819690 2.422566
v -2.788283 -2.723261 2.518995
v -2.884712 -2.723261 2.422566
v -2.788283 -2.791447 2.490752
v -2.843956 -2.778934 2.478239
v -2.856469 -2.723261 2.490752
v -2.856469 -2.791447 2.422566
v -0.981141 1.083881 0.518995
v -0.981141 1.180310 0.615424
v -0.884712 1.083881 0.615424
v -0.981141 1.152067 0.547238
v -0.925468 1.139554 0.559752
v -0.912955 1.152067 0.615424
v -0.912955 1.083881 0.547238
v -0.981141 -0.819690 0.615424
v -0.981141 -0.723261 0.518995
v -0.884712 -0.723261 0.615424
v -0.981141 -0.791447 0.547238
v -0.925468 -0.778934 0.559752
v -0.912955 -0.723261 0.547238
v -0.912955 -0.791447 0.615424
v -0.884712 1.083881 2.422566
v -0.981141 1.180310 2.422566
v -0.981141 1.083881 2.518995
v -0.912955 1.152067 2.422566
v -0.925468 1.139554 2.478239
v -0.981141 1.152067 2.490752
v -0.912955 1.083881 2.490752
v -0.884712 -0.723261 2.422566
v -0.981141 -0.723261 2.518995
v -0.981141 -0.819690 2.422566
v -0.912955 -0.723261 2.490752
v -0.925468 -0.778934 2.478239
v -0.981141 -0.791447 2.490752
v -0.912955 -0.791447 2.422566
v -2.788283 1.083881 0.518995
v -2.884712 1.083881 0.615424
v -2.788283 1.180310 0.615424
v -2.856469 1.083881 0.547238
v -2.843956 1.139554 0.559752
v -2.856469 1.152067 0.615424
v -2.788283 1.152067 0.547238
v -2.884712 -0.723261 0.615424
v -2.788283 -0.723261 0.518995
v -2.788283 -0.819690 0.615424
v -2.856469 -0.723261 0.547238
v -2.843956 -0.778934 0.559752
v -2.788283 -0.791447 0.547238
v -2.856469 -0.791447 0.615424
v -2.884712 1.083881 2.422566
v -2.788283 1.083881 2.518995
v -2.788283 1.180310 2.422566
v -2.856469 1.083881 2.490752
v -2.843956 1.139554 2.478239
v -2.788283 1.152067 2.490752
v -2.856469 1.152067 2.422566
v -2.788283 -0.819690 2.422566
v -2.788283 -0.723261 2.518995
v -2.884712 -0.723261 2.422566
v -2.788283 -0.791447 2.490752
v -2.843956 -0.778934 2.478239
v -2.856469 -0.723261 2.490752
v -2.856469 -0.791447 2.422566
v -0.981141 3.083881 0.518995
v -0.981141 3.180310 0.615424
v -0.884712 3.083881 0.615424
v -0.981141 3.152067 0.547238
v -0.925468 3.139554 0.559751
v -0.912955 3.152067 0.615424
v -0.912955 3.083881 0.547238
v -0.981141 1.180310 0.615424
v -0.981141 1.276739 0.518995
v -0.884712 1.276739 0.615424
v -0.981141 1.208553 0.547238
v -0.925468 1.221066 0.559752
v -0.912955 1.276739 0.547238
v -0.912955 1.208553 0.615424
v -0.884712 3.083882 2.422566
v -0.981141 3.180310 2.422566
v -0.981141 3.083882 2.518995
v -0.912955 3.152067 2.422566
v -0.925468 3.139554 2.478239
v -0.981141 3.152067 2.490752
v -0.912955 3.083882 2.490752
v -0.884712 1.276739 2.422566
v -0.981141 1.276739 2.518995
v -0.981141 1.180310 2.422566
v -0.912955 1.276739 2.490752
v -0.925468 1.221066 2.478239
v -0.981141 1.208553 2.490752
v -0.912955 1.208553 2.422566
v -2.788283 3.083881 0.518995
v -2.884712 3.083881 0.615424
v -2.788283 3.180310 0.615424
v -2.856469 3.083881 0.547238
v -2.843956 3.139554 0.559751
v -2.856469 3.152067 0.615424
v -2.788283 3.152067 0.547238
v -2.884712 1.276739 0.615424
v -2.788283 1.276739 0.518995
v -2.788283 1.180310 0.615424
v -2.856469 1.276739 0.547238
v -2.843956 1.221066 0.559752
v -2.788283 1.208553 0.547238
v -2.856469 1.208553 0.615424
v -2.884712 3.083882 2.422566
v -2.788283 3.083882 2.518995
v -2.788283 3.180310 2.422566
v -2.856469 3.083882 2.490752
v -2.843956 3.139554 2.478239
v -2.788283 3.152067 2.490752
v -2.856469 3.152067 2.422566
v -2.788283 1.180310 2.422566
v -2.788283 1.276739 2.518995
v -2.884712 1.276739 2.422566
v -2.788283 1.208553 2.490752
v -2.843956 1.221066 2.478239
v -2.856469 1.276739 2.490752
v -2.856469 1.208553 2.422566
v 1.018859 -0.916119 4.518995
v 1.018859 -0.819690 4.615424
v 1.115288 -0.916119 4.615424
v 1.018859 -0.847933 4.547238
v 1.074532 -0.860446 4.559751
v 1.087045 -0.847933 4.615424
v 1.087045 -0.916119 4.547238
v 1.018859 -2.819690 4.615424
v 1.018859 -2.723261 4.518995
v 1.115288 -2.723261 4.615424
v 1.018859 -2.791447 4.547238
v 1.074532 -2.778934 4.559752
v 1.087045 -2.723261 4.547238
v 1.087045 -2.791447 4.615424
v 1.115288 -0.916118 6.422566
v 1.018859 -0.819689 6.422566
v 1.018859 -0.916118 6.518995
v 1.087045 -0.847932 6.422566
v 1.074532 -0.860445 6.478239
v 1.018859 -0.847932 6.490752
v 1.087045 -0.916118 6.490752
v 1.115288 -2.723260 6.422566
v 1.018859 -2.723260 6.518995
v 1.018859 -2.819690 6.422566
v 1.087045 -2.723260 6.490752
v 1.074532 -2.778934 6.478240
v 1.018859 -2.791446 6.490752
v 1.087045 -2.791446 6.422566
v -0.788283 -0.916119 4.518995
v -0.884712 -0.916119 4.615424
v -0.788283 -0.819690 4.615424
v -0.856469 -0.916119 4.547238
v -0.843956 -0.860446 4.559751
v -0.856469 -0.847933 4.615424
v -0.788283 -0.847933 4.547238
v -0.884712 -2.723261 4.615424
v -0.788283 -2.723261 4.518995
v -0.788283 -2.819690 4.615424
v -0.856469 -2.723261 4.547238
v -0.843956 -2.778934 4.559752
v -0.788283 -2.791447 4.547238
v -0.856469 -2.791447 4.615424
v -0.884712 -0.916118 6.422566
v -0.788283 -0.916118 6.518995
v -0.788283 -0.819689 6.422566
v -0.856469 -0.916118 6.490752
v -0.843956 -0.860445 6.478239
v -0.788283 -0.847932 6.490752
v -0.856469 -0.847932 6.422566
v -0.788283 -2.819690 6.422566
v -0.788283 -2.723260 6.518995
v -0.884712 -2.723260 6.422566
v -0.788283 -2.791446 6.490752
v -0.843956 -2.778934 6.478240
v -0.856469 -2.723260 6.490752
v -0.856469 -2.791446 6.422566
v 1.018859 1.083881 4.518995
v 1.018859 1.180310 4.615424
v 1.115288 1.083881 4.615424
v 1.018859 1.152067 4.547238
v 1.074532 1.139555 4.559751
v 1.087045 1.152067 4.615424
v 1.087045 1.083881 4.547238
v 1.018859 -0.819690 4.615424
v 1.018859 -0.723261 4.518995
v 1.115288 -0.723261 4.615424
v 1.018859 -0.791447 4.547238
v 1.074532 -0.778934 4.559751
v 1.087045 -0.723261 4.547238
v 1.087045 -0.791447 4.615424
v 1.115288 1.083881 6.422566
v 1.018859 1.180310 6.422566
v 1.018859 1.083881 6.518995
v 1.087045 1.152067 6.422566
v 1.074532 1.139555 6.478239
v 1.018859 1.152067 6.490752
v 1.087045 1.083881 6.490752
v 1.115288 -0.723260 6.422566
v 1.018859 -0.723260 6.518995
v 1.018859 -0.819689 6.422566
v 1.087045 -0.723260 6.490752
v 1.074532 -0.778933 6.478239
v 1.018859 -0.791446 6.490752
v 1.087045 -0.791446 6.422566
v -0.788283 1.083881 4.518995
v -0.884712 1.083881 4.615424
v -0.788283 1.180310 4.615424
v -0.856469 1.083881 4.547238
v -0.843956 1.139555 4.559751
v -0.856469 1.152067 4.615424
v -0.788283 1.152067 4.547238
v -0.884712 -0.723261 4.615424
v -0.788283 -0.723261 4.518995
v -0.788283 -0.819690 4.615424
v -0.856469 -0.723261 4.547238
v -0.843956 -0.778934 4.559751
v -0.788283 -0.791447 4.547238
v -0.856469 -0.791447 4.615424
v -0.884712 1.083881 6.422566
v -0.788283 1.083881 6.518995
v -0.788283 1.180310 6.422566
v -0.856469 1.083881 6.490752
v -0.843956 1.139555 6.478239
v -0.788283 1.152067 6.490752
v -0.856469 1.152067 6.422566
v -0.788283 -0.819689 6.422566
v -0.788283 -0.723260 6.518995
v -0.884712 -0.723260 6.422566
v -0.788283 -0.791446 6.490752
v -0.843956 -0.778933 6.478239
v -0.856469 -0.723260 6.490752
v -0.856469 -0.791446 6.422566
v 1.018859 3.083882 4.518995
v 1.018859 3.180310 4.615424
v 1.115288 3.083882 4.615424
v 1.018859 3.152067 4.547238
v 1.074532 3.139554 4.559751
v 1.087045 3.152067 4.615424
v 1.087045 3.083882 4.547238
v 1.018859 1.180310 4.615424
v 1.018859 1.276740 4.518995
v 1.115288 1.276740 4.615424
v 1.018859 1.208554 4.547238
v 1.074532 1.221066 4.559751
v 1.087045 1.276740 4.547238
v 1.087045 1.208554 4.615424
v 1.115288 3.083882 6.422566
v 1.018859 3.180310 6.422566
v 1.018859 3.083882 6.518995
v 1.087045 3.152067 6.422566
v 1.074532 3.139554 6.478239
v 1.018859 3.152067 6.490752
v 1.087045 3.083882 6.490752
v 1.115288 1.276740 6.422566
v 1.018859 1.276740 6.518995
v 1.018859 1.180310 6.422566
v 1.087045 1.276740 6.490752
v 1.074532 1.221066 6.478239
v 1.018859 1.208554 6.490752
v 1.087045 1.208554 6.422566
v -0.788283 3.083882 4.518995
v -0.884712 3.083882 4.615424
v -0.788283 3.180310 4.615424
v -0.856469 3.083882 4.547238
v -0.843956 3.139554 4.559751
v -0.856469 3.152067 4.615424
v -0.788283 3.152067 4.547238
v -0.884712 1.276740 4.615424
v -0.788283 1.276740 4.518995
v -0.788283 1.180310 4.615424
v -0.856469 1.276740 4.547238
v -0.843956 1.221066 4.559751
v -0.788283 1.208554 4.547238
v -0.856469 1.208554 4.615424
v -0.884712 3.083882 6.422566
v -0.788283 3.083882 6.518995
v -0.788283 3.180310 6.422566
v -0.856469 3.083882 6.490752
v -0.843956 3.139554 6.478239
v -0.788283 3.152067 6.490752
v -0.856469 3.152067 6.422566
v -0.788283 1.180310 6.422566
v -0.788283 1.276740 6.518995
v -0.884712 1.276740 6.422566
v -0.788283 1.208554 6.490752
v -0.843956 1.221066 6.478239
v -0.856469 1.276740 6.490752
v -0.856469 1.208554 6.422566
v 1.018859 -0.916119 2.518995
v 1.018859 -0.819690 2.615424
v 1.115288 -0.916119 2.615424
v 1.018859 -0.847933 2.547238
v 1.074532 -0.860446 2.559751
v 1.087045 -0.847933 2.615424
v 1.087045 -0.916119 2.547238
v 1.018859 -2.819690 2.615424
v 1.018859 -2.723261 2.518995
v 1.115288 -2.723261 2.615424
v 1.018859 -2.791447 2.547238
v 1.074532 -2.778934 2.559751
v 1.087045 -2.723261 2.547238
v 1.087045 -2.791447 2.615424
v 1.115288 -0.916119 4.422566
v 1.018859 -0.819690 4.422566
v 1.018859 -0.916119 4.518995
v 1.087045 -0.847933 4.422566
v 1.074532 -0.860446 4.478239
v 1.018859 -0.847933 4.490752
v 1.087045 -0.916119 4.490752
v 1.115288 -2.723261 4.422566
v 1.018859 -2.723261 4.518995
v 1.018859 -2.819690 4.422566
v 1.087045 -2.723261 4.490752
v 1.074532 -2.778934 4.478240
v 1.018859 -2.791447 4.490752
v 1.087045 -2.791447 4.422566
v -0.788283 -0.916119 2.518995
v -0.884712 -0.916119 2.615424
v -0.788283 -0.819690 2.615424
v -0.856469 -0.916119 2.547238
v -0.843956 -0.860446 2.559751
v -0.856469 -0.847933 2.615424
v -0.788283 -0.847933 2.547238
v -0.884712 -2.723261 2.615424
v -0.788283 -2.723261 2.518995
v -0.788283 -2.819690 2.615424
v -0.856469 -2.723261 2.547238
v -0.843956 -2.778934 2.559751
v -0.788283 -2.791447 2.547238
v -0.856469 -2.791447 2.615424
v -0.884712 -0.916119 4.422566
v -0.788283 -0.916119 4.518995
v -0.788283 -0.819690 4.422566
v -0.856469 -0.916119 4.490752
v -0.843956 -0.860446 4.478239
v -0.788283 -0.847933 4.490752
v -0.856469 -0.847933 4.422566
v -0.788283 -2.819690 4.422566
v -0.788283 -2.723261 4.518995
v -0.884712 -2.723261 4.422566
v -0.788283 -2.791447 4.490752
v -0.843956 -2.778934 4.478240
v -0.856469 -2.723261 4.490752
v -0.856469 -2.791447 4.422566
v 1.018859 1.083881 2.518995
v 1.018859 1.180310 2.615424
v 1.115288 1.083881 2.615424
v 1.018859 1.152067 2.547238
v 1.074532 1.139554 2.559751
v 1.087045 1.152067 2.615424
v 1.087045 1.083881 2.547238
v 1.018859 -0.819690 2.615424
v 1.018859 -0.723261 2.518995
v 1.115288 -0.723261 2.615424
v 1.018859 -0.791447 2.547238
v 1.074532 -0.778934 2.559751
v 1.087045 -0.723261 2.547238
v 1.087045 -0.791447 2.615424
v 1.115288 1.083881 4.422566
v 1.018859 1.180310 4.422566
v 1.018859 1.083881 4.518995
v 1.087045 1.152067 4.422566
v 1.074532 1.139555 4.478239
v 1.018859 1.152067 4.490752
v 1.087045 1.083881 4.490752
v 1.115288 -0.723261 4.422566
v 1.018859 -0.723261 4.518995
v 1.018859 -0.819690 4.422566
v 1.087045 -0.723261 4.490752
v 1.074532 -0.778934 4.478239
v 1.018859 -0.791447 4.490752
v 1.087045 -0.791447 4.422566
v -0.788283 1.083881 2.518995
v -0.884712 1.083881 2.615424
v -0.788283 1.180310 2.615424
v -0.856469 1.083881 2.547238
v -0.843956 1.139554 2.559751
v -0.856469 1.152067 2.615424
v -0.788283 1.152067 2.547238
v -0.884712 -0.723261 2.615424
v -0.788283 -0.723261 2.518995
v -0.788283 -0.819690 2.615424
v -0.856469 -0.723261 2.547238
v -0.843956 -0.778934 2.559751
v -0.788283 -0.791447 2.547238
v -0.856469 -0.791447 2.615424
v -0.884712 1.083881 4.422566
v -0.788283 1.083881 4.518995
v -0.788283 1.180310 4.422566
v -0.856469 1.083881 4.490752
v -0.843956 1.139555 4.478239
v -0.788283 1.152067 4.490752
v -0.856469 1.152067 4.422566
v -0.788283 -0.819690 4.422566
v -0.788283 -0.723261 4.518995
v -0.884712 -0.723261 4.422566
v -0.788283 -0.791447 4.490752
v -0.843956 -0.778934 4.478239
v -0.856469 -0.723261 4.490752
v -0.856469 -0.791447 4.422566
v 1.018859 3.083882 2.518995
v 1.018859 3.180310 2.615424
v 1.115288 3.083882 2.615424
v 1.018859 3.152067 2.547238
v 1.074532 3.139554 2.559751
v 1.087045 3.152067 2.615424
v 1.087045 3.083882 2.547238
v 1.018859 1.180310 2.615424
v 1.018859 1.276739 2.518995
v 1.115288 1.276739 2.615424
v 1.018859 1.208553 2.547238
v 1.074532 1.221066 2.559751
v 1.087045 1.276739 2.547238
v 1.087045 1.208553 2.615424
v 1.115288 3.083882 4.422566
v 1.018859 3.180310 4.422566
v 1.018859 3.083882 4.518995
v 1.087045 3.152067 4.422566
v 1.074532 3.139554 4.478239
v 1.018859 3.152067 4.490752
v 1.087045 3.083882 4.490752
v 1.115288 1.276740 4.422566
v 1.018859 1.276740 4.518995
v 1.018859 1.180310 4.422566
v 1.087045 1.276740 4.490752
v 1.074532 1.221066 4.478239
v 1.018859 1.208554 4.490752
v 1.087045 1.208554 4.422566
v -0.788283 3.083882 2.518995
v -0.884712 3.083882 2.615424
v -0.788283 3.180310 2.615424
v -0.856469 3.083882 2.547238
v -0.843956 3.139554 2.559751
v -0.856469 3.152067 2.615424
v -0.788283 3.152067 2.547238
v -0.884712 1.276739 2.615424
v -0.788283 1.276739 2.518995
v -0.788283 1.180310 2.615424
v -0.856469 1.276739 2.547238
v -0.843956 1.221066 2.559751
v -0.788283 1.208553 2.547238
v -0.856469 1.208553 2.615424
v -0.884712 3.083882 4.422566
v -0.788283 3.083882 4.518995
v -0.788283 3.180310 4.422566
v -0.856469 3.083882 4.490752
v -0.843956 3.139554 4.478239
v -0.788283 3.152067 4.490752
v -0.856469 3.152067 4.422566
v -0.788283 1.180310 4.422566
v -0.788283 1.276740 4.518995
v -0.884712 1.276740 4.422566
v -0.788283 1.208554 4.490752
v -0.843956 1.221066 4.478239
v -0.856469 1.276740 4.490752
v -0.856469 1.208554 4.422566
v 1.018859 -0.916119 0.518995
v 1.018859 -0.819690 0.615424
v 1.115288 -0.916119 0.615424
v 1.018859 -0.847933 0.547238
v 1.074532 -0.860446 0.559752
v 1.087045 -0.847933 0.615424
v 1.087045 -0.916119 0.547238
v 1.018859 -2.819690 0.615424
v 1.018859 -2.723261 0.518995
v 1.115288 -2.723261 0.615424
v 1.018859 -2.791447 0.547238
v 1.074532 -2.778934 0.559752
v 1.087045 -2.723261 0.547238
v 1.087045 -2.791447 0.615424
v 1.115288 -0.916119 2.422566
v 1.018859 -0.819690 2.422566
v 1.018859 -0.916119 2.518995
v 1.087045 -0.847933 2.422566
v 1.074532 -0.860446 2.478239
v 1.018859 -0.847933 2.490752
v 1.087045 -0.916119 2.490752
v 1.115288 -2.723261 2.422566
v 1.018859 -2.723261 2.518995
v 1.018859 -2.819690 2.422566
v 1.087045 -2.723261 2.490752
v 1.074532 -2.778934 2.478239
v 1.018859 -2.791447 2.490752
v 1.087045 -2.791447 2.422566
v -0.788283 -0.916119 0.518995
v -0.884712 -0.916119 0.615424
v -0.788283 -0.819690 0.615424
v -0.856469 -0.916119 0.547238
v -0.843956 -0.860446 0.559752
v -0.856469 -0.847933 0.615424
v -0.788283 -0.847933 0.547238
v -0.884712 -2.723261 0.615424
v -0.788283 -2.723261 0.518995
v -0.788283 -2.819690 0.615424
v -0.856469 -2.723261 0.547238
v -0.843956 -2.778934 0.559752
v -0.788283 -2.791447 0.547238
v -0.856469 -2.791447 0.615424
v -0.884712 -0.916119 2.422566
v -0.788283 -0.916119 2.518995
v -0.788283 -0.819690 2.422566
v -0.856469 -0.916119 2.490752
v -0.843956 -0.860446 2.478239
v -0.788283 -0.847933 2.490752
v -0.856469 -0.847933 2.422566
v -0.788283 -2.819690 2.422566
v -0.788283 -2.723261 2.518995
v -0.884712 -2.723261 2.422566
v -0.788283 -2.791447 2.490752
v -0.843956 -2.778934 2.478239
v -0.856469 -2.723261 2.490752
v -0.856469 -2.791447 2.422566
v 1.018859 1.083881 0.518995
v 1.018859 1.180310 0.615424
v 1.115288 1.083881 0.615424
v 1.018859 1.152067 0.547238
v 1.074532 1.139554 0.559752
v 1.087045 1.152067 0.615424
v 1.087045 1.083881 0.547238
v 1.018859 -0.819690 0.615424
v 1.018859 -0.723261 0.518995
v 1.115288 -0.723261 0.615424
v 1.018859 -0.791447 0.547238
v 1.074532 -0.778934 0.559752
v 1.087045 -0.723261 0.547238
v 1.087045 -0.791447 0.615424
v 1.115288 1.083881 2.422566
v 1.018859 1.180310 2.422566
v 1.018859 1.083881 2.518995
v 1.087045 1.152067 2.422566
v 1.074532 1.139554 2.478239
v 1.018859 1.152067 2.490752
v 1.087045 1.083881 2.490752
v 1.115288 -0.723261 2.422566
v 1.018859 -0.723261 2.518995
v 1.018859 -0.819690 2.422566
v 1.087045 -0.723261 2.490752
v 1.074532 -0.778934 2.478239
v 1.018859 -0.791447 2.490752
v 1.087045 -0.791447 2.422566
v -0.788283 1.083881 0.518995
v -0.884712 1.083881 0.615424
v -0.788283 1.180310 0.615424
v -0.856469 1.083881 0.547238
v -0.843956 1.139554 0.559752
v -0.856469 1.152067 0.615424
v -0.788283 1.152067 0.547238
v -0.884712 -0.723261 0.615424
v -0.788283 -0.723261 0.518995
v -0.788283 -0.819690 0.615424
v -0.856469 -0.723261 0.547238
v -0.843956 -0.778934 0.559752
v -0.788283 -0.791447 0.547238
v -0.856469 -0.791447 0.615424
v -0.884712 1.083881 2.422566
v -0.788283 1.083881 2.518995
v -0.788283 1.180310 2.422566
v -0.856469 1.083881 2.490752
v -0.843956 1.139554 2.478239
v -0.788283 1.152067 2.490752
v -0.856469 1.152067 2.422566
v -0.788283 -0.819690 2.422566
v -0.788283 -0.723261 2.518995
v -0.884712 -0.723261 2.422566
v -0.788283 -0.791447 2.490752
v -0.843956 -0.778934 2.478239
v -0.856469 -0.723261 2.490752
v -0.856469 -0.791447 2.422566
v 1.018859 3.083881 0.518995
v 1.018859 3.180310 0.615424
v 1.115288 3.083881 0.615424
v 1.018859 3.152067 0.547238
v 1.074532 3.139554 0.559751
v 1.087045 3.152067 0.615424
v 1.087045 3.083881 0.547238
v 1.018859 1.180310 0.615424
v 1.018859 1.276739 0.518995
v 1.115288 1.276739 0.615424
v 1.018859 1.208553 0.547238
v 1.074532 1.221066 0.559752
v 1.087045 1.276739 0.547238
v 1.087045 1.208553 0.615424
v 1.115288 3.083882 2.422566
v 1.018859 3.180310 2.422566
v 1.018859 3.083882 2.518995
v 1.087045 3.152067 2.422566
v 1.074532 3.139554 2.478239
v 1.018859 3.152067 2.490752
v 1.087045 3.083882 2.490752
v 1.115288 1.276739 2.422566
v 1.018859 1.276739 2.518995
v 1.018859 1.180310 2.422566
v 1.087045 1.276739 2.490752
v 1.074532 1.221066 2.478239
v 1.018859 1.208553 2.490752
v 1.087045 1.208553 2.422566
v -0.788283 3.083881 0.518995
v -0.884712 3.083881 0.615424
v -0.788283 3.180310 0.615424
v -0.856469 3.083881 0.547238
v -0.843956 3.139554 0.559751
v -0.856469 3.152067 0.615424
v -0.788283 3.152067 0.547238
v -0.884712 1.276739 0.615424
v -0.788283 1.276739 0.518995
v -0.788283 1.180310 0.615424
v -0.856469 1.276739 0.547238
v -0.843956 1.221066 0.559752
v -0.788283 1.208553 0.547238
v -0.856469 1.208553 0.615424
v -0.884712 3.083882 2.422566
v -0.788283 3.083882 2.518995
v -0.788283 3.180310 2.422566
v -0.856469 3.083882 2.490752
v -0.843956 3.139554 2.478239
v -0.788283 3.152067 2.490752
v -0.856469 3.152067 2.422566
v -0.788283 1.180310 2.422566
v -0.788283 1.276739 2.518995
v -0.884712 1.276739 2.422566
v -0.788283 1.208553 2.490752
v -0.843956 1.221066 2.478239
v -0.856469 1.276739 2.490752
v -0.856469 1.208553 2.422566
v 3.018859 -0.916119 4.518995
v 3.018859 -0.819690 4.615424
v 3.115288 -0.916119 4.615424
v 3.018859 -0.847933 4.547238
v 3.074532 -0.860446 4.559751
v 3.087045 -0.847933 4.615424
v 3.087045 -0.916119 4.547238
v 3.018859 -2.819690 4.615424
v 3.018859 -2.723261 4.518995
v 3.115288 -2.723261 4.615424
v 3.018859 -2.791447 4.547238
v 3.074532 -2.778934 4.559752
v 3.087045 -2.723261 4.547238
v 3.087045 -2.791447 4.615424
v 3.115288 -0.916118 6.422566
v 3.018859 -0.819689 6.422566
v 3.018859 -0.916118 6.518995
v 3.087045 -0.847932 6.422566
v 3.074532 -0.860445 6.478239
v 3.018859 -0.847932 6.490752
v 3.087045 -0.916118 6.490752
v 3.115288 -2.723260 6.422566
v 3.018859 -2.723260 6.518995
v 3.018859 -2.819690 6.422566
v 3.087045 -2.723260 6.490752
v 3.074532 -2.778934 6.478240
v 3.018859 -2.791446 6.490752
v 3.087045 -2.791446 6.422566
v 1.211717 -0.916119 4.518995
v 1.115288 -0.916119 4.615424
v 1.211717 -0.819690 4.615424
v 1.143531 -0.916119 4.547238
v 1.156044 -0.860446 4.559751
v 1.143531 -0.847933 4.615424
v 1.211717 -0.847933 4.547238
v 1.115288 -2.723261 4.615424
v 1.211717 -2.723261 4.518995
v 1.211717 -2.819690 4.615424
v 1.143531 -2.723261 4.547238
v 1.156044 -2.778934 4.559752
v 1.211717 -2.791447 4.547238
v 1.143531 -2.791447 4.615424
v 1.115288 -0.916118 6.422566
v 1.211717 -0.916118 6.518995
v 1.211717 -0.819689 6.422566
v 1.143531 -0.916118 6.490752
v 1.156044 -0.860445 6.478239
v 1.211717 -0.847932 6.490752
v 1.143531 -0.847932 6.422566
v 1.211717 -2.819690 6.422566
v 1.211717 -2.723260 6.518995
v 1.115288 -2.723260 6.422566
v 1.211717 -2.791446 6.490752
v 1.156044 -2.778934 6.478240
v 1.143531 -2.723260 6.490752
v 1.143531 -2.791446 6.422566
v 3.018859 1.083881 4.518995
v 3.018859 1.180310 4.615424
v 3.115288 1.083881 4.615424
v 3.018859 1.152067 4.547238
v 3.074532 1.139555 4.559751
v 3.087045 1.152067 4.615424
v 3.087045 1.083881 4.547238
v 3.018859 -0.819690 4.615424
v 3.018859 -0.723261 4.518995
v 3.115288 -0.723261 4.615424
v 3.018859 -0.791447 4.547238
v 3.074532 -0.778934 4.559751
v 3.087045 -0.723261 4.547238
v 3.087045 -0.791447 4.615424
v 3.115288 1.083881 6.422566
v 3.018859 1.180310 6.422566
v 3.018859 1.083881 6.518995
v 3.087045 1.152067 6.422566
v 3.074532 1.139555 6.478239
v 3.018859 1.152067 6.490752
v 3.087045 1.083881 6.490752
v 3.115288 -0.723260 6.422566
v 3.018859 -0.723260 6.518995
v 3.018859 -0.819689 6.422566
v 3.087045 -0.723260 6.490752
v 3.074532 -0.778933 6.478239
v 3.018859 -0.791446 6.490752
v 3.087045 -0.791446 6.422566
v 1.211717 1.083881 4.518995
v 1.115288 1.083881 4.615424
v 1.211717 1.180310 4.615424
v 1.143531 1.083881 4.547238
v 1.156044 1.139555 4.559751
v 1.143531 1.152067 4.615424
v 1.211717 1.152067 4.547238
v 1.115288 -0.723261 4.615424
v 1.211717 -0.723261 4.518995
v 1.211717 -0.819690 4.615424
v 1.143531 -0.723261 4.547238
v 1.156044 -0.778934 4.559751
v 1.211717 -0.791447 4.547238
v 1.143531 -0.791447 4.615424
v 1.115288 1.083881 6.422566
v 1.211717 1.083881 6.518995
v 1.211717 1.180310 6.422566
v 1.143531 1.083881 6.490752
v 1.156044 1.139555 6.478239
v 1.211717 1.152067 6.490752
v 1.143531 1.152067 6.422566
v 1.211717 -0.819689 6.422566
v 1.211717 -0.723260 6.518995
v 1.115288 -0.723260 6.422566
v 1.211717 -0.791446 6.490752
v 1.156044 -0.778933 6.478239
v 1.143531 -0.723260 6.490752
v 1.143531 -0.791446 6.422566
v 3.018859 3.083882 4.518995
v 3.018859 3.180310 4.615424
v 3.115288 3.083882 4.615424
v 3.018859 3.152067 4.547238
v 3.074532 3.139554 4.559751
v 3.087045 3.152067 4.615424
v 3.087045 3.083882 4.547238
v 3.018859 1.180310 4.615424
v 3.018859 1.276740 4.518995
v 3.115288 1.276740 4.615424
v 3.018859 1.208554 4.547238
v 3.074532 1.221066 4.559751
v 3.087045 1.276740 4.547238
v 3.087045 1.208554 4.615424
v 3.115288 3.083882 6.422566
v 3.018859 3.180310 6.422566
v 3.018859 3.083882 6.518995
v 3.087045 3.152067 6.422566
v 3.074532 3.139554 6.478239
v 3.018859 3.152067 6.490752
v 3.087045 3.083882 6.490752
v 3.115288 1.276740 6.422566
v 3.018859 1.276740 6.518995
v 3.018859 1.180310 6.422566
v 3.087045 1.276740 6.490752
v 3.074532 1.221066 6.478239
v 3.018859 1.208554 6.490752
v 3.087045 1.208554 6.422566
v 1.211717 3.083882 4.518995
v 1.115288 3.083882 4.615424
v 1.211717 3.180310 4.615424
v 1.143531 3.083882 4.547238
v 1.156044 3.139554 4.559751
v 1.143531 3.152067 4.615424
v 1.211717 3.152067 4.547238
v 1.115288 1.276740 4.615424
v 1.211717 1.276740 4.518995
v 1.211717 1.180310 4.615424
v 1.143531 1.276740 4.547238
v 1.156044 1.221066 4.559751
v 1.211717 1.208554 4.547238
v 1.143531 1.208554 4.615424
v 1.115288 3.083882 6.422566
v 1.211717 3.083882 6.518995
v 1.211717 3.180310 6.422566
v 1.143531 3.083882 6.490752
v 1.156044 3.139554 6.478239
v 1.211717 3.152067 6.490752
v 1.143531 3.152067 6.422566
v 1.211717 1.180310 6.422566
v 1.211717 1.276740 6.518995
v 1.115288 1.276740 6.422566
v 1.211717 1.208554 6.490752
v 1.156044 1.221066 6.478239
v 1.143531 1.276740 6.490752
v 1.143531 1.208554 6.422566
v 3.018859 -0.916119 2.518995
v 3.018859 -0.819690 2.615424
v 3.115288 -0.916119 2.615424
v 3.018859 -0.847933 2.547238
v 3.074532 -0.860446 2.559751
v 3.087045 -0.847933 2.615424
v 3.087045 -0.916119 2.547238
v 3.018859 -2.819690 2.615424
v 3.018859 -2.723261 2.518995
v 3.115288 -2.723261 2.615424
v 3.018859 -2.791447 2.547238
v 3.074532 -2.778934 2.559751
v 3.087045 -2.723261 2.547238
v 3.087045 -2.791447 2.615424
v 3.115288 -0.916119 4.422566
v 3.018859 -0.819690 4.422566
v 3.018859 -0.916119 4.518995
v 3.087045 -0.847933 4.422566
v 3.074532 -0.860446 4.478239
v 3.018859 -0.847933 4.490752
v 3.087045 -0.916119 4.490752
v 3.115288 -2.723261 4.422566
v 3.018859 -2.723261 4.518995
v 3.018859 -2.819690 4.422566
v 3.087045 -2.723261 4.490752
v 3.074532 -2.778934 4.478240
v 3.018859 -2.791447 4.490752
v 3.087045 -2.791447 4.422566
v 1.211717 -0.916119 2.518995
v 1.115288 -0.916119 2.615424
v 1.211717 -0.819690 2.615424
v 1.143531 -0.916119 2.547238
v 1.156044 -0.860446 2.559751
v 1.143531 -0.847933 2.615424
v 1.211717 -0.847933 2.547238
v 1.115288 -2.723261 2.615424
v 1.211717 -2.723261 2.518995
v 1.211717 -2.819690 2.615424
v 1.143531 -2.723261 2.547238
v 1.156044 -2.778934 2.559751
v 1.211717 -2.791447 2.547238
v 1.143531 -2.791447 2.615424
v 1.115288 -0.916119 4.422566
v 1.211717 -0.916119 4.518995
v 1.211717 -0.819690 4.422566
v 1.143531 -0.916119 4.490752
v 1.156044 -0.860446 4.478239
v 1.211717 -0.847933 4.490752
v 1.143531 -0.847933 4.422566
v 1.211717 -2.819690 4.422566
v 1.211717 -2.723261 4.518995
v 1.115288 -2.723261 4.422566
v 1.211717 -2.791447 4.490752
v 1.156044 -2.778934 4.478240
v 1.143531 -2.723261 4.490752
v 1.143531 -2.791447 4.422566
v 3.018859 1.083881 2.518995
v 3.018859 1.180310 2.615424
v 3.115288 1.083881 2.615424
v 3.018859 1.152067 2.547238
v 3.074532 1.139554 2.559751
v 3.087045 1.152067 2.615424
v 3.087045 1.083881 2.547238
v 3.018859 -0.819690 2.615424
v 3.018859 -0.723261 2.518995
v 3.115288 -0.723261 2.615424
v 3.018859 -0.791447 2.547238
v 3.074532 -0.778934 2.559751
v 3.087045 -0.723261 2.547238
v 3.087045 -0.791447 2.615424
v 3.115288 1.083881 4.422566
v 3.018859 1.180310 4.422566
v 3.018859 1.083881 4.518995
v 3.087045 1.152067 4.422566
v 3.074532 1.139555 4.478239
v 3.018859 1.152067 4.490752
v 3.087045 1.083881 4.490752
v 3.115288 -0.723261 4.422566
v 3.018859 -0.723261 4.518995
v 3.018859 -0.819690 4.422566
v 3.087045 -0.723261 4.490752
v 3.074532 -0.778934 4.478239
v 3.018859 -0.791447 4.490752
v 3.087045 -0.791447 4.422566
v 1.211717 1.083881 2.518995
v 1.115288 1.083881 2.615424
v 1.211717 1.180310 2.615424
v 1.143531 1.083881 2.547238
v 1.156044 1.139554 2.559751
v 1.143531 1.152067 2.615424
v 1.211717 1.152067 2.547238
v 1.115288 -0.723261 2.615424
v 1.211717 -0.723261 2.518995
v 1.211717 -0.819690 2.615424
v 1.143531 -0.723261 2.547238
v 1.156044 -0.778934 2.559751
v 1.211717 -0.791447 2.547238
v 1.143531 -0.791447 2.615424
v 1.115288 1.083881 4.422566
v 1.211717 1.083881 4.518995
v 1.211717 1.180310 4.422566
v 1.143531 1.083881 4.490752
v 1.156044 1.139555 4.478239
v 1.211717 1.152067 4.490752
v 1.143531 1.152067 4.422566
v 1.211717 -0.819690 4.422566
v 1.211717 -0.723261 4.518995
v 1.115288 -0.723261 4.422566
v 1.211717 -0.791447 4.490752
v 1.156044 -0.778934 4.478239
v 1.143531 -0.723261 4.490752
v 1.143531 -0.791447 4.422566
v 3.018859 3.083882 2.518995
v 3.018859 3.180310 2.615424
v 3.115288 3.083882 2.615424
v 3.018859 3.152067 2.547238
v 3.074532 3.139554 2.559751
v 3.087045 3.152067 2.615424
v 3.087045 3.083882 2.547238
v 3.018859 1.180310 2.615424
v 3.018859 1.276739 2.518995
v 3.115288 1.276739 2.615424
v 3.018859 1.208553 2.547238
v 3.074532 1.221066 2.559751
v 3.087045 1.276739 2.547238
v 3.087045 1.208553 2.615424
v 3.115288 3.083882 4.422566
v 3.018859 3.180310 4.422566
v 3.018859 3.083882 4.518995
v 3.087045 3.152067 4.422566
v 3.074532 3.139554 4.478239
v 3.018859 3.152067 4.490752
v 3.087045 3.083882 4.490752
v 3.115288 1.276740 4.422566
v 3.018859 1.276740 4.518995
v 3.018859 1.180310 4.422566
v 3.087045 1.276740 4.490752
v 3.074532 1.221066 4.478239
v 3.018859 1.208554 4.490752
v 3.087045 1.208554 4.422566
v 1.211717 3.083882 2.518995
v 1.115288 3.083882 2.615424
v 1.211717 3.180310 2.615424
v 1.143531 3.083882 2.547238
v 1.156044 3.139554 2.559751
v 1.143531 3.152067 2.615424
v 1.211717 3.152067 2.547238
v 1.115288 1.276739 2.615424
v 1.211717 1.276739 2.518995
v 1.211717 1.180310 2.615424
v 1.143531 1.276739 2.547238
v 1.156044 1.221066 2.559751
v 1.211717 1.208553 2.547238
v 1.143531 1.208553 2.615424
v 1.115288 3.083882 4.422566
v 1.211717 3.083882 4.518995
v 1.211717 3.180310 4.422566
v 1.143531 3.083882 4.490752
v 1.156044 3.139554 4.478239
v 1.211717 3.152067 4.490752
v 1.143531 3.152067 4.422566
v 1.211717 1.180310 4.422566
v 1.211717 1.276740 4.518995
v 1.115288 1.276740 4.422566
v 1.211717 1.208554 4.490752
v 1.156044 1.221066 4.478239
v 1.143531 1.276740 4.490752
v 1.143531 1.208554 4.422566
v 3.018859 -0.916119 0.518995
v 3.018859 -0.819690 0.615424
v 3.115288 -0.916119 0.615424
v 3.018859 -0.847933 0.547238
v 3.074532 -0.860446 0.559752
v 3.087045 -0.847933 0.615424
v 3.087045 -0.916119 0.547238
v 3.018859 -2.819690 0.615424
v 3.018859 -2.723261 0.518995
v 3.115288 -2.723261 0.615424
v 3.018859 -2.791447 0.547238
v 3.074532 -2.778934 0.559752
v 3.087045 -2.723261 0.547238
v 3.087045 -2.791447 0.615424
v 3.115288 -0.916119 2.422566
v 3.018859 -0.819690 2.422566
v 3.018859 -0.916119 2.518995
v 3.087045 -0.847933 2.422566
v 3.074532 -0.860446 2.478239
v 3.018859 -0.847933 2.490752
v 3.087045 -0.916119 2.490752
v 3.115288 -2.723261 2.422566
v 3.018859 -2.723261 2.518995
v 3.018859 -2.819690 2.422566
v 3.087045 -2.723261 2.490752
v 3.074532 -2.778934 2.478239
v 3.018859 -2.791447 2.490752
v 3.087045 -2.791447 2.422566
v 1.211717 -0.916119 0.518995
v 1.115288 -0.916119 0.615424
v 1.211717 -0.819690 0.615424
v 1.143531 -0.916119 0.547238
v 1.156044 -0.860446 0.559752
v 1.143531 -0.847933 0.615424
v 1.211717 -0.847933 0.547238
v 1.115288 -2.723261 0.615424
v 1.211717 -2.723261 0.518995
v 1.211717 -2.819690 0.615424
v 1.143531 -2.723261 0.547238
v 1.156044 -2.778934 0.559752
v 1.211717 -2.791447 0.547238
v 1.143531 -2.791447 0.615424
v 1.115288 -0.916119 2.422566
v 1.211717 -0.916119 2.518995
v 1.211717 -0.819690 2.422566
v 1.143531 -0.916119 2.490752
v 1.156044 -0.860446 2.478239
v 1.211717 -0.847933 2.490752
v 1.143531 -0.847933 2.422566
v 1.211717 -2.819690 2.422566
v 1.211717 -2.723261 2.518995
v 1.115288 -2.723261 2.422566
v 1.211717 -2.791447 2.490752
v 1.156044 -2.778934 2.478239
v 1.143531 -2.723261 2.490752
v 1.143531 -2.791447 2.422566
v 3.018859 1.083881 0.518995
v 3.018859 1.180310 0.615424
v 3.115288 1.083881 0.615424
v 3.018859 1.152067 0.547238
v 3.074532 1.139554 0.559752
v 3.087045 1.152067 0.615424
v 3.087045 1.083881 0.547238
v 3.018859 -0.819690 0.615424
v 3.018859 -0.723261 0.518995
v 3.115288 -0.723261 0.615424
v 3.018859 -0.791447 0.547238
v 3.074532 -0.778934 0.559752
v 3.087045 -0.723261 0.547238
v 3.087045 -0.791447 0.615424
v 3.115288 1.083881 2.422566
v 3.018859 1.180310 2.422566
v 3.018859 1.083881 2.518995
v 3.087045 1.152067 2.422566
v 3.074532 1.139554 2.478239
v 3.018859 1.152067 2.490752
v 3.087045 1.083881 2.490752
v 3.115288 -0.723261 2.422566
v 3.018859 -0.723261 2.518995
v 3.018859 -0.819690 2.422566
v 3.087045 -0.723261 2.490752
v 3.074532 -0.778934 2.478239
v 3.018859 -0.791447 2.490752
v 3.087045 -0.791447 2.422566
v 1.211717 1.083881 0.518995
v 1.115288 1.083881 0.615424
v 1.211717 1.180310 0.615424
v 1.143531 1.083881 0.547238
v 1.156044 1.139554 0.559752
v 1.143531 1.152067 0.615424
v 1.211717 1.152067 0.547238
v 1.115288 -0.723261 0.615424
v 1.211717 -0.723261 0.518995
v 1.211717 -0.819690 0.615424
v 1.143531 -0.723261 0.547238
v 1.156044 -0.778934 0.559752
v 1.211717 -0.791447 0.547238
v 1.143531 -0.791447 0.615424
v 1.115288 1.083881 2.422566
v 1.211717 1.083881 2.518995
v 1.211717 1.180310 2.422566
v 1.143531 1.083881 2.490752
v 1.156044 1.139554 2.478239
v 1.211717 1.152067 2.490752
v 1.143531 1.152067 2.422566
v 1.211717 -0.819690 2.422566
v 1.211717 -0.723261 2.518995
v 1.115288 -0.723261 2.422566
v 1.211717 -0.791447 2.490752
v 1.156044 -0.778934 2.478239
v 1.143531 -0.723261 2.490752
v 1.143531 -0.791447 2.422566
v 3.018859 3.083881 0.518995
v 3.018859 3.180310 0.615424
v 3.115288 3.083881 0.615424
v 3.018859 3.152067 0.547238
v 3.074532 3.139554 0.559751
v 3.087045 3.152067 0.615424
v 3.087045 3.083881 0.547238
v 3.018859 1.180310 0.615424
v 3.018859 1.276739 0.518995
v 3.115288 1.276739 0.615424
v 3.018859 1.208553 0.547238
v 3.074532 1.221066 0.559752
v 3.087045 1.276739 0.547238
v 3.087045 1.208553 0.615424
v 3.115288 3.083882 2.422566
v 3.018859 3.180310 2.422566
v 3.018859 3.083882 2.518995
v 3.087045 3.152067 2.422566
v 3.074532 3.139554 2.478239
v 3.018859 3.152067 2.490752
v 3.087045 3.083882 2.490752
v 3.115288 1.276739 2.422566
v 3.018859 1.276739 2.518995
v 3.018859 1.180310 2.422566
v 3.087045 1.276739 2.490752
v 3.074532 1.221066 2.478239
v 3.018859 1.208553 2.490752
v 3.087045 1.208553 2.422566
v 1.211717 3.083881 0.518995
v 1.115288 3.083881 0.615424
v 1.211717 3.180310 0.615424
v 1.143531 3.083881 0.547238
v 1.156044 3.139554 0.559751
v 1.143531 3.152067 0.615424
v 1.211717 3.152067 0.547238
v 1.115288 1.276739 0.615424
v 1.211717 1.276739 0.518995
v 1.211717 1.180310 0.615424
v 1.143531 1.276739 0.547238
v 1.156044 1.221066 0.559752
v 1.211717 1.208553 0.547238
v 1.143531 1.208553 0.615424
v 1.115288 3.083882 2.422566
v 1.211717 3.083882 2.518995
v 1.211717 3.180310 2.422566
v 1.143531 3.083882 2.490752
v 1.156044 3.139554 2.478239
v 1.211717 3.152067 2.490752
v 1.143531 3.152067 2.422566
v 1.211717 1.180310 2.422566
v 1.211717 1.276739 2.518995
v 1.115288 1.276739 2.422566
v 1.211717 1.208553 2.490752
v 1.156044 1.221066 2.478239
v 1.143531 1.276739 2.490752
v 1.143531 1.208553 2.422566
vn -0.0000 1.0000 -0.0000
vn 1.0000 -0.0000 -0.0000
vn 0.3251 0.3251 -0.8881
vn 0.3251 0.3250 -0.8881
vn 0.3251 0.8881 -0.3251
vn 0.3250 0.8881 -0.3251
vn 0.8881 0.3251 -0.3251
vn 0.8881 0.3251 -0.3250
vn 0.3251 -0.8881 -0.3251
vn 0.3251 -0.8881 -0.3250
vn 0.3251 -0.3251 -0.8881
vn 0.3250 -0.3251 -0.8881
vn 0.8881 -0.3251 -0.3251
vn 0.8881 -0.3250 -0.3251
vn 0.8881 0.3251 0.3251
vn 0.8881 0.3250 0.3251
vn 0.3251 0.8881 0.3251
vn 0.3251 0.8881 0.3250
vn 0.3251 0.3251 0.8881
vn 0.3250 0.3251 0.8881
vn 0.8881 -0.3251 0.3251
vn 0.8881 -0.3251 0.3250
vn 0.3251 -0.3251 0.8881
vn 0.3251 -0.3250 0.8881
vn 0.3251 -0.8881 0.3251
vn 0.3250 -0.8881 0.3251
vn -0.3251 0.3251 -0.8881
vn -0.3250 0.3251 -0.8881
vn -0.8881 0.3251 -0.3251
vn -0.8881 0.3250 -0.3251
vn -0.3251 0.8881 -0.3251
vn -0.3251 0.8881 -0.3250
vn -0.8881 -0.3251 -0.3251
vn -0.8881 -0.3251 -0.3250
vn -0.3251 -0.3251 -0.8881
vn -0.3251 -0.3250 -0.8881
vn -0.3251 -0.8881 -0.3251
vn -0.3250 -0.8881 -0.3251
vn -0.8881 0.3251 0.3251
vn -0.8881 0.3251 0.3250
vn -0.3251 0.3251 0.8881
vn -0.3251 0.3250 0.8881
vn -0.3251 0.8881 0.3251
vn -0.3250 0.8881 0.3251
vn -0.3251 -0.8881 0.3251
vn -0.3251 -0.8881 0.3250
vn -0.3251 -0.3251 0.8881
vn -0.3250 -0.3251 0.8881
vn -0.8881 -0.3251 0.3251
vn -0.8881 -0.3250 0.3251
vn -0.3827 -0.9239 -0.0000
vn -0.9239 -0.3827 -0.0000
vn -0.0000 -0.9239 -0.3827
vn -0.0000 -0.3827 -0.9239
vn 0.9239 -0.0000 -0.3827
vn 0.3827 -0.0000 -0.9239
vn -0.3827 -0.0000 0.9239
vn -0.9239 -0.0000 0.3827
vn 0.3827 -0.0000 0.9239
vn 0.9239 -0.0000 0.3827
vn -0.3827 -0.0000 -0.9239
vn -0.9239 -0.0000 -0.3827
vn -0.0000 0.9239 0.3827
vn -0.0000 0.3827 0.9239
vn 0.3827 0.9239 -0.0000
vn 0.9239 0.3827 -0.0000
vn -0.0000 -0.9239 0.3827
vn -0.0000 -0.3827 0.9239
vn -0.3827 0.9239 -0.0000
vn -0.9239 0.3827 -0.0000
vn -0.0000 0.9239 -0.3827
vn -0.0000 0.3827 -0.9239
vn 0.3827 -0.9239 -0.0000
vn 0.9239 -0.3827 -0.0000
vn -0.0000 -0.0000 -1.0000
vn -0.0000 -1.0000 -0.0000
vn -0.0000 -0.0000 1.0000
vn -1.0000 -0.0000 -0.0000
vn 0.3250 0.3251 -0.8881
vn 0.3251 0.8881 -0.3250
vn 0.8881 0.3250 -0.3251
vn 0.3250 -0.8881 -0.3251
vn 0.3251 -0.3250 -0.8881
vn 0.8881 -0.3251 -0.3250
vn 0.8881 0.3251 0.3250
vn 0.3250 0.8881 0.3251
vn 0.3251 0.3250 0.8881
vn 0.8881 -0.3250 0.3251
vn 0.3250 -0.3251 0.8881
vn 0.3251 -0.8881 0.3250
vn -0.3251 0.3250 -0.8881
vn -0.8881 0.3251 -0.3250
vn -0.3250 0.8881 -0.3251
vn -0.8881 -0.3250 -0.3251
vn -0.3250 -0.3251 -0.8881
vn -0.3251 -0.8881 -0.3250
vn -0.8881 0.3250 0.3251
vn -0.3250 0.3251 0.8881
vn -0.3251 0.8881 0.3250
vn -0.3250 -0.8881 0.3251
vn -0.3251 -0.3250 0.8881
vn -0.8881 -0.3251 0.3250
vt 0.862946 0.512054
vt 0.637054 0.737946
vt 0.637054 0.512054
vt 0.612946 0.512054
vt 0.387054 0.737946
vt 0.387054 0.512054
vt 0.612946 0.487946
vt 0.623302 0.500000
vt 0.612946 0.500000
vt 0.637054 0.500000
vt 0.625000 0.512054
vt 0.362946 0.512054
vt 0.375000 0.501698
vt 0.375000 0.512054
vt 0.387054 0.487946
vt 0.375000 0.487946
vt 0.387054 0.500000
vt 0.612946 0.737946
vt 0.625000 0.748302
vt 0.612946 0.750000
vt 0.625000 0.737946
vt 0.612946 0.762054
vt 0.625000 0.762054
vt 0.376698 0.750000
vt 0.375000 0.737946
vt 0.387054 0.762054
vt 0.387054 0.750000
vt 0.362946 0.737946
vt 0.362946 0.750000
vt 0.612946 0.262054
vt 0.619906 0.250000
vt 0.625000 0.262054
vt 0.612946 0.237946
vt 0.625000 0.244906
vt 0.612946 0.250000
vt 0.869906 0.500000
vt 0.875000 0.512054
vt 0.387054 0.237946
vt 0.380094 0.250000
vt 0.375000 0.237946
vt 0.387054 0.262054
vt 0.375000 0.255094
vt 0.387054 0.250000
vt 0.137054 0.512054
vt 0.125000 0.505094
vt 0.137054 0.500000
vt 0.612946 0.012054
vt 0.619906 0.000000
vt 0.625000 0.012054
vt 0.612946 0.987946
vt 0.625000 0.994906
vt 0.612946 1.000000
vt 0.862946 0.737946
vt 0.875000 0.744906
vt 0.862946 0.750000
vt 0.137054 0.737946
vt 0.130094 0.750000
vt 0.125000 0.737946
vt 0.387054 0.987946
vt 0.380094 1.000000
vt 0.375000 0.987946
vt 0.387054 0.012054
vt 0.375000 0.005094
vt 0.387054 0.000000
vt 0.125000 0.512054
vt 0.375000 0.012054
vt 0.362946 0.500000
vt 0.375000 0.262054
vt 0.387054 1.000000
vt 0.612946 0.000000
vt 0.637054 0.750000
vt 0.625000 0.987946
vt 0.137054 0.750000
vt 0.375000 0.762054
vt 0.875000 0.737946
vt 0.625000 0.237946
vt 0.862946 0.500000
vt 0.625000 0.487946
s 1
usemtl Material.001
f 31/1/1 16/2/1 2/3/1
f 3/4/2 22/5/2 10/6/2
f 1/7/3 5/8/3 7/9/4
f 2/3/5 5/8/5 4/10/6
f 3/4/7 5/8/7 6/11/8
f 8/12/9 12/13/9 14/14/10
f 9/15/11 12/13/11 11/16/12
f 10/6/13 12/13/13 13/17/14
f 15/18/15 19/19/15 21/20/16
f 16/2/17 19/19/17 18/21/18
f 17/22/19 19/19/19 20/23/20
f 22/5/21 26/24/21 28/25/22
f 23/26/23 26/24/23 25/27/24
f 24/28/25 26/24/25 27/29/26
f 29/30/27 33/31/27 35/32/28
f 30/33/29 33/34/29 32/35/30
f 31/1/31 33/36/31 34/37/32
f 36/38/33 40/39/33 42/40/34
f 37/41/35 40/42/35 39/43/36
f 38/44/37 40/45/37 41/46/38
f 43/47/39 47/48/39 49/49/40
f 44/50/41 47/51/41 46/52/42
f 45/53/43 47/54/43 48/55/44
f 50/56/45 54/57/45 56/58/46
f 51/59/47 54/60/47 53/61/48
f 52/62/49 54/63/49 55/64/50
f 50/56/51 42/65/51 38/44/51
f 56/66/52 36/38/52 42/40/52
f 38/44/53 11/67/53 8/12/53
f 41/68/54 9/15/54 11/16/54
f 10/6/55 7/9/55 3/4/55
f 13/17/56 1/7/56 7/9/56
f 44/50/57 55/69/57 51/59/57
f 46/70/58 52/62/58 55/64/58
f 23/26/59 21/20/59 17/22/59
f 25/27/60 15/18/60 21/20/60
f 37/41/61 32/35/61 29/30/61
f 39/43/62 30/33/62 32/35/62
f 45/53/63 20/71/63 16/2/63
f 48/72/64 17/22/64 20/23/64
f 16/2/65 6/11/65 2/3/65
f 18/21/66 3/4/66 6/11/66
f 24/28/67 53/73/67 50/56/67
f 27/74/68 51/59/68 53/61/68
f 31/1/69 49/75/69 45/53/69
f 34/76/70 43/47/70 49/49/70
f 2/3/71 35/77/71 31/1/71
f 4/78/72 29/30/72 35/32/72
f 8/12/73 28/25/73 24/28/73
f 14/14/74 22/5/74 28/25/74
f 29/30/75 9/15/75 37/41/75
f 64/12/76 106/56/76 94/44/76
f 87/1/1 72/2/1 58/3/1
f 59/4/2 78/5/2 66/6/2
f 57/7/3 61/8/3 63/9/4
f 58/3/5 61/8/5 60/10/6
f 59/4/7 61/8/7 62/11/8
f 64/12/9 68/13/9 70/14/10
f 65/15/11 68/13/11 67/16/12
f 66/6/13 68/13/13 69/17/14
f 71/18/15 75/19/15 77/20/16
f 72/2/17 75/19/17 74/21/18
f 73/22/19 75/19/19 76/23/20
f 78/5/21 82/24/21 84/25/22
f 79/26/23 82/24/23 81/27/24
f 80/28/25 82/24/25 83/29/26
f 85/30/27 89/31/27 91/32/28
f 86/33/29 89/34/29 88/35/30
f 87/1/31 89/36/31 90/37/32
f 92/38/33 96/39/33 98/40/34
f 93/41/35 96/42/35 95/43/36
f 94/44/37 96/45/37 97/46/38
f 99/47/39 103/48/39 105/49/40
f 100/50/41 103/51/41 102/52/42
f 101/53/43 103/54/43 104/55/44
f 106/56/45 110/57/45 112/58/46
f 107/59/47 110/60/47 109/61/48
f 108/62/49 110/63/49 111/64/50
f 106/56/51 98/65/51 94/44/51
f 112/66/52 92/38/52 98/40/52
f 94/44/53 67/67/53 64/12/53
f 97/68/54 65/15/54 67/16/54
f 66/6/55 63/9/55 59/4/55
f 69/17/56 57/7/56 63/9/56
f 100/50/57 111/69/57 107/59/57
f 102/70/58 108/62/58 111/64/58
f 79/26/59 77/20/59 73/22/59
f 81/27/60 71/18/60 77/20/60
f 93/41/61 88/35/61 85/30/61
f 95/43/62 86/33/62 88/35/62
f 101/53/63 76/71/63 72/2/63
f 104/72/64 73/22/64 76/23/64
f 72/2/65 62/11/65 58/3/65
f 74/21/66 59/4/66 62/11/66
f 80/28/67 109/73/67 106/56/67
f 83/74/68 107/59/68 109/61/68
f 87/1/69 105/75/69 101/53/69
f 90/76/70 99/47/70 105/49/70
f 58/3/71 91/77/71 87/1/71
f 60/78/72 85/30/72 91/32/72
f 64/12/73 84/25/73 80/28/73
f 70/14/74 78/5/74 84/25/74
f 85/30/75 65/15/75 93/41/75
f 120/12/76 162/56/76 150/44/76
f 115/4/2 134/5/2 122/6/2
f 113/7/3 117/8/3 119/9/4
f 114/3/5 117/8/5 116/10/6
f 115/4/7 117/8/7 118/11/8
f 120/12/9 124/13/9 126/14/10
f 121/15/11 124/13/11 123/16/12
f 122/6/13 124/13/13 125/17/14
f 127/18/15 131/19/15 133/20/16
f 128/2/17 131/19/17 130/21/18
f 129/22/19 131/19/19 132/23/20
f 134/5/21 138/24/21 140/25/22
f 135/26/23 138/24/23 137/27/24
f 136/28/25 138/24/25 139/29/26
f 141/30/27 145/31/27 147/32/28
f 142/33/29 145/34/29 144/35/30
f 143/1/31 145/36/31 146/37/32
f 148/38/33 152/39/33 154/40/34
f 149/41/35 152/42/35 151/43/36
f 150/44/37 152/45/37 153/46/38
f 155/47/39 159/48/39 161/49/40
f 156/50/41 159/51/41 158/52/42
f 157/53/43 159/54/43 160/55/44
f 162/56/45 166/57/45 168/58/46
f 163/59/47 166/60/47 165/61/48
f 164/62/49 166/63/49 167/64/50
f 162/56/51 154/65/51 150/44/51
f 168/66/52 148/38/52 154/40/52
f 150/44/53 123/67/53 120/12/53
f 153/68/54 121/15/54 123/16/54
f 122/6/55 119/9/55 115/4/55
f 125/17/56 113/7/56 119/9/56
f 156/50/57 167/69/57 163/59/57
f 158/70/58 164/62/58 167/64/58
f 135/26/59 133/20/59 129/22/59
f 137/27/60 127/18/60 133/20/60
f 149/41/61 144/35/61 141/30/61
f 151/43/62 142/33/62 144/35/62
f 157/53/63 132/71/63 128/2/63
f 160/72/64 129/22/64 132/23/64
f 128/2/65 118/11/65 114/3/65
f 130/21/66 115/4/66 118/11/66
f 136/28/67 165/73/67 162/56/67
f 139/74/68 163/59/68 165/61/68
f 143/1/69 161/75/69 157/53/69
f 146/76/70 155/47/70 161/49/70
f 114/3/71 147/77/71 143/1/71
f 116/78/72 141/30/72 147/32/72
f 120/12/73 140/25/73 136/28/73
f 126/14/74 134/5/74 140/25/74
f 141/30/75 121/15/75 149/41/75
f 185/22/77 219/59/77 191/26/77
f 199/1/1 184/2/1 170/3/1
f 171/4/2 190/5/2 178/6/2
f 169/7/3 173/8/3 175/9/4
f 170/3/5 173/8/5 172/10/6
f 171/4/7 173/8/7 174/11/8
f 176/12/9 180/13/9 182/14/10
f 177/15/11 180/13/11 179/16/12
f 178/6/13 180/13/13 181/17/14
f 183/18/15 187/19/15 189/20/16
f 184/2/17 187/19/17 186/21/18
f 185/22/19 187/19/19 188/23/20
f 190/5/21 194/24/21 196/25/22
f 191/26/23 194/24/23 193/27/24
f 192/28/25 194/24/25 195/29/26
f 197/30/27 201/31/27 203/32/28
f 198/33/29 201/34/29 200/35/30
f 199/1/31 201/36/31 202/37/32
f 204/38/33 208/39/33 210/40/34
f 205/41/35 208/42/35 207/43/36
f 206/44/37 208/45/37 209/46/38
f 211/47/39 215/48/39 217/49/40
f 212/50/41 215/51/41 214/52/42
f 213/53/43 215/54/43 216/55/44
f 218/56/45 222/57/45 224/58/46
f 219/59/47 222/60/47 221/61/48
f 220/62/49 222/63/49 223/64/50
f 218/56/51 210/65/51 206/44/51
f 224/66/52 204/38/52 210/40/52
f 206/44/53 179/67/53 176/12/53
f 209/68/54 177/15/54 179/16/54
f 178/6/55 175/9/55 171/4/55
f 181/17/56 169/7/56 175/9/56
f 212/50/57 223/69/57 219/59/57
f 214/70/58 220/62/58 223/64/58
f 191/26/59 189/20/59 185/22/59
f 193/27/60 183/18/60 189/20/60
f 205/41/61 200/35/61 197/30/61
f 207/43/62 198/33/62 200/35/62
f 213/53/63 188/71/63 184/2/63
f 216/72/64 185/22/64 188/23/64
f 184/2/65 174/11/65 170/3/65
f 186/21/66 171/4/66 174/11/66
f 192/28/67 221/73/67 218/56/67
f 195/74/68 219/59/68 221/61/68
f 199/1/69 217/75/69 213/53/69
f 202/76/70 211/47/70 217/49/70
f 170/3/71 203/77/71 199/1/71
f 172/78/72 197/30/72 203/32/72
f 176/12/73 196/25/73 192/28/73
f 182/14/74 190/5/74 196/25/74
f 197/30/75 177/15/75 205/41/75
f 232/12/76 274/56/76 262/44/76
f 241/22/77 275/59/77 247/26/77
f 255/1/1 240/2/1 226/3/1
f 227/4/2 246/5/2 234/6/2
f 225/7/3 229/8/3 231/9/4
f 226/3/5 229/8/5 228/10/6
f 227/4/7 229/8/7 230/11/8
f 232/12/9 236/13/9 238/14/10
f 233/15/11 236/13/11 235/16/12
f 234/6/13 236/13/13 237/17/14
f 239/18/15 243/19/15 245/20/16
f 240/2/17 243/19/17 242/21/18
f 241/22/19 243/19/19 244/23/20
f 246/5/21 250/24/21 252/25/22
f 247/26/23 250/24/23 249/27/24
f 248/28/25 250/24/25 251/29/26
f 253/30/27 257/31/27 259/32/28
f 254/33/29 257/34/29 256/35/30
f 255/1/31 257/36/31 258/37/32
f 260/38/33 264/39/33 266/40/34
f 261/41/35 264/42/35 263/43/36
f 262/44/37 264/45/37 265/46/38
f 267/47/39 271/48/39 273/49/40
f 268/50/41 271/51/41 270/52/42
f 269/53/43 271/54/43 272/55/44
f 274/56/45 278/57/45 280/58/46
f 275/59/47 278/60/47 277/61/48
f 276/62/49 278/63/49 279/64/50
f 274/56/51 266/65/51 262/44/51
f 280/66/52 260/38/52 266/40/52
f 262/44/53 235/67/53 232/12/53
f 265/68/54 233/15/54 235/16/54
f 234/6/55 231/9/55 227/4/55
f 237/17/56 225/7/56 231/9/56
f 268/50/57 279/69/57 275/59/57
f 270/70/58 276/62/58 279/64/58
f 247/26/59 245/20/59 241/22/59
f 249/27/60 239/18/60 245/20/60
f 261/41/61 256/35/61 253/30/61
f 263/43/62 254/33/62 256/35/62
f 269/53/63 244/71/63 240/2/63
f 272/72/64 241/22/64 244/23/64
f 240/2/65 230/11/65 226/3/65
f 242/21/66 227/4/66 230/11/66
f 248/28/67 277/73/67 274/56/67
f 251/74/68 275/59/68 277/61/68
f 255/1/69 273/75/69 269/53/69
f 258/76/70 267/47/70 273/49/70
f 226/3/71 259/77/71 255/1/71
f 228/78/72 253/30/72 259/32/72
f 232/12/73 252/25/73 248/28/73
f 238/14/74 246/5/74 252/25/74
f 253/30/75 233/15/75 261/41/75
f 288/12/76 330/56/76 318/44/76
f 297/22/77 331/59/77 303/26/77
f 283/4/2 302/5/2 290/6/2
f 281/7/3 285/8/3 287/9/4
f 282/3/5 285/8/5 284/10/6
f 283/4/7 285/8/7 286/11/8
f 288/12/9 292/13/9 294/14/10
f 289/15/11 292/13/11 291/16/12
f 290/6/13 292/13/13 293/17/14
f 295/18/15 299/19/15 301/20/16
f 296/2/17 299/19/17 298/21/18
f 297/22/19 299/19/19 300/23/20
f 302/5/21 306/24/21 308/25/22
f 303/26/23 306/24/23 305/27/24
f 304/28/25 306/24/25 307/29/26
f 309/30/27 313/31/27 315/32/28
f 310/33/29 313/34/29 312/35/30
f 311/1/31 313/36/31 314/37/32
f 316/38/33 320/39/33 322/40/34
f 317/41/35 320/42/35 319/43/36
f 318/44/37 320/45/37 321/46/38
f 323/47/39 327/48/39 329/49/40
f 324/50/41 327/51/41 326/52/42
f 325/53/43 327/54/43 328/55/44
f 330/56/45 334/57/45 336/58/46
f 331/59/47 334/60/47 333/61/48
f 332/62/49 334/63/49 335/64/50
f 330/56/51 322/65/51 318/44/51
f 336/66/52 316/38/52 322/40/52
f 318/44/53 291/67/53 288/12/53
f 321/68/54 289/15/54 291/16/54
f 290/6/55 287/9/55 283/4/55
f 293/17/56 281/7/56 287/9/56
f 324/50/57 335/69/57 331/59/57
f 326/70/58 332/62/58 335/64/58
f 303/26/59 301/20/59 297/22/59
f 305/27/60 295/18/60 301/20/60
f 317/41/61 312/35/61 309/30/61
f 319/43/62 310/33/62 312/35/62
f 325/53/63 300/71/63 296/2/63
f 328/72/64 297/22/64 300/23/64
f 296/2/65 286/11/65 282/3/65
f 298/21/66 283/4/66 286/11/66
f 304/28/67 333/73/67 330/56/67
f 307/74/68 331/59/68 333/61/68
f 311/1/69 329/75/69 325/53/69
f 314/76/70 323/47/70 329/49/70
f 282/3/71 315/77/71 311/1/71
f 284/78/72 309/30/72 315/32/72
f 288/12/73 308/25/73 304/28/73
f 294/14/74 302/5/74 308/25/74
f 309/30/75 289/15/75 317/41/75
f 353/22/77 387/59/77 359/26/77
f 367/1/1 352/2/1 338/3/1
f 339/4/2 358/5/2 346/6/2
f 337/7/3 341/8/3 343/9/4
f 338/3/5 341/8/5 340/10/6
f 339/4/7 341/8/7 342/11/8
f 344/12/9 348/13/9 350/14/10
f 345/15/11 348/13/11 347/16/12
f 346/6/13 348/13/13 349/17/14
f 351/18/15 355/19/15 357/20/16
f 352/2/17 355/19/17 354/21/18
f 353/22/19 355/19/19 356/23/20
f 358/5/21 362/24/21 364/25/22
f 359/26/23 362/24/23 361/27/24
f 360/28/25 362/24/25 363/29/26
f 365/30/27 369/31/27 371/32/28
f 366/33/29 369/34/29 368/35/30
f 367/1/31 369/36/31 370/37/32
f 372/38/33 376/39/33 378/40/34
f 373/41/35 376/42/35 375/43/36
f 374/44/37 376/45/37 377/46/38
f 379/47/39 383/48/39 385/49/40
f 380/50/41 383/51/41 382/52/42
f 381/53/43 383/54/43 384/55/44
f 386/56/45 390/57/45 392/58/46
f 387/59/47 390/60/47 389/61/48
f 388/62/49 390/63/49 391/64/50
f 386/56/51 378/65/51 374/44/51
f 392/66/52 372/38/52 378/40/52
f 374/44/53 347/67/53 344/12/53
f 377/68/54 345/15/54 347/16/54
f 346/6/55 343/9/55 339/4/55
f 349/17/56 337/7/56 343/9/56
f 380/50/57 391/69/57 387/59/57
f 382/70/58 388/62/58 391/64/58
f 359/26/59 357/20/59 353/22/59
f 361/27/60 351/18/60 357/20/60
f 373/41/61 368/35/61 365/30/61
f 375/43/62 366/33/62 368/35/62
f 381/53/63 356/71/63 352/2/63
f 384/72/64 353/22/64 356/23/64
f 352/2/65 342/11/65 338/3/65
f 354/21/66 339/4/66 342/11/66
f 360/28/67 389/73/67 386/56/67
f 363/74/68 387/59/68 389/61/68
f 367/1/69 385/75/69 381/53/69
f 370/76/70 379/47/70 385/49/70
f 338/3/71 371/77/71 367/1/71
f 340/78/72 365/30/72 371/32/72
f 344/12/73 364/25/73 360/28/73
f 350/14/74 358/5/74 364/25/74
f 400/12/76 442/56/76 430/44/76
f 409/22/77 443/59/77 415/26/77
f 423/1/1 408/2/1 394/3/1
f 395/4/2 414/5/2 402/6/2
f 393/7/3 397/8/3 399/9/4
f 394/3/5 397/8/5 396/10/6
f 395/4/7 397/8/7 398/11/8
f 400/12/9 404/13/9 406/14/10
f 401/15/11 404/13/11 403/16/12
f 402/6/13 404/13/13 405/17/14
f 407/18/15 411/19/15 413/20/16
f 408/2/17 411/19/17 410/21/18
f 409/22/19 411/19/19 412/23/20
f 414/5/21 418/24/21 420/25/22
f 415/26/23 418/24/23 417/27/24
f 416/28/25 418/24/25 419/29/26
f 421/30/27 425/31/27 427/32/28
f 422/33/29 425/34/29 424/35/30
f 423/1/31 425/36/31 426/37/31
f 428/38/33 432/39/33 434/40/34
f 429/41/35 432/42/35 431/43/36
f 430/44/37 432/45/37 433/46/38
f 435/47/39 439/48/39 441/49/40
f 436/50/41 439/51/41 438/52/42
f 437/53/43 439/54/43 440/55/44
f 442/56/45 446/57/45 448/58/46
f 443/59/47 446/60/47 445/61/48
f 444/62/49 446/63/49 447/64/50
f 442/56/51 434/65/51 430/44/51
f 448/66/52 428/38/52 434/40/52
f 430/44/53 403/67/53 400/12/53
f 433/68/54 401/15/54 403/16/54
f 402/6/55 399/9/55 395/4/55
f 405/17/56 393/7/56 399/9/56
f 436/50/57 447/69/57 443/59/57
f 438/70/58 444/62/58 447/64/58
f 415/26/59 413/20/59 409/22/59
f 417/27/60 407/18/60 413/20/60
f 429/41/61 424/35/61 421/30/61
f 431/43/62 422/33/62 424/35/62
f 437/53/63 412/71/63 408/2/63
f 440/72/64 409/22/64 412/23/64
f 408/2/65 398/11/65 394/3/65
f 410/21/66 395/4/66 398/11/66
f 416/28/67 445/73/67 442/56/67
f 419/74/68 443/59/68 445/61/68
f 423/1/69 441/75/69 437/53/69
f 426/76/70 435/47/70 441/49/70
f 394/3/71 427/77/71 423/1/71
f 396/78/72 421/30/72 427/32/72
f 400/12/73 420/25/73 416/28/73
f 406/14/74 414/5/74 420/25/74
f 456/12/76 498/56/76 486/44/76
f 465/22/77 499/59/77 471/26/77
f 451/4/2 470/5/2 458/6/2
f 449/7/3 453/8/3 455/9/4
f 450/3/5 453/8/5 452/10/6
f 451/4/7 453/8/7 454/11/8
f 456/12/9 460/13/9 462/14/9
f 457/15/11 460/13/11 459/16/12
f 458/6/13 460/13/13 461/17/14
f 463/18/15 467/19/15 469/20/16
f 464/2/17 467/19/17 466/21/18
f 465/22/19 467/19/19 468/23/20
f 470/5/21 474/24/21 476/25/22
f 471/26/23 474/24/23 473/27/24
f 472/28/25 474/24/25 475/29/26
f 477/30/27 481/31/27 483/32/27
f 478/33/29 481/34/29 480/35/30
f 479/1/31 481/36/31 482/37/31
f 484/38/33 488/39/33 490/40/34
f 485/41/35 488/42/35 487/43/36
f 486/44/37 488/45/37 489/46/38
f 491/47/39 495/48/39 497/49/40
f 492/50/41 495/51/41 494/52/42
f 493/53/43 495/54/43 496/55/44
f 498/56/45 502/57/45 504/58/46
f 499/59/47 502/60/47 501/61/48
f 500/62/49 502/63/49 503/64/50
f 498/56/51 490/65/51 486/44/51
f 504/66/52 484/38/52 490/40/52
f 486/44/53 459/67/53 456/12/53
f 489/68/54 457/15/54 459/16/54
f 458/6/55 455/9/55 451/4/55
f 461/17/56 449/7/56 455/9/56
f 492/50/57 503/69/57 499/59/57
f 494/70/58 500/62/58 503/64/58
f 471/26/59 469/20/59 465/22/59
f 473/27/60 463/18/60 469/20/60
f 485/41/61 480/35/61 477/30/61
f 487/43/62 478/33/62 480/35/62
f 493/53/63 468/71/63 464/2/63
f 496/72/64 465/22/64 468/23/64
f 464/2/65 454/11/65 450/3/65
f 466/21/66 451/4/66 454/11/66
f 472/28/67 501/73/67 498/56/67
f 475/74/68 499/59/68 501/61/68
f 479/1/69 497/75/69 493/53/69
f 482/76/70 491/47/70 497/49/70
f 450/3/71 483/77/71 479/1/71
f 452/78/72 477/30/72 483/32/72
f 456/12/73 476/25/73 472/28/73
f 462/14/74 470/5/74 476/25/74
f 547/47/78 540/38/78 556/62/78
f 535/1/1 520/2/1 506/3/1
f 507/4/2 526/5/2 514/6/2
f 505/7/3 509/8/3 511/9/4
f 506/3/5 509/8/5 508/10/6
f 507/4/7 509/8/7 510/11/8
f 512/12/9 516/13/9 518/14/10
f 513/15/11 516/13/11 515/16/12
f 514/6/13 516/13/13 517/17/14
f 519/18/15 523/19/15 525/20/16
f 520/2/17 523/19/17 522/21/18
f 521/22/19 523/19/19 524/23/20
f 526/5/21 530/24/21 532/25/22
f 527/26/23 530/24/23 529/27/24
f 528/28/25 530/24/25 531/29/26
f 533/30/27 537/31/27 539/32/28
f 534/33/29 537/34/29 536/35/30
f 535/1/31 537/36/31 538/37/32
f 540/38/33 544/39/33 546/40/34
f 541/41/35 544/42/35 543/43/36
f 542/44/37 544/45/37 545/46/38
f 547/47/39 551/48/39 553/49/40
f 548/50/41 551/51/41 550/52/42
f 549/53/43 551/54/43 552/55/44
f 554/56/45 558/57/45 560/58/46
f 555/59/47 558/60/47 557/61/48
f 556/62/49 558/63/49 559/64/50
f 554/56/51 546/65/51 542/44/51
f 560/66/52 540/38/52 546/40/52
f 542/44/53 515/67/53 512/12/53
f 545/68/54 513/15/54 515/16/54
f 514/6/55 511/9/55 507/4/55
f 517/17/56 505/7/56 511/9/56
f 548/50/57 559/69/57 555/59/57
f 550/70/58 556/62/58 559/64/58
f 527/26/59 525/20/59 521/22/59
f 529/27/60 519/18/60 525/20/60
f 541/41/61 536/35/61 533/30/61
f 543/43/62 534/33/62 536/35/62
f 549/53/63 524/71/63 520/2/63
f 552/72/64 521/22/64 524/23/64
f 520/2/65 510/11/65 506/3/65
f 522/21/66 507/4/66 510/11/66
f 528/28/67 557/73/67 554/56/67
f 531/74/68 555/59/68 557/61/68
f 535/1/69 553/75/69 549/53/69
f 538/76/70 547/47/70 553/49/70
f 506/3/71 539/77/71 535/1/71
f 508/78/72 533/30/72 539/32/72
f 512/12/73 532/25/73 528/28/73
f 518/14/74 526/5/74 532/25/74
f 533/30/75 513/15/75 541/41/75
f 568/12/76 610/56/76 598/44/76
f 603/47/78 596/38/78 612/62/78
f 591/1/1 576/2/1 562/3/1
f 563/4/2 582/5/2 570/6/2
f 561/7/3 565/8/3 567/9/4
f 562/3/5 565/8/5 564/10/6
f 563/4/7 565/8/7 566/11/8
f 568/12/9 572/13/9 574/14/10
f 569/15/11 572/13/11 571/16/12
f 570/6/13 572/13/13 573/17/14
f 575/18/15 579/19/15 581/20/16
f 576/2/17 579/19/17 578/21/18
f 577/22/19 579/19/19 580/23/20
f 582/5/21 586/24/21 588/25/22
f 583/26/23 586/24/23 585/27/24
f 584/28/25 586/24/25 587/29/26
f 589/30/27 593/31/27 595/32/28
f 590/33/29 593/34/29 592/35/30
f 591/1/31 593/36/31 594/37/32
f 596/38/33 600/39/33 602/40/34
f 597/41/35 600/42/35 599/43/36
f 598/44/37 600/45/37 601/46/38
f 603/47/39 607/48/39 609/49/40
f 604/50/41 607/51/41 606/52/42
f 605/53/43 607/54/43 608/55/44
f 610/56/45 614/57/45 616/58/46
f 611/59/47 614/60/47 613/61/48
f 612/62/49 614/63/49 615/64/50
f 610/56/51 602/65/51 598/44/51
f 616/66/52 596/38/52 602/40/52
f 598/44/53 571/67/53 568/12/53
f 601/68/54 569/15/54 571/16/54
f 570/6/55 567/9/55 563/4/55
f 573/17/56 561/7/56 567/9/56
f 604/50/57 615/69/57 611/59/57
f 606/70/58 612/62/58 615/64/58
f 583/26/59 581/20/59 577/22/59
f 585/27/60 575/18/60 581/20/60
f 597/41/61 592/35/61 589/30/61
f 599/43/62 590/33/62 592/35/62
f 605/53/63 580/71/63 576/2/63
f 608/72/64 577/22/64 580/23/64
f 576/2/65 566/11/65 562/3/65
f 578/21/66 563/4/66 566/11/66
f 584/28/67 613/73/67 610/56/67
f 587/74/68 611/59/68 613/61/68
f 591/1/69 609/75/69 605/53/69
f 594/76/70 603/47/70 609/49/70
f 562/3/71 595/77/71 591/1/71
f 564/78/72 589/30/72 595/32/72
f 568/12/73 588/25/73 584/28/73
f 574/14/74 582/5/74 588/25/74
f 589/30/75 569/15/75 597/41/75
f 624/12/76 666/56/76 654/44/76
f 659/47/78 652/38/78 668/62/78
f 619/4/2 638/5/2 626/6/2
f 617/7/3 621/8/3 623/9/4
f 618/3/5 621/8/5 620/10/6
f 619/4/7 621/8/7 622/11/8
f 624/12/9 628/13/9 630/14/10
f 625/15/11 628/13/11 627/16/12
f 626/6/13 628/13/13 629/17/14
f 631/18/15 635/19/15 637/20/15
f 632/2/17 635/19/17 634/21/18
f 633/22/19 635/19/19 636/23/20
f 638/5/21 642/24/21 644/25/22
f 639/26/23 642/24/23 641/27/24
f 640/28/25 642/24/25 643/29/26
f 645/30/27 649/31/27 651/32/28
f 646/33/29 649/34/29 648/35/30
f 647/1/31 649/36/31 650/37/32
f 652/38/33 656/39/33 658/40/34
f 653/41/35 656/42/35 655/43/36
f 654/44/37 656/45/37 657/46/38
f 659/47/39 663/48/39 665/49/40
f 660/50/41 663/51/41 662/52/42
f 661/53/43 663/54/43 664/55/44
f 666/56/45 670/57/45 672/58/46
f 667/59/47 670/60/47 669/61/48
f 668/62/49 670/63/49 671/64/50
f 666/56/51 658/65/51 654/44/51
f 672/66/52 652/38/52 658/40/52
f 654/44/53 627/67/53 624/12/53
f 657/68/54 625/15/54 627/16/54
f 626/6/55 623/9/55 619/4/55
f 629/17/56 617/7/56 623/9/56
f 660/50/57 671/69/57 667/59/57
f 662/70/58 668/62/58 671/64/58
f 639/26/59 637/20/59 633/22/59
f 641/27/60 631/18/60 637/20/60
f 653/41/61 648/35/61 645/30/61
f 655/43/62 646/33/62 648/35/62
f 661/53/63 636/71/63 632/2/63
f 664/72/64 633/22/64 636/23/64
f 632/2/65 622/11/65 618/3/65
f 634/21/66 619/4/66 622/11/66
f 640/28/67 669/73/67 666/56/67
f 643/74/68 667/59/68 669/61/68
f 647/1/69 665/75/69 661/53/69
f 650/76/70 659/47/70 665/49/70
f 618/3/71 651/77/71 647/1/71
f 620/78/72 645/30/72 651/32/72
f 624/12/73 644/25/73 640/28/73
f 630/14/74 638/5/74 644/25/74
f 645/30/75 625/15/75 653/41/75
f 715/47/78 708/38/78 724/62/78
f 689/22/77 723/59/77 695/26/77
f 703/1/1 688/2/1 674/3/1
f 675/4/2 694/5/2 682/6/2
f 673/7/3 677/8/3 679/9/4
f 674/3/5 677/8/5 676/10/6
f 675/4/7 677/8/7 678/11/8
f 680/12/9 684/13/9 686/14/10
f 681/15/11 684/13/11 683/16/12
f 682/6/13 684/13/13 685/17/14
f 687/18/15 691/19/15 693/20/16
f 688/2/17 691/19/17 690/21/18
f 689/22/19 691/19/19 692/23/20
f 694/5/21 698/24/21 700/25/22
f 695/26/23 698/24/23 697/27/24
f 696/28/25 698/24/25 699/29/26
f 701/30/27 705/31/27 707/32/28
f 702/33/29 705/34/29 704/35/30
f 703/1/31 705/36/31 706/37/32
f 708/38/33 712/39/33 714/40/34
f 709/41/35 712/42/35 711/43/36
f 710/44/37 712/45/37 713/46/38
f 715/47/39 719/48/39 721/49/40
f 716/50/41 719/51/41 718/52/42
f 717/53/43 719/54/43 720/55/44
f 722/56/45 726/57/45 728/58/46
f 723/59/47 726/60/47 725/61/48
f 724/62/49 726/63/49 727/64/50
f 722/56/51 714/65/51 710/44/51
f 728/66/52 708/38/52 714/40/52
f 710/44/53 683/67/53 680/12/53
f 713/68/54 681/15/54 683/16/54
f 682/6/55 679/9/55 675/4/55
f 685/17/56 673/7/56 679/9/56
f 716/50/57 727/69/57 723/59/57
f 718/70/58 724/62/58 727/64/58
f 695/26/59 693/20/59 689/22/59
f 697/27/60 687/18/60 693/20/60
f 709/41/61 704/35/61 701/30/61
f 711/43/62 702/33/62 704/35/62
f 717/53/63 692/71/63 688/2/63
f 720/72/64 689/22/64 692/23/64
f 688/2/65 678/11/65 674/3/65
f 690/21/66 675/4/66 678/11/66
f 696/28/67 725/73/67 722/56/67
f 699/74/68 723/59/68 725/61/68
f 703/1/69 721/75/69 717/53/69
f 706/76/70 715/47/70 721/49/70
f 674/3/71 707/77/71 703/1/71
f 676/78/72 701/30/72 707/32/72
f 680/12/73 700/25/73 696/28/73
f 686/14/74 694/5/74 700/25/74
f 701/30/75 681/15/75 709/41/75
f 736/12/76 778/56/76 766/44/76
f 771/47/78 764/38/78 780/62/78
f 745/22/77 779/59/77 751/26/77
f 759/1/1 744/2/1 730/3/1
f 731/4/2 750/5/2 738/6/2
f 729/7/3 733/8/3 735/9/4
f 730/3/5 733/8/5 732/10/6
f 731/4/7 733/8/7 734/11/8
f 736/12/9 740/13/9 742/14/10
f 737/15/11 740/13/11 739/16/12
f 738/6/13 740/13/13 741/17/14
f 743/18/15 747/19/15 749/20/16
f 744/2/17 747/19/17 746/21/18
f 745/22/19 747/19/19 748/23/20
f 750/5/21 754/24/21 756/25/22
f 751/26/23 754/24/23 753/27/24
f 752/28/25 754/24/25 755/29/26
f 757/30/27 761/31/27 763/32/28
f 758/33/29 761/34/29 760/35/30
f 759/1/31 761/36/31 762/37/32
f 764/38/33 768/39/33 770/40/34
f 765/41/35 768/42/35 767/43/36
f 766/44/37 768/45/37 769/46/38
f 771/47/39 775/48/39 777/49/40
f 772/50/41 775/51/41 774/52/42
f 773/53/43 775/54/43 776/55/44
f 778/56/45 782/57/45 784/58/46
f 779/59/47 782/60/47 781/61/48
f 780/62/49 782/63/49 783/64/50
f 778/56/51 770/65/51 766/44/51
f 784/66/52 764/38/52 770/40/52
f 766/44/53 739/67/53 736/12/53
f 769/68/54 737/15/54 739/16/54
f 738/6/55 735/9/55 731/4/55
f 741/17/56 729/7/56 735/9/56
f 772/50/57 783/69/57 779/59/57
f 774/70/58 780/62/58 783/64/58
f 751/26/59 749/20/59 745/22/59
f 753/27/60 743/18/60 749/20/60
f 765/41/61 760/35/61 757/30/61
f 767/43/62 758/33/62 760/35/62
f 773/53/63 748/71/63 744/2/63
f 776/72/64 745/22/64 748/23/64
f 744/2/65 734/11/65 730/3/65
f 746/21/66 731/4/66 734/11/66
f 752/28/67 781/73/67 778/56/67
f 755/74/68 779/59/68 781/61/68
f 759/1/69 777/75/69 773/53/69
f 762/76/70 771/47/70 777/49/70
f 730/3/71 763/77/71 759/1/71
f 732/78/72 757/30/72 763/32/72
f 736/12/73 756/25/73 752/28/73
f 742/14/74 750/5/74 756/25/74
f 757/30/75 737/15/75 765/41/75
f 792/12/76 834/56/76 822/44/76
f 827/47/78 820/38/78 836/62/78
f 801/22/77 835/59/77 807/26/77
f 787/4/2 806/5/2 794/6/2
f 785/7/3 789/8/3 791/9/4
f 786/3/5 789/8/5 788/10/6
f 787/4/7 789/8/7 790/11/8
f 792/12/9 796/13/9 798/14/10
f 793/15/11 796/13/11 795/16/12
f 794/6/13 796/13/13 797/17/14
f 799/18/15 803/19/15 805/20/16
f 800/2/17 803/19/17 802/21/18
f 801/22/19 803/19/19 804/23/20
f 806/5/21 810/24/21 812/25/22
f 807/26/23 810/24/23 809/27/24
f 808/28/25 810/24/25 811/29/26
f 813/30/27 817/31/27 819/32/28
f 814/33/29 817/34/29 816/35/30
f 815/1/31 817/36/31 818/37/32
f 820/38/33 824/39/33 826/40/34
f 821/41/35 824/42/35 823/43/36
f 822/44/37 824/45/37 825/46/38
f 827/47/39 831/48/39 833/49/40
f 828/50/41 831/51/41 830/52/42
f 829/53/43 831/54/43 832/55/44
f 834/56/45 838/57/45 840/58/46
f 835/59/47 838/60/47 837/61/48
f 836/62/49 838/63/49 839/64/50
f 834/56/51 826/65/51 822/44/51
f 840/66/52 820/38/52 826/40/52
f 822/44/53 795/67/53 792/12/53
f 825/68/54 793/15/54 795/16/54
f 794/6/55 791/9/55 787/4/55
f 797/17/56 785/7/56 791/9/56
f 828/50/57 839/69/57 835/59/57
f 830/70/58 836/62/58 839/64/58
f 807/26/59 805/20/59 801/22/59
f 809/27/60 799/18/60 805/20/60
f 821/41/61 816/35/61 813/30/61
f 823/43/62 814/33/62 816/35/62
f 829/53/63 804/71/63 800/2/63
f 832/72/64 801/22/64 804/23/64
f 800/2/65 790/11/65 786/3/65
f 802/21/66 787/4/66 790/11/66
f 808/28/67 837/73/67 834/56/67
f 811/74/68 835/59/68 837/61/68
f 815/1/69 833/75/69 829/53/69
f 818/76/70 827/47/70 833/49/70
f 786/3/71 819/77/71 815/1/71
f 788/78/72 813/30/72 819/32/72
f 792/12/73 812/25/73 808/28/73
f 798/14/74 806/5/74 812/25/74
f 813/30/75 793/15/75 821/41/75
f 883/47/78 876/38/78 892/62/78
f 857/22/77 891/59/77 863/26/77
f 871/1/1 856/2/1 842/3/1
f 843/4/2 862/5/2 850/6/2
f 841/7/3 845/8/3 847/9/4
f 842/3/5 845/8/5 844/10/6
f 843/4/7 845/8/7 846/11/8
f 848/12/9 852/13/9 854/14/10
f 849/15/11 852/13/11 851/16/12
f 850/6/13 852/13/13 853/17/14
f 855/18/15 859/19/15 861/20/16
f 856/2/17 859/19/17 858/21/18
f 857/22/19 859/19/19 860/23/20
f 862/5/21 866/24/21 868/25/22
f 863/26/23 866/24/23 865/27/24
f 864/28/25 866/24/25 867/29/26
f 869/30/27 873/31/27 875/32/28
f 870/33/29 873/34/29 872/35/30
f 871/1/31 873/36/31 874/37/32
f 876/38/33 880/39/33 882/40/34
f 877/41/35 880/42/35 879/43/36
f 878/44/37 880/45/37 881/46/38
f 883/47/39 887/48/39 889/49/40
f 884/50/41 887/51/41 886/52/42
f 885/53/43 887/54/43 888/55/44
f 890/56/45 894/57/45 896/58/46
f 891/59/47 894/60/47 893/61/48
f 892/62/49 894/63/49 895/64/50
f 890/56/51 882/65/51 878/44/51
f 896/66/52 876/38/52 882/40/52
f 878/44/53 851/67/53 848/12/53
f 881/68/54 849/15/54 851/16/54
f 850/6/55 847/9/55 843/4/55
f 853/17/56 841/7/56 847/9/56
f 884/50/57 895/69/57 891/59/57
f 886/70/58 892/62/58 895/64/58
f 863/26/59 861/20/59 857/22/59
f 865/27/60 855/18/60 861/20/60
f 877/41/61 872/35/61 869/30/61
f 879/43/62 870/33/62 872/35/62
f 885/53/63 860/71/63 856/2/63
f 888/72/64 857/22/64 860/23/64
f 856/2/65 846/11/65 842/3/65
f 858/21/66 843/4/66 846/11/66
f 864/28/67 893/73/67 890/56/67
f 867/74/68 891/59/68 893/61/68
f 871/1/69 889/75/69 885/53/69
f 874/76/70 883/47/70 889/49/70
f 842/3/71 875/77/71 871/1/71
f 844/78/72 869/30/72 875/32/72
f 848/12/73 868/25/73 864/28/73
f 854/14/74 862/5/74 868/25/74
f 904/12/76 946/56/76 934/44/76
f 939/47/78 932/38/78 948/62/78
f 913/22/77 947/59/77 919/26/77
f 927/1/1 912/2/1 898/3/1
f 899/4/2 918/5/2 906/6/2
f 897/7/3 901/8/3 903/9/4
f 898/3/5 901/8/5 900/10/6
f 899/4/7 901/8/7 902/11/8
f 904/12/9 908/13/9 910/14/10
f 905/15/11 908/13/11 907/16/12
f 906/6/13 908/13/13 909/17/14
f 911/18/15 915/19/15 917/20/16
f 912/2/17 915/19/17 914/21/18
f 913/22/19 915/19/19 916/23/20
f 918/5/21 922/24/21 924/25/22
f 919/26/23 922/24/23 921/27/24
f 920/28/25 922/24/25 923/29/26
f 925/30/27 929/31/27 931/32/28
f 926/33/29 929/34/29 928/35/30
f 927/1/31 929/36/31 930/37/32
f 932/38/33 936/39/33 938/40/34
f 933/41/35 936/42/35 935/43/36
f 934/44/37 936/45/37 937/46/38
f 939/47/39 943/48/39 945/49/40
f 940/50/41 943/51/41 942/52/42
f 941/53/43 943/54/43 944/55/44
f 946/56/45 950/57/45 952/58/46
f 947/59/47 950/60/47 949/61/48
f 948/62/49 950/63/49 951/64/50
f 946/56/51 938/65/51 934/44/51
f 952/66/52 932/38/52 938/40/52
f 934/44/53 907/67/53 904/12/53
f 937/68/54 905/15/54 907/16/54
f 906/6/55 903/9/55 899/4/55
f 909/17/56 897/7/56 903/9/56
f 940/50/57 951/69/57 947/59/57
f 942/70/58 948/62/58 951/64/58
f 919/26/59 917/20/59 913/22/59
f 921/27/60 911/18/60 917/20/60
f 933/41/61 928/35/61 925/30/61
f 935/43/62 926/33/62 928/35/62
f 941/53/63 916/71/63 912/2/63
f 944/72/64 913/22/64 916/23/64
f 912/2/65 902/11/65 898/3/65
f 914/21/66 899/4/66 902/11/66
f 920/28/67 949/73/67 946/56/67
f 923/74/68 947/59/68 949/61/68
f 927/1/69 945/75/69 941/53/69
f 930/76/70 939/47/70 945/49/70
f 898/3/71 931/77/71 927/1/71
f 900/78/72 925/30/72 931/32/72
f 904/12/73 924/25/73 920/28/73
f 910/14/74 918/5/74 924/25/74
f 960/12/76 1002/56/76 990/44/76
f 995/47/78 988/38/78 1004/62/78
f 969/22/77 1003/59/77 975/26/77
f 955/4/2 974/5/2 962/6/2
f 953/7/3 957/8/3 959/9/4
f 954/3/5 957/8/5 956/10/6
f 955/4/7 957/8/7 958/11/8
f 960/12/9 964/13/9 966/14/10
f 961/15/11 964/13/11 963/16/12
f 962/6/13 964/13/13 965/17/14
f 967/18/15 971/19/15 973/20/16
f 968/2/17 971/19/17 970/21/18
f 969/22/19 971/19/19 972/23/20
f 974/5/21 978/24/21 980/25/22
f 975/26/23 978/24/23 977/27/24
f 976/28/25 978/24/25 979/29/26
f 981/30/27 985/31/27 987/32/27
f 982/33/29 985/34/29 984/35/30
f 983/1/31 985/36/31 986/37/31
f 988/38/33 992/39/33 994/40/34
f 989/41/35 992/42/35 991/43/36
f 990/44/37 992/45/37 993/46/38
f 995/47/39 999/48/39 1001/49/40
f 996/50/41 999/51/41 998/52/42
f 997/53/43 999/54/43 1000/55/44
f 1002/56/45 1006/57/45 1008/58/46
f 1003/59/47 1006/60/47 1005/61/48
f 1004/62/49 1006/63/49 1007/64/50
f 1002/56/51 994/65/51 990/44/51
f 1008/66/52 988/38/52 994/40/52
f 990/44/53 963/67/53 960/12/53
f 993/68/54 961/15/54 963/16/54
f 962/6/55 959/9/55 955/4/55
f 965/17/56 953/7/56 959/9/56
f 996/50/57 1007/69/57 1003/59/57
f 998/70/58 1004/62/58 1007/64/58
f 975/26/59 973/20/59 969/22/59
f 977/27/60 967/18/60 973/20/60
f 989/41/61 984/35/61 981/30/61
f 991/43/62 982/33/62 984/35/62
f 997/53/63 972/71/63 968/2/63
f 1000/72/64 969/22/64 972/23/64
f 968/2/65 958/11/65 954/3/65
f 970/21/66 955/4/66 958/11/66
f 976/28/67 1005/73/67 1002/56/67
f 979/74/68 1003/59/68 1005/61/68
f 983/1/69 1001/75/69 997/53/69
f 986/76/70 995/47/70 1001/49/70
f 954/3/71 987/77/71 983/1/71
f 956/78/72 981/30/72 987/32/72
f 960/12/73 980/25/73 976/28/73
f 966/14/74 974/5/74 980/25/74
f 1051/47/78 1044/38/78 1060/62/78
f 1039/1/1 1024/2/1 1010/3/1
f 1009/7/3 1013/8/3 1015/9/4
f 1010/3/5 1013/8/5 1012/10/6
f 1011/4/7 1013/8/7 1014/11/8
f 1016/12/9 1020/13/9 1022/14/10
f 1017/15/11 1020/13/11 1019/16/12
f 1018/6/13 1020/13/13 1021/17/14
f 1023/18/15 1027/19/15 1029/20/16
f 1024/2/17 1027/19/17 1026/21/18
f 1025/22/19 1027/19/19 1028/23/20
f 1030/5/21 1034/24/21 1036/25/22
f 1031/26/23 1034/24/23 1033/27/24
f 1032/28/25 1034/24/25 1035/29/26
f 1037/30/27 1041/31/27 1043/32/28
f 1038/33/29 1041/34/29 1040/35/30
f 1039/1/31 1041/36/31 1042/37/32
f 1044/38/33 1048/39/33 1050/40/34
f 1045/41/35 1048/42/35 1047/43/36
f 1046/44/37 1048/45/37 1049/46/38
f 1051/47/39 1055/48/39 1057/49/40
f 1052/50/41 1055/51/41 1054/52/42
f 1053/53/43 1055/54/43 1056/55/44
f 1058/56/45 1062/57/45 1064/58/46
f 1059/59/47 1062/60/47 1061/61/48
f 1060/62/49 1062/63/49 1063/64/50
f 1058/56/51 1050/65/51 1046/44/51
f 1064/66/52 1044/38/52 1050/40/52
f 1046/44/53 1019/67/53 1016/12/53
f 1049/68/54 1017/15/54 1019/16/54
f 1018/6/55 1015/9/55 1011/4/55
f 1021/17/56 1009/7/56 1015/9/56
f 1052/50/57 1063/69/57 1059/59/57
f 1054/70/58 1060/62/58 1063/64/58
f 1031/26/59 1029/20/59 1025/22/59
f 1033/27/60 1023/18/60 1029/20/60
f 1045/41/61 1040/35/61 1037/30/61
f 1047/43/62 1038/33/62 1040/35/62
f 1053/53/63 1028/71/63 1024/2/63
f 1056/72/64 1025/22/64 1028/23/64
f 1024/2/65 1014/11/65 1010/3/65
f 1026/21/66 1011/4/66 1014/11/66
f 1032/28/67 1061/73/67 1058/56/67
f 1035/74/68 1059/59/68 1061/61/68
f 1039/1/69 1057/75/69 1053/53/69
f 1042/76/70 1051/47/70 1057/49/70
f 1010/3/71 1043/77/71 1039/1/71
f 1012/78/72 1037/30/72 1043/32/72
f 1016/12/73 1036/25/73 1032/28/73
f 1022/14/74 1030/5/74 1036/25/74
f 1037/30/75 1017/15/75 1045/41/75
f 1072/12/76 1114/56/76 1102/44/76
f 1107/47/78 1100/38/78 1116/62/78
f 1095/1/1 1080/2/1 1066/3/1
f 1065/7/3 1069/8/3 1071/9/4
f 1066/3/5 1069/8/5 1068/10/6
f 1067/4/7 1069/8/7 1070/11/8
f 1072/12/9 1076/13/9 1078/14/10
f 1073/15/11 1076/13/11 1075/16/12
f 1074/6/13 1076/13/13 1077/17/14
f 1079/18/15 1083/19/15 1085/20/16
f 1080/2/17 1083/19/17 1082/21/18
f 1081/22/19 1083/19/19 1084/23/20
f 1086/5/21 1090/24/21 1092/25/22
f 1087/26/23 1090/24/23 1089/27/24
f 1088/28/25 1090/24/25 1091/29/26
f 1093/30/27 1097/31/27 1099/32/28
f 1094/33/29 1097/34/29 1096/35/30
f 1095/1/31 1097/36/31 1098/37/32
f 1100/38/33 1104/39/33 1106/40/34
f 1101/41/35 1104/42/35 1103/43/36
f 1102/44/37 1104/45/37 1105/46/38
f 1107/47/39 1111/48/39 1113/49/40
f 1108/50/41 1111/51/41 1110/52/42
f 1109/53/43 1111/54/43 1112/55/44
f 1114/56/45 1118/57/45 1120/58/46
f 1115/59/47 1118/60/47 1117/61/48
f 1116/62/49 1118/63/49 1119/64/50
f 1114/56/51 1106/65/51 1102/44/51
f 1120/66/52 1100/38/52 1106/40/52
f 1102/44/53 1075/67/53 1072/12/53
f 1105/68/54 1073/15/54 1075/16/54
f 1074/6/55 1071/9/55 1067/4/55
f 1077/17/56 1065/7/56 1071/9/56
f 1108/50/57 1119/69/57 1115/59/57
f 1110/70/58 1116/62/58 1119/64/58
f 1087/26/59 1085/20/59 1081/22/59
f 1089/27/60 1079/18/60 1085/20/60
f 1101/41/61 1096/35/61 1093/30/61
f 1103/43/62 1094/33/62 1096/35/62
f 1109/53/63 1084/71/63 1080/2/63
f 1112/72/64 1081/22/64 1084/23/64
f 1080/2/65 1070/11/65 1066/3/65
f 1082/21/66 1067/4/66 1070/11/66
f 1088/28/67 1117/73/67 1114/56/67
f 1091/74/68 1115/59/68 1117/61/68
f 1095/1/69 1113/75/69 1109/53/69
f 1098/76/70 1107/47/70 1113/49/70
f 1066/3/71 1099/77/71 1095/1/71
f 1068/78/72 1093/30/72 1099/32/72
f 1072/12/73 1092/25/73 1088/28/73
f 1078/14/74 1086/5/74 1092/25/74
f 1093/30/75 1073/15/75 1101/41/75
f 1128/12/76 1170/56/76 1158/44/76
f 1163/47/78 1156/38/78 1172/62/78
f 1121/7/3 1125/8/3 1127/9/4
f 1122/3/5 1125/8/5 1124/10/6
f 1123/4/7 1125/8/7 1126/11/8
f 1128/12/9 1132/13/9 1134/14/10
f 1129/15/11 1132/13/11 1131/16/12
f 1130/6/13 1132/13/13 1133/17/14
f 1135/18/15 1139/19/15 1141/20/15
f 1136/2/17 1139/19/17 1138/21/17
f 1137/22/19 1139/19/19 1140/23/20
f 1142/5/21 1146/24/21 1148/25/22
f 1143/26/23 1146/24/23 1145/27/24
f 1144/28/25 1146/24/25 1147/29/26
f 1149/30/27 1153/31/27 1155/32/28
f 1150/33/29 1153/34/29 1152/35/29
f 1151/1/31 1153/36/31 1154/37/32
f 1156/38/33 1160/39/33 1162/40/34
f 1157/41/35 1160/42/35 1159/43/36
f 1158/44/37 1160/45/37 1161/46/38
f 1163/47/39 1167/48/39 1169/49/40
f 1164/50/41 1167/51/41 1166/52/42
f 1165/53/43 1167/54/43 1168/55/44
f 1170/56/45 1174/57/45 1176/58/46
f 1171/59/47 1174/60/47 1173/61/48
f 1172/62/49 1174/63/49 1175/64/50
f 1170/56/51 1162/65/51 1158/44/51
f 1176/66/52 1156/38/52 1162/40/52
f 1158/44/53 1131/67/53 1128/12/53
f 1161/68/54 1129/15/54 1131/16/54
f 1130/6/55 1127/9/55 1123/4/55
f 1133/17/56 1121/7/56 1127/9/56
f 1164/50/57 1175/69/57 1171/59/57
f 1166/70/58 1172/62/58 1175/64/58
f 1143/26/59 1141/20/59 1137/22/59
f 1145/27/60 1135/18/60 1141/20/60
f 1157/41/61 1152/35/61 1149/30/61
f 1159/43/62 1150/33/62 1152/35/62
f 1165/53/63 1140/71/63 1136/2/63
f 1168/72/64 1137/22/64 1140/23/64
f 1136/2/65 1126/11/65 1122/3/65
f 1138/21/66 1123/4/66 1126/11/66
f 1144/28/67 1173/73/67 1170/56/67
f 1147/74/68 1171/59/68 1173/61/68
f 1151/1/69 1169/75/69 1165/53/69
f 1154/76/70 1163/47/70 1169/49/70
f 1122/3/71 1155/77/71 1151/1/71
f 1124/78/72 1149/30/72 1155/32/72
f 1128/12/73 1148/25/73 1144/28/73
f 1134/14/74 1142/5/74 1148/25/74
f 1149/30/75 1129/15/75 1157/41/75
f 1219/47/78 1212/38/78 1228/62/78
f 1193/22/77 1227/59/77 1199/26/77
f 1207/1/1 1192/2/1 1178/3/1
f 1177/7/3 1181/8/3 1183/9/4
f 1178/3/5 1181/8/5 1180/10/6
f 1179/4/7 1181/8/7 1182/11/8
f 1184/12/9 1188/13/9 1190/14/10
f 1185/15/11 1188/13/11 1187/16/11
f 1186/6/13 1188/13/13 1189/17/14
f 1191/18/15 1195/19/15 1197/20/16
f 1192/2/17 1195/19/17 1194/21/18
f 1193/22/19 1195/19/19 1196/23/20
f 1198/5/21 1202/24/21 1204/25/22
f 1199/26/23 1202/24/23 1201/27/24
f 1200/28/25 1202/24/25 1203/29/26
f 1205/30/27 1209/31/27 1211/32/28
f 1206/33/29 1209/34/29 1208/35/30
f 1207/1/31 1209/36/31 1210/37/32
f 1212/38/33 1216/39/33 1218/40/34
f 1213/41/35 1216/42/35 1215/43/36
f 1214/44/37 1216/45/37 1217/46/38
f 1219/47/39 1223/48/39 1225/49/40
f 1220/50/41 1223/51/41 1222/52/42
f 1221/53/43 1223/54/43 1224/55/44
f 1226/56/45 1230/57/45 1232/58/46
f 1227/59/47 1230/60/47 1229/61/48
f 1228/62/49 1230/63/49 1231/64/50
f 1226/56/51 1218/65/51 1214/44/51
f 1232/66/52 1212/38/52 1218/40/52
f 1214/44/53 1187/67/53 1184/12/53
f 1217/68/54 1185/15/54 1187/16/54
f 1186/6/55 1183/9/55 1179/4/55
f 1189/17/56 1177/7/56 1183/9/56
f 1220/50/57 1231/69/57 1227/59/57
f 1222/70/58 1228/62/58 1231/64/58
f 1199/26/59 1197/20/59 1193/22/59
f 1201/27/60 1191/18/60 1197/20/60
f 1213/41/61 1208/35/61 1205/30/61
f 1215/43/62 1206/33/62 1208/35/62
f 1221/53/63 1196/71/63 1192/2/63
f 1224/72/64 1193/22/64 1196/23/64
f 1192/2/65 1182/11/65 1178/3/65
f 1194/21/66 1179/4/66 1182/11/66
f 1200/28/67 1229/73/67 1226/56/67
f 1203/74/68 1227/59/68 1229/61/68
f 1207/1/69 1225/75/69 1221/53/69
f 1210/76/70 1219/47/70 1225/49/70
f 1178/3/71 1211/77/71 1207/1/71
f 1180/78/72 1205/30/72 1211/32/72
f 1184/12/73 1204/25/73 1200/28/73
f 1190/14/74 1198/5/74 1204/25/74
f 1205/30/75 1185/15/75 1213/41/75
f 1240/12/76 1282/56/76 1270/44/76
f 1275/47/78 1268/38/78 1284/62/78
f 1249/22/77 1283/59/77 1255/26/77
f 1263/1/1 1248/2/1 1234/3/1
f 1233/7/3 1237/8/3 1239/9/4
f 1234/3/5 1237/8/5 1236/10/6
f 1235/4/7 1237/8/7 1238/11/8
f 1240/12/9 1244/13/9 1246/14/10
f 1241/15/11 1244/13/11 1243/16/12
f 1242/6/13 1244/13/13 1245/17/14
f 1247/18/15 1251/19/15 1253/20/16
f 1248/2/17 1251/19/17 1250/21/18
f 1249/22/19 1251/19/19 1252/23/20
f 1254/5/21 1258/24/21 1260/25/22
f 1255/26/23 1258/24/23 1257/27/24
f 1256/28/25 1258/24/25 1259/29/26
f 1261/30/27 1265/31/27 1267/32/28
f 1262/33/29 1265/34/29 1264/35/30
f 1263/1/31 1265/36/31 1266/37/32
f 1268/38/33 1272/39/33 1274/40/34
f 1269/41/35 1272/42/35 1271/43/36
f 1270/44/37 1272/45/37 1273/46/38
f 1275/47/39 1279/48/39 1281/49/40
f 1276/50/41 1279/51/41 1278/52/42
f 1277/53/43 1279/54/43 1280/55/44
f 1282/56/45 1286/57/45 1288/58/46
f 1283/59/47 1286/60/47 1285/61/48
f 1284/62/49 1286/63/49 1287/64/50
f 1282/56/51 1274/65/51 1270/44/51
f 1288/66/52 1268/38/52 1274/40/52
f 1270/44/53 1243/67/53 1240/12/53
f 1273/68/54 1241/15/54 1243/16/54
f 1242/6/55 1239/9/55 1235/4/55
f 1245/17/56 1233/7/56 1239/9/56
f 1276/50/57 1287/69/57 1283/59/57
f 1278/70/58 1284/62/58 1287/64/58
f 1255/26/59 1253/20/59 1249/22/59
f 1257/27/60 1247/18/60 1253/20/60
f 1269/41/61 1264/35/61 1261/30/61
f 1271/43/62 1262/33/62 1264/35/62
f 1277/53/63 1252/71/63 1248/2/63
f 1280/72/64 1249/22/64 1252/23/64
f 1248/2/65 1238/11/65 1234/3/65
f 1250/21/66 1235/4/66 1238/11/66
f 1256/28/67 1285/73/67 1282/56/67
f 1259/74/68 1283/59/68 1285/61/68
f 1263/1/69 1281/75/69 1277/53/69
f 1266/76/70 1275/47/70 1281/49/70
f 1234/3/71 1267/77/71 1263/1/71
f 1236/78/72 1261/30/72 1267/32/72
f 1240/12/73 1260/25/73 1256/28/73
f 1246/14/74 1254/5/74 1260/25/74
f 1261/30/75 1241/15/75 1269/41/75
f 1296/12/76 1338/56/76 1326/44/76
f 1331/47/78 1324/38/78 1340/62/78
f 1305/22/77 1339/59/77 1311/26/77
f 1289/7/3 1293/8/3 1295/9/4
f 1290/3/5 1293/8/5 1292/10/6
f 1291/4/7 1293/8/7 1294/11/8
f 1296/12/9 1300/13/9 1302/14/10
f 1297/15/11 1300/13/11 1299/16/12
f 1298/6/13 1300/13/13 1301/17/14
f 1303/18/15 1307/19/15 1309/20/15
f 1304/2/17 1307/19/17 1306/21/17
f 1305/22/19 1307/19/19 1308/23/20
f 1310/5/21 1314/24/21 1316/25/22
f 1311/26/23 1314/24/23 1313/27/24
f 1312/28/25 1314/24/25 1315/29/26
f 1317/30/27 1321/31/27 1323/32/28
f 1318/33/29 1321/34/29 1320/35/30
f 1319/1/31 1321/36/31 1322/37/32
f 1324/38/33 1328/39/33 1330/40/34
f 1325/41/35 1328/42/35 1327/43/36
f 1326/44/37 1328/45/37 1329/46/38
f 1331/47/39 1335/48/39 1337/49/40
f 1332/50/41 1335/51/41 1334/52/42
f 1333/53/43 1335/54/43 1336/55/44
f 1338/56/45 1342/57/45 1344/58/46
f 1339/59/47 1342/60/47 1341/61/48
f 1340/62/49 1342/63/49 1343/64/50
f 1338/56/51 1330/65/51 1326/44/51
f 1344/66/52 1324/38/52 1330/40/52
f 1326/44/53 1299/67/53 1296/12/53
f 1329/68/54 1297/15/54 1299/16/54
f 1298/6/55 1295/9/55 1291/4/55
f 1301/17/56 1289/7/56 1295/9/56
f 1332/50/57 1343/69/57 1339/59/57
f 1334/70/58 1340/62/58 1343/64/58
f 1311/26/59 1309/20/59 1305/22/59
f 1313/27/60 1303/18/60 1309/20/60
f 1325/41/61 1320/35/61 1317/30/61
f 1327/43/62 1318/33/62 1320/35/62
f 1333/53/63 1308/71/63 1304/2/63
f 1336/72/64 1305/22/64 1308/23/64
f 1304/2/65 1294/11/65 1290/3/65
f 1306/21/66 1291/4/66 1294/11/66
f 1312/28/67 1341/73/67 1338/56/67
f 1315/74/68 1339/59/68 1341/61/68
f 1319/1/69 1337/75/69 1333/53/69
f 1322/76/70 1331/47/70 1337/49/70
f 1290/3/71 1323/77/71 1319/1/71
f 1292/78/72 1317/30/72 1323/32/72
f 1296/12/73 1316/25/73 1312/28/73
f 1302/14/74 1310/5/74 1316/25/74
f 1317/30/75 1297/15/75 1325/41/75
f 1387/47/78 1380/38/78 1396/62/78
f 1361/22/77 1395/59/77 1367/26/77
f 1375/1/1 1360/2/1 1346/3/1
f 1345/7/3 1349/8/3 1351/9/4
f 1346/3/5 1349/8/5 1348/10/6
f 1347/4/7 1349/8/7 1350/11/8
f 1352/12/9 1356/13/9 1358/14/10
f 1353/15/11 1356/13/11 1355/16/11
f 1354/6/13 1356/13/13 1357/17/13
f 1359/18/15 1363/19/15 1365/20/16
f 1360/2/17 1363/19/17 1362/21/18
f 1361/22/19 1363/19/19 1364/23/19
f 1366/5/21 1370/24/21 1372/25/22
f 1367/26/23 1370/24/23 1369/27/24
f 1368/28/25 1370/24/25 1371/29/26
f 1373/30/27 1377/31/27 1379/32/28
f 1374/33/29 1377/34/29 1376/35/30
f 1375/1/31 1377/36/31 1378/37/32
f 1380/38/33 1384/39/33 1386/40/34
f 1381/41/35 1384/42/35 1383/43/36
f 1382/44/37 1384/45/37 1385/46/38
f 1387/47/39 1391/48/39 1393/49/40
f 1388/50/41 1391/51/41 1390/52/42
f 1389/53/43 1391/54/43 1392/55/44
f 1394/56/45 1398/57/45 1400/58/46
f 1395/59/47 1398/60/47 1397/61/48
f 1396/62/49 1398/63/49 1399/64/50
f 1394/56/51 1386/65/51 1382/44/51
f 1400/66/52 1380/38/52 1386/40/52
f 1382/44/53 1355/67/53 1352/12/53
f 1385/68/54 1353/15/54 1355/16/54
f 1354/6/55 1351/9/55 1347/4/55
f 1357/17/56 1345/7/56 1351/9/56
f 1388/50/57 1399/69/57 1395/59/57
f 1390/70/58 1396/62/58 1399/64/58
f 1367/26/59 1365/20/59 1361/22/59
f 1369/27/60 1359/18/60 1365/20/60
f 1381/41/61 1376/35/61 1373/30/61
f 1383/43/62 1374/33/62 1376/35/62
f 1389/53/63 1364/71/63 1360/2/63
f 1392/72/64 1361/22/64 1364/23/64
f 1360/2/65 1350/11/65 1346/3/65
f 1362/21/66 1347/4/66 1350/11/66
f 1368/28/67 1397/73/67 1394/56/67
f 1371/74/68 1395/59/68 1397/61/68
f 1375/1/69 1393/75/69 1389/53/69
f 1378/76/70 1387/47/70 1393/49/70
f 1346/3/71 1379/77/71 1375/1/71
f 1348/78/72 1373/30/72 1379/32/72
f 1352/12/73 1372/25/73 1368/28/73
f 1358/14/74 1366/5/74 1372/25/74
f 1408/12/76 1450/56/76 1438/44/76
f 1443/47/78 1436/38/78 1452/62/78
f 1417/22/77 1451/59/77 1423/26/77
f 1431/1/1 1416/2/1 1402/3/1
f 1401/7/3 1405/8/3 1407/9/4
f 1402/3/5 1405/8/5 1404/10/6
f 1403/4/7 1405/8/7 1406/11/8
f 1408/12/9 1412/13/9 1414/14/10
f 1409/15/11 1412/13/11 1411/16/11
f 1410/6/13 1412/13/13 1413/17/13
f 1415/18/15 1419/19/15 1421/20/16
f 1416/2/17 1419/19/17 1418/21/18
f 1417/22/19 1419/19/19 1420/23/20
f 1422/5/21 1426/24/21 1428/25/22
f 1423/26/23 1426/24/23 1425/27/24
f 1424/28/25 1426/24/25 1427/29/26
f 1429/30/27 1433/31/27 1435/32/28
f 1430/33/29 1433/34/29 1432/35/30
f 1431/1/31 1433/36/31 1434/37/32
f 1436/38/33 1440/39/33 1442/40/34
f 1437/41/35 1440/42/35 1439/43/36
f 1438/44/37 1440/45/37 1441/46/38
f 1443/47/39 1447/48/39 1449/49/40
f 1444/50/41 1447/51/41 1446/52/42
f 1445/53/43 1447/54/43 1448/55/44
f 1450/56/45 1454/57/45 1456/58/46
f 1451/59/47 1454/60/47 1453/61/48
f 1452/62/49 1454/63/49 1455/64/50
f 1450/56/51 1442/65/51 1438/44/51
f 1456/66/52 1436/38/52 1442/40/52
f 1438/44/53 1411/67/53 1408/12/53
f 1441/68/54 1409/15/54 1411/16/54
f 1410/6/55 1407/9/55 1403/4/55
f 1413/17/56 1401/7/56 1407/9/56
f 1444/50/57 1455/69/57 1451/59/57
f 1446/70/58 1452/62/58 1455/64/58
f 1423/26/59 1421/20/59 1417/22/59
f 1425/27/60 1415/18/60 1421/20/60
f 1437/41/61 1432/35/61 1429/30/61
f 1439/43/62 1430/33/62 1432/35/62
f 1445/53/63 1420/71/63 1416/2/63
f 1448/72/64 1417/22/64 1420/23/64
f 1416/2/65 1406/11/65 1402/3/65
f 1418/21/66 1403/4/66 1406/11/66
f 1424/28/67 1453/73/67 1450/56/67
f 1427/74/68 1451/59/68 1453/61/68
f 1431/1/69 1449/75/69 1445/53/69
f 1434/76/70 1443/47/70 1449/49/70
f 1402/3/71 1435/77/71 1431/1/71
f 1404/78/72 1429/30/72 1435/32/72
f 1408/12/73 1428/25/73 1424/28/73
f 1414/14/74 1422/5/74 1428/25/74
f 1464/12/76 1506/56/76 1494/44/76
f 1499/47/78 1492/38/78 1508/62/78
f 1473/22/77 1507/59/77 1479/26/77
f 1457/7/3 1461/8/3 1463/9/4
f 1458/3/5 1461/8/5 1460/10/6
f 1459/4/7 1461/8/7 1462/11/8
f 1464/12/9 1468/13/9 1470/14/10
f 1465/15/11 1468/13/11 1467/16/12
f 1466/6/13 1468/13/13 1469/17/13
f 1471/18/15 1475/19/15 1477/20/16
f 1472/2/17 1475/19/17 1474/21/17
f 1473/22/19 1475/19/19 1476/23/20
f 1478/5/21 1482/24/21 1484/25/22
f 1479/26/23 1482/24/23 1481/27/24
f 1480/28/25 1482/24/25 1483/29/26
f 1485/30/27 1489/31/27 1491/32/27
f 1486/33/29 1489/34/29 1488/35/30
f 1487/1/31 1489/36/31 1490/37/32
f 1492/38/33 1496/39/33 1498/40/34
f 1493/41/35 1496/42/35 1495/43/36
f 1494/44/37 1496/45/37 1497/46/38
f 1499/47/39 1503/48/39 1505/49/40
f 1500/50/41 1503/51/41 1502/52/42
f 1501/53/43 1503/54/43 1504/55/44
f 1506/56/45 1510/57/45 1512/58/46
f 1507/59/47 1510/60/47 1509/61/48
f 1508/62/49 1510/63/49 1511/64/50
f 1506/56/51 1498/65/51 1494/44/51
f 1512/66/52 1492/38/52 1498/40/52
f 1494/44/53 1467/67/53 1464/12/53
f 1497/68/54 1465/15/54 1467/16/54
f 1466/6/55 1463/9/55 1459/4/55
f 1469/17/56 1457/7/56 1463/9/56
f 1500/50/57 1511/69/57 1507/59/57
f 1502/70/58 1508/62/58 1511/64/58
f 1479/26/59 1477/20/59 1473/22/59
f 1481/27/60 1471/18/60 1477/20/60
f 1493/41/61 1488/35/61 1485/30/61
f 1495/43/62 1486/33/62 1488/35/62
f 1501/53/63 1476/71/63 1472/2/63
f 1504/72/64 1473/22/64 1476/23/64
f 1472/2/65 1462/11/65 1458/3/65
f 1474/21/66 1459/4/66 1462/11/66
f 1480/28/67 1509/73/67 1506/56/67
f 1483/74/68 1507/59/68 1509/61/68
f 1487/1/69 1505/75/69 1501/53/69
f 1490/76/70 1499/47/70 1505/49/70
f 1458/3/71 1491/77/71 1487/1/71
f 1460/78/72 1485/30/72 1491/32/72
f 1464/12/73 1484/25/73 1480/28/73
f 1470/14/74 1478/5/74 1484/25/74
f 31/1/1 45/53/1 16/2/1
f 3/4/2 15/18/2 22/5/2
f 1/7/3 4/78/79 5/8/3
f 2/3/5 6/11/80 5/8/5
f 3/4/7 7/9/81 5/8/7
f 8/12/9 11/67/82 12/13/9
f 9/15/11 13/17/83 12/13/11
f 10/6/13 14/14/84 12/13/13
f 15/18/15 18/21/85 19/19/15
f 16/2/17 20/71/86 19/19/17
f 17/22/19 21/20/87 19/19/19
f 22/5/21 25/27/88 26/24/21
f 23/26/23 27/74/89 26/24/23
f 24/28/25 28/25/90 26/24/25
f 29/30/27 32/35/91 33/31/27
f 30/33/29 34/76/92 33/34/29
f 31/1/31 35/77/93 33/36/31
f 36/38/33 39/43/94 40/39/33
f 37/41/35 41/68/95 40/42/35
f 38/44/37 42/65/96 40/45/37
f 43/47/39 46/70/97 47/48/39
f 44/50/41 48/72/98 47/51/41
f 45/53/43 49/75/99 47/54/43
f 50/56/45 53/73/100 54/57/45
f 51/59/47 55/69/101 54/60/47
f 52/62/49 56/66/102 54/63/49
f 50/56/51 56/58/51 42/65/51
f 56/66/52 52/62/52 36/38/52
f 38/44/53 41/46/53 11/67/53
f 41/68/54 37/41/54 9/15/54
f 10/6/55 13/17/55 7/9/55
f 13/17/56 9/15/56 1/7/56
f 44/50/57 46/52/57 55/69/57
f 46/70/58 43/47/58 52/62/58
f 23/26/59 25/27/59 21/20/59
f 25/27/60 22/5/60 15/18/60
f 37/41/61 39/43/61 32/35/61
f 39/43/62 36/38/62 30/33/62
f 45/53/63 48/55/63 20/71/63
f 48/72/64 44/50/64 17/22/64
f 16/2/65 18/21/65 6/11/65
f 18/21/66 15/18/66 3/4/66
f 24/28/67 27/29/67 53/73/67
f 27/74/68 23/26/68 51/59/68
f 31/1/69 34/37/69 49/75/69
f 34/76/70 30/33/70 43/47/70
f 2/3/71 4/10/71 35/77/71
f 4/78/72 1/7/72 29/30/72
f 8/12/73 14/14/73 28/25/73
f 14/14/74 10/6/74 22/5/74
f 29/30/75 1/7/75 9/15/75
f 64/12/76 80/28/76 106/56/76
f 87/1/1 101/53/1 72/2/1
f 59/4/2 71/18/2 78/5/2
f 57/7/3 60/78/79 61/8/3
f 58/3/5 62/11/80 61/8/5
f 59/4/7 63/9/81 61/8/7
f 64/12/9 67/67/82 68/13/9
f 65/15/11 69/17/83 68/13/11
f 66/6/13 70/14/84 68/13/13
f 71/18/15 74/21/85 75/19/15
f 72/2/17 76/71/86 75/19/17
f 73/22/19 77/20/87 75/19/19
f 78/5/21 81/27/88 82/24/21
f 79/26/23 83/74/89 82/24/23
f 80/28/25 84/25/90 82/24/25
f 85/30/27 88/35/91 89/31/27
f 86/33/29 90/76/92 89/34/29
f 87/1/31 91/77/93 89/36/31
f 92/38/33 95/43/94 96/39/33
f 93/41/35 97/68/95 96/42/35
f 94/44/37 98/65/96 96/45/37
f 99/47/39 102/70/97 103/48/39
f 100/50/41 104/72/98 103/51/41
f 101/53/43 105/75/99 103/54/43
f 106/56/45 109/73/100 110/57/45
f 107/59/47 111/69/101 110/60/47
f 108/62/49 112/66/102 110/63/49
f 106/56/51 112/58/51 98/65/51
f 112/66/52 108/62/52 92/38/52
f 94/44/53 97/46/53 67/67/53
f 97/68/54 93/41/54 65/15/54
f 66/6/55 69/17/55 63/9/55
f 69/17/56 65/15/56 57/7/56
f 100/50/57 102/52/57 111/69/57
f 102/70/58 99/47/58 108/62/58
f 79/26/59 81/27/59 77/20/59
f 81/27/60 78/5/60 71/18/60
f 93/41/61 95/43/61 88/35/61
f 95/43/62 92/38/62 86/33/62
f 101/53/63 104/55/63 76/71/63
f 104/72/64 100/50/64 73/22/64
f 72/2/65 74/21/65 62/11/65
f 74/21/66 71/18/66 59/4/66
f 80/28/67 83/29/67 109/73/67
f 83/74/68 79/26/68 107/59/68
f 87/1/69 90/37/69 105/75/69
f 90/76/70 86/33/70 99/47/70
f 58/3/71 60/10/71 91/77/71
f 60/78/72 57/7/72 85/30/72
f 64/12/73 70/14/73 84/25/73
f 70/14/74 66/6/74 78/5/74
f 85/30/75 57/7/75 65/15/75
f 120/12/76 136/28/76 162/56/76
f 115/4/2 127/18/2 134/5/2
f 113/7/3 116/78/79 117/8/3
f 114/3/5 118/11/80 117/8/5
f 115/4/7 119/9/81 117/8/7
f 120/12/9 123/67/82 124/13/9
f 121/15/11 125/17/83 124/13/11
f 122/6/13 126/14/84 124/13/13
f 127/18/15 130/21/85 131/19/15
f 128/2/17 132/71/86 131/19/17
f 129/22/19 133/20/87 131/19/19
f 134/5/21 137/27/88 138/24/21
f 135/26/23 139/74/89 138/24/23
f 136/28/25 140/25/90 138/24/25
f 141/30/27 144/35/91 145/31/27
f 142/33/29 146/76/92 145/34/29
f 143/1/31 147/77/93 145/36/31
f 148/38/33 151/43/94 152/39/33
f 149/41/35 153/68/95 152/42/35
f 150/44/37 154/65/96 152/45/37
f 155/47/39 158/70/97 159/48/39
f 156/50/41 160/72/98 159/51/41
f 157/53/43 161/75/99 159/54/43
f 162/56/45 165/73/100 166/57/45
f 163/59/47 167/69/101 166/60/47
f 164/62/49 168/66/102 166/63/49
f 162/56/51 168/58/51 154/65/51
f 168/66/52 164/62/52 148/38/52
f 150/44/53 153/46/53 123/67/53
f 153/68/54 149/41/54 121/15/54
f 122/6/55 125/17/55 119/9/55
f 125/17/56 121/15/56 113/7/56
f 156/50/57 158/52/57 167/69/57
f 158/70/58 155/47/58 164/62/58
f 135/26/59 137/27/59 133/20/59
f 137/27/60 134/5/60 127/18/60
f 149/41/61 151/43/61 144/35/61
f 151/43/62 148/38/62 142/33/62
f 157/53/63 160/55/63 132/71/63
f 160/72/64 156/50/64 129/22/64
f 128/2/65 130/21/65 118/11/65
f 130/21/66 127/18/66 115/4/66
f 136/28/67 139/29/67 165/73/67
f 139/74/68 135/26/68 163/59/68
f 143/1/69 146/37/69 161/75/69
f 146/76/70 142/33/70 155/47/70
f 114/3/71 116/10/71 147/77/71
f 116/78/72 113/7/72 141/30/72
f 120/12/73 126/14/73 140/25/73
f 126/14/74 122/6/74 134/5/74
f 141/30/75 113/7/75 121/15/75
f 185/22/77 212/50/77 219/59/77
f 199/1/1 213/53/1 184/2/1
f 171/4/2 183/18/2 190/5/2
f 169/7/3 172/78/79 173/8/3
f 170/3/5 174/11/80 173/8/5
f 171/4/7 175/9/81 173/8/7
f 176/12/9 179/67/82 180/13/9
f 177/15/11 181/17/83 180/13/11
f 178/6/13 182/14/84 180/13/13
f 183/18/15 186/21/85 187/19/15
f 184/2/17 188/71/86 187/19/17
f 185/22/19 189/20/87 187/19/19
f 190/5/21 193/27/88 194/24/21
f 191/26/23 195/74/89 194/24/23
f 192/28/25 196/25/90 194/24/25
f 197/30/27 200/35/91 201/31/27
f 198/33/29 202/76/92 201/34/29
f 199/1/31 203/77/93 201/36/31
f 204/38/33 207/43/94 208/39/33
f 205/41/35 209/68/95 208/42/35
f 206/44/37 210/65/96 208/45/37
f 211/47/39 214/70/97 215/48/39
f 212/50/41 216/72/98 215/51/41
f 213/53/43 217/75/99 215/54/43
f 218/56/45 221/73/100 222/57/45
f 219/59/47 223/69/101 222/60/47
f 220/62/49 224/66/102 222/63/49
f 218/56/51 224/58/51 210/65/51
f 224/66/52 220/62/52 204/38/52
f 206/44/53 209/46/53 179/67/53
f 209/68/54 205/41/54 177/15/54
f 178/6/55 181/17/55 175/9/55
f 181/17/56 177/15/56 169/7/56
f 212/50/57 214/52/57 223/69/57
f 214/70/58 211/47/58 220/62/58
f 191/26/59 193/27/59 189/20/59
f 193/27/60 190/5/60 183/18/60
f 205/41/61 207/43/61 200/35/61
f 207/43/62 204/38/62 198/33/62
f 213/53/63 216/55/63 188/71/63
f 216/72/64 212/50/64 185/22/64
f 184/2/65 186/21/65 174/11/65
f 186/21/66 183/18/66 171/4/66
f 192/28/67 195/29/67 221/73/67
f 195/74/68 191/26/68 219/59/68
f 199/1/69 202/37/69 217/75/69
f 202/76/70 198/33/70 211/47/70
f 170/3/71 172/10/71 203/77/71
f 172/78/72 169/7/72 197/30/72
f 176/12/73 182/14/73 196/25/73
f 182/14/74 178/6/74 190/5/74
f 197/30/75 169/7/75 177/15/75
f 232/12/76 248/28/76 274/56/76
f 241/22/77 268/50/77 275/59/77
f 255/1/1 269/53/1 240/2/1
f 227/4/2 239/18/2 246/5/2
f 225/7/3 228/78/79 229/8/3
f 226/3/5 230/11/80 229/8/5
f 227/4/7 231/9/81 229/8/7
f 232/12/9 235/67/82 236/13/9
f 233/15/11 237/17/83 236/13/11
f 234/6/13 238/14/84 236/13/13
f 239/18/15 242/21/85 243/19/15
f 240/2/17 244/71/86 243/19/17
f 241/22/19 245/20/87 243/19/19
f 246/5/21 249/27/88 250/24/21
f 247/26/23 251/74/89 250/24/23
f 248/28/25 252/25/90 250/24/25
f 253/30/27 256/35/91 257/31/27
f 254/33/29 258/76/92 257/34/29
f 255/1/31 259/77/93 257/36/31
f 260/38/33 263/43/94 264/39/33
f 261/41/35 265/68/95 264/42/35
f 262/44/37 266/65/96 264/45/37
f 267/47/39 270/70/97 271/48/39
f 268/50/41 272/72/98 271/51/41
f 269/53/43 273/75/99 271/54/43
f 274/56/45 277/73/100 278/57/45
f 275/59/47 279/69/101 278/60/47
f 276/62/49 280/66/102 278/63/49
f 274/56/51 280/58/51 266/65/51
f 280/66/52 276/62/52 260/38/52
f 262/44/53 265/46/53 235/67/53
f 265/68/54 261/41/54 233/15/54
f 234/6/55 237/17/55 231/9/55
f 237/17/56 233/15/56 225/7/56
f 268/50/57 270/52/57 279/69/57
f 270/70/58 267/47/58 276/62/58
f 247/26/59 249/27/59 245/20/59
f 249/27/60 246/5/60 239/18/60
f 261/41/61 263/43/61 256/35/61
f 263/43/62 260/38/62 254/33/62
f 269/53/63 272/55/63 244/71/63
f 272/72/64 268/50/64 241/22/64
f 240/2/65 242/21/65 230/11/65
f 242/21/66 239/18/66 227/4/66
f 248/28/67 251/29/67 277/73/67
f 251/74/68 247/26/68 275/59/68
f 255/1/69 258/37/69 273/75/69
f 258/76/70 254/33/70 267/47/70
f 226/3/71 228/10/71 259/77/71
f 228/78/72 225/7/72 253/30/72
f 232/12/73 238/14/73 252/25/73
f 238/14/74 234/6/74 246/5/74
f 253/30/75 225/7/75 233/15/75
f 288/12/76 304/28/76 330/56/76
f 297/22/77 324/50/77 331/59/77
f 283/4/2 295/18/2 302/5/2
f 281/7/3 284/78/79 285/8/3
f 282/3/5 286/11/80 285/8/5
f 283/4/7 287/9/81 285/8/7
f 288/12/9 291/67/82 292/13/9
f 289/15/11 293/17/83 292/13/11
f 290/6/13 294/14/84 292/13/13
f 295/18/15 298/21/85 299/19/15
f 296/2/17 300/71/86 299/19/17
f 297/22/19 301/20/87 299/19/19
f 302/5/21 305/27/88 306/24/21
f 303/26/23 307/74/89 306/24/23
f 304/28/25 308/25/90 306/24/25
f 309/30/27 312/35/91 313/31/27
f 310/33/29 314/76/92 313/34/29
f 311/1/31 315/77/93 313/36/31
f 316/38/33 319/43/94 320/39/33
f 317/41/35 321/68/95 320/42/35
f 318/44/37 322/65/96 320/45/37
f 323/47/39 326/70/97 327/48/39
f 324/50/41 328/72/98 327/51/41
f 325/53/43 329/75/99 327/54/43
f 330/56/45 333/73/100 334/57/45
f 331/59/47 335/69/101 334/60/47
f 332/62/49 336/66/102 334/63/49
f 330/56/51 336/58/51 322/65/51
f 336/66/52 332/62/52 316/38/52
f 318/44/53 321/46/53 291/67/53
f 321/68/54 317/41/54 289/15/54
f 290/6/55 293/17/55 287/9/55
f 293/17/56 289/15/56 281/7/56
f 324/50/57 326/52/57 335/69/57
f 326/70/58 323/47/58 332/62/58
f 303/26/59 305/27/59 301/20/59
f 305/27/60 302/5/60 295/18/60
f 317/41/61 319/43/61 312/35/61
f 319/43/62 316/38/62 310/33/62
f 325/53/63 328/55/63 300/71/63
f 328/72/64 324/50/64 297/22/64
f 296/2/65 298/21/65 286/11/65
f 298/21/66 295/18/66 283/4/66
f 304/28/67 307/29/67 333/73/67
f 307/74/68 303/26/68 331/59/68
f 311/1/69 314/37/69 329/75/69
f 314/76/70 310/33/70 323/47/70
f 282/3/71 284/10/71 315/77/71
f 284/78/72 281/7/72 309/30/72
f 288/12/73 294/14/73 308/25/73
f 294/14/74 290/6/74 302/5/74
f 309/30/75 281/7/75 289/15/75
f 353/22/77 380/50/77 387/59/77
f 367/1/1 381/53/1 352/2/1
f 339/4/2 351/18/2 358/5/2
f 337/7/3 340/78/79 341/8/3
f 338/3/5 342/11/80 341/8/5
f 339/4/7 343/9/81 341/8/7
f 344/12/9 347/67/82 348/13/9
f 345/15/11 349/17/83 348/13/11
f 346/6/13 350/14/84 348/13/13
f 351/18/15 354/21/85 355/19/15
f 352/2/17 356/71/86 355/19/17
f 353/22/19 357/20/87 355/19/19
f 358/5/21 361/27/88 362/24/21
f 359/26/23 363/74/89 362/24/23
f 360/28/25 364/25/90 362/24/25
f 365/30/27 368/35/91 369/31/27
f 366/33/29 370/76/92 369/34/29
f 367/1/31 371/77/93 369/36/31
f 372/38/33 375/43/94 376/39/33
f 373/41/35 377/68/95 376/42/35
f 374/44/37 378/65/96 376/45/37
f 379/47/39 382/70/97 383/48/39
f 380/50/41 384/72/98 383/51/41
f 381/53/43 385/75/99 383/54/43
f 386/56/45 389/73/100 390/57/45
f 387/59/47 391/69/101 390/60/47
f 388/62/49 392/66/102 390/63/49
f 386/56/51 392/58/51 378/65/51
f 392/66/52 388/62/52 372/38/52
f 374/44/53 377/46/53 347/67/53
f 377/68/54 373/41/54 345/15/54
f 346/6/55 349/17/55 343/9/55
f 349/17/56 345/15/56 337/7/56
f 380/50/57 382/52/57 391/69/57
f 382/70/58 379/47/58 388/62/58
f 359/26/59 361/27/59 357/20/59
f 361/27/60 358/5/60 351/18/60
f 373/41/61 375/43/61 368/35/61
f 375/43/62 372/38/62 366/33/62
f 381/53/63 384/55/63 356/71/63
f 384/72/64 380/50/64 353/22/64
f 352/2/65 354/21/65 342/11/65
f 354/21/66 351/18/66 339/4/66
f 360/28/67 363/29/67 389/73/67
f 363/74/68 359/26/68 387/59/68
f 367/1/69 370/37/69 385/75/69
f 370/76/70 366/33/70 379/47/70
f 338/3/71 340/10/71 371/77/71
f 340/78/72 337/7/72 365/30/72
f 344/12/73 350/14/73 364/25/73
f 350/14/74 346/6/74 358/5/74
f 400/12/76 416/28/76 442/56/76
f 409/22/77 436/50/77 443/59/77
f 423/1/1 437/53/1 408/2/1
f 395/4/2 407/18/2 414/5/2
f 393/7/3 396/78/79 397/8/3
f 394/3/5 398/11/5 397/8/5
f 395/4/7 399/9/81 397/8/7
f 400/12/9 403/67/82 404/13/9
f 401/15/11 405/17/83 404/13/11
f 402/6/13 406/14/84 404/13/13
f 407/18/15 410/21/85 411/19/15
f 408/2/17 412/71/86 411/19/17
f 409/22/19 413/20/87 411/19/19
f 414/5/21 417/27/88 418/24/21
f 415/26/23 419/74/89 418/24/23
f 416/28/25 420/25/90 418/24/25
f 421/30/27 424/35/91 425/31/27
f 422/33/29 426/76/92 425/34/29
f 423/1/31 427/77/93 425/36/31
f 428/38/33 431/43/94 432/39/33
f 429/41/35 433/68/95 432/42/35
f 430/44/37 434/65/96 432/45/37
f 435/47/39 438/70/97 439/48/39
f 436/50/41 440/72/98 439/51/41
f 437/53/43 441/75/99 439/54/43
f 442/56/45 445/73/100 446/57/45
f 443/59/47 447/69/101 446/60/47
f 444/62/49 448/66/102 446/63/49
f 442/56/51 448/58/51 434/65/51
f 448/66/52 444/62/52 428/38/52
f 430/44/53 433/46/53 403/67/53
f 433/68/54 429/41/54 401/15/54
f 402/6/55 405/17/55 399/9/55
f 405/17/56 401/15/56 393/7/56
f 436/50/57 438/52/57 447/69/57
f 438/70/58 435/47/58 444/62/58
f 415/26/59 417/27/59 413/20/59
f 417/27/60 414/5/60 407/18/60
f 429/41/61 431/43/61 424/35/61
f 431/43/62 428/38/62 422/33/62
f 437/53/63 440/55/63 412/71/63
f 440/72/64 436/50/64 409/22/64
f 408/2/65 410/21/65 398/11/65
f 410/21/66 407/18/66 395/4/66
f 416/28/67 419/29/67 445/73/67
f 419/74/68 415/26/68 443/59/68
f 423/1/69 426/37/69 441/75/69
f 426/76/70 422/33/70 435/47/70
f 394/3/71 396/10/71 427/77/71
f 396/78/72 393/7/72 421/30/72
f 400/12/73 406/14/73 420/25/73
f 406/14/74 402/6/74 414/5/74
f 456/12/76 472/28/76 498/56/76
f 465/22/77 492/50/77 499/59/77
f 451/4/2 463/18/2 470/5/2
f 449/7/3 452/78/3 453/8/3
f 450/3/5 454/11/5 453/8/5
f 451/4/7 455/9/81 453/8/7
f 456/12/9 459/67/82 460/13/9
f 457/15/11 461/17/83 460/13/11
f 458/6/13 462/14/84 460/13/13
f 463/18/15 466/21/85 467/19/15
f 464/2/17 468/71/86 467/19/17
f 465/22/19 469/20/87 467/19/19
f 470/5/21 473/27/88 474/24/21
f 471/26/23 475/74/89 474/24/23
f 472/28/25 476/25/90 474/24/25
f 477/30/27 480/35/91 481/31/27
f 478/33/29 482/76/92 481/34/29
f 479/1/31 483/77/93 481/36/31
f 484/38/33 487/43/94 488/39/33
f 485/41/35 489/68/95 488/42/35
f 486/44/37 490/65/37 488/45/37
f 491/47/39 494/70/97 495/48/39
f 492/50/41 496/72/98 495/51/41
f 493/53/43 497/75/99 495/54/43
f 498/56/45 501/73/100 502/57/45
f 499/59/47 503/69/101 502/60/47
f 500/62/49 504/66/102 502/63/49
f 498/56/51 504/58/51 490/65/51
f 504/66/52 500/62/52 484/38/52
f 486/44/53 489/46/53 459/67/53
f 489/68/54 485/41/54 457/15/54
f 458/6/55 461/17/55 455/9/55
f 461/17/56 457/15/56 449/7/56
f 492/50/57 494/52/57 503/69/57
f 494/70/58 491/47/58 500/62/58
f 471/26/59 473/27/59 469/20/59
f 473/27/60 470/5/60 463/18/60
f 485/41/61 487/43/61 480/35/61
f 487/43/62 484/38/62 478/33/62
f 493/53/63 496/55/63 468/71/63
f 496/72/64 492/50/64 465/22/64
f 464/2/65 466/21/65 454/11/65
f 466/21/66 463/18/66 451/4/66
f 472/28/67 475/29/67 501/73/67
f 475/74/68 471/26/68 499/59/68
f 479/1/69 482/37/69 497/75/69
f 482/76/70 478/33/70 491/47/70
f 450/3/71 452/10/71 483/77/71
f 452/78/72 449/7/72 477/30/72
f 456/12/73 462/14/73 476/25/73
f 462/14/74 458/6/74 470/5/74
f 547/47/78 534/33/78 540/38/78
f 535/1/1 549/53/1 520/2/1
f 507/4/2 519/18/2 526/5/2
f 505/7/3 508/78/79 509/8/3
f 506/3/5 510/11/80 509/8/5
f 507/4/7 511/9/81 509/8/7
f 512/12/9 515/67/82 516/13/9
f 513/15/11 517/17/83 516/13/11
f 514/6/13 518/14/84 516/13/13
f 519/18/15 522/21/85 523/19/15
f 520/2/17 524/71/86 523/19/17
f 521/22/19 525/20/87 523/19/19
f 526/5/21 529/27/88 530/24/21
f 527/26/23 531/74/89 530/24/23
f 528/28/25 532/25/90 530/24/25
f 533/30/27 536/35/91 537/31/27
f 534/33/29 538/76/92 537/34/29
f 535/1/31 539/77/93 537/36/31
f 540/38/33 543/43/94 544/39/33
f 541/41/35 545/68/95 544/42/35
f 542/44/37 546/65/96 544/45/37
f 547/47/39 550/70/97 551/48/39
f 548/50/41 552/72/98 551/51/41
f 549/53/43 553/75/99 551/54/43
f 554/56/45 557/73/100 558/57/45
f 555/59/47 559/69/101 558/60/47
f 556/62/49 560/66/102 558/63/49
f 554/56/51 560/58/51 546/65/51
f 560/66/52 556/62/52 540/38/52
f 542/44/53 545/46/53 515/67/53
f 545/68/54 541/41/54 513/15/54
f 514/6/55 517/17/55 511/9/55
f 517/17/56 513/15/56 505/7/56
f 548/50/57 550/52/57 559/69/57
f 550/70/58 547/47/58 556/62/58
f 527/26/59 529/27/59 525/20/59
f 529/27/60 526/5/60 519/18/60
f 541/41/61 543/43/61 536/35/61
f 543/43/62 540/38/62 534/33/62
f 549/53/63 552/55/63 524/71/63
f 552/72/64 548/50/64 521/22/64
f 520/2/65 522/21/65 510/11/65
f 522/21/66 519/18/66 507/4/66
f 528/28/67 531/29/67 557/73/67
f 531/74/68 527/26/68 555/59/68
f 535/1/69 538/37/69 553/75/69
f 538/76/70 534/33/70 547/47/70
f 506/3/71 508/10/71 539/77/71
f 508/78/72 505/7/72 533/30/72
f 512/12/73 518/14/73 532/25/73
f 518/14/74 514/6/74 526/5/74
f 533/30/75 505/7/75 513/15/75
f 568/12/76 584/28/76 610/56/76
f 603/47/78 590/33/78 596/38/78
f 591/1/1 605/53/1 576/2/1
f 563/4/2 575/18/2 582/5/2
f 561/7/3 564/78/79 565/8/3
f 562/3/5 566/11/80 565/8/5
f 563/4/7 567/9/81 565/8/7
f 568/12/9 571/67/82 572/13/9
f 569/15/11 573/17/83 572/13/11
f 570/6/13 574/14/84 572/13/13
f 575/18/15 578/21/85 579/19/15
f 576/2/17 580/71/86 579/19/17
f 577/22/19 581/20/87 579/19/19
f 582/5/21 585/27/88 586/24/21
f 583/26/23 587/74/89 586/24/23
f 584/28/25 588/25/90 586/24/25
f 589/30/27 592/35/91 593/31/27
f 590/33/29 594/76/92 593/34/29
f 591/1/31 595/77/93 593/36/31
f 596/38/33 599/43/94 600/39/33
f 597/41/35 601/68/95 600/42/35
f 598/44/37 602/65/96 600/45/37
f 603/47/39 606/70/97 607/48/39
f 604/50/41 608/72/98 607/51/41
f 605/53/43 609/75/99 607/54/43
f 610/56/45 613/73/100 614/57/45
f 611/59/47 615/69/101 614/60/47
f 612/62/49 616/66/102 614/63/49
f 610/56/51 616/58/51 602/65/51
f 616/66/52 612/62/52 596/38/52
f 598/44/53 601/46/53 571/67/53
f 601/68/54 597/41/54 569/15/54
f 570/6/55 573/17/55 567/9/55
f 573/17/56 569/15/56 561/7/56
f 604/50/57 606/52/57 615/69/57
f 606/70/58 603/47/58 612/62/58
f 583/26/59 585/27/59 581/20/59
f 585/27/60 582/5/60 575/18/60
f 597/41/61 599/43/61 592/35/61
f 599/43/62 596/38/62 590/33/62
f 605/53/63 608/55/63 580/71/63
f 608/72/64 604/50/64 577/22/64
f 576/2/65 578/21/65 566/11/65
f 578/21/66 575/18/66 563/4/66
f 584/28/67 587/29/67 613/73/67
f 587/74/68 583/26/68 611/59/68
f 591/1/69 594/37/69 609/75/69
f 594/76/70 590/33/70 603/47/70
f 562/3/71 564/10/71 595/77/71
f 564/78/72 561/7/72 589/30/72
f 568/12/73 574/14/73 588/25/73
f 574/14/74 570/6/74 582/5/74
f 589/30/75 561/7/75 569/15/75
f 624/12/76 640/28/76 666/56/76
f 659/47/78 646/33/78 652/38/78
f 619/4/2 631/18/2 638/5/2
f 617/7/3 620/78/79 621/8/3
f 618/3/5 622/11/80 621/8/5
f 619/4/7 623/9/7 621/8/7
f 624/12/9 627/67/82 628/13/9
f 625/15/11 629/17/83 628/13/11
f 626/6/13 630/14/84 628/13/13
f 631/18/15 634/21/85 635/19/15
f 632/2/17 636/71/86 635/19/17
f 633/22/19 637/20/87 635/19/19
f 638/5/21 641/27/88 642/24/21
f 639/26/23 643/74/89 642/24/23
f 640/28/25 644/25/90 642/24/25
f 645/30/27 648/35/91 649/31/27
f 646/33/29 650/76/92 649/34/29
f 647/1/31 651/77/93 649/36/31
f 652/38/33 655/43/94 656/39/33
f 653/41/35 657/68/95 656/42/35
f 654/44/37 658/65/96 656/45/37
f 659/47/39 662/70/97 663/48/39
f 660/50/41 664/72/98 663/51/41
f 661/53/43 665/75/99 663/54/43
f 666/56/45 669/73/100 670/57/45
f 667/59/47 671/69/101 670/60/47
f 668/62/49 672/66/102 670/63/49
f 666/56/51 672/58/51 658/65/51
f 672/66/52 668/62/52 652/38/52
f 654/44/53 657/46/53 627/67/53
f 657/68/54 653/41/54 625/15/54
f 626/6/55 629/17/55 623/9/55
f 629/17/56 625/15/56 617/7/56
f 660/50/57 662/52/57 671/69/57
f 662/70/58 659/47/58 668/62/58
f 639/26/59 641/27/59 637/20/59
f 641/27/60 638/5/60 631/18/60
f 653/41/61 655/43/61 648/35/61
f 655/43/62 652/38/62 646/33/62
f 661/53/63 664/55/63 636/71/63
f 664/72/64 660/50/64 633/22/64
f 632/2/65 634/21/65 622/11/65
f 634/21/66 631/18/66 619/4/66
f 640/28/67 643/29/67 669/73/67
f 643/74/68 639/26/68 667/59/68
f 647/1/69 650/37/69 665/75/69
f 650/76/70 646/33/70 659/47/70
f 618/3/71 620/10/71 651/77/71
f 620/78/72 617/7/72 645/30/72
f 624/12/73 630/14/73 644/25/73
f 630/14/74 626/6/74 638/5/74
f 645/30/75 617/7/75 625/15/75
f 715/47/78 702/33/78 708/38/78
f 689/22/77 716/50/77 723/59/77
f 703/1/1 717/53/1 688/2/1
f 675/4/2 687/18/2 694/5/2
f 673/7/3 676/78/79 677/8/3
f 674/3/5 678/11/80 677/8/5
f 675/4/7 679/9/81 677/8/7
f 680/12/9 683/67/82 684/13/9
f 681/15/11 685/17/83 684/13/11
f 682/6/13 686/14/84 684/13/13
f 687/18/15 690/21/85 691/19/15
f 688/2/17 692/71/86 691/19/17
f 689/22/19 693/20/87 691/19/19
f 694/5/21 697/27/88 698/24/21
f 695/26/23 699/74/89 698/24/23
f 696/28/25 700/25/90 698/24/25
f 701/30/27 704/35/91 705/31/27
f 702/33/29 706/76/92 705/34/29
f 703/1/31 707/77/93 705/36/31
f 708/38/33 711/43/94 712/39/33
f 709/41/35 713/68/95 712/42/35
f 710/44/37 714/65/96 712/45/37
f 715/47/39 718/70/97 719/48/39
f 716/50/41 720/72/98 719/51/41
f 717/53/43 721/75/99 719/54/43
f 722/56/45 725/73/100 726/57/45
f 723/59/47 727/69/101 726/60/47
f 724/62/49 728/66/102 726/63/49
f 722/56/51 728/58/51 714/65/51
f 728/66/52 724/62/52 708/38/52
f 710/44/53 713/46/53 683/67/53
f 713/68/54 709/41/54 681/15/54
f 682/6/55 685/17/55 679/9/55
f 685/17/56 681/15/56 673/7/56
f 716/50/57 718/52/57 727/69/57
f 718/70/58 715/47/58 724/62/58
f 695/26/59 697/27/59 693/20/59
f 697/27/60 694/5/60 687/18/60
f 709/41/61 711/43/61 704/35/61
f 711/43/62 708/38/62 702/33/62
f 717/53/63 720/55/63 692/71/63
f 720/72/64 716/50/64 689/22/64
f 688/2/65 690/21/65 678/11/65
f 690/21/66 687/18/66 675/4/66
f 696/28/67 699/29/67 725/73/67
f 699/74/68 695/26/68 723/59/68
f 703/1/69 706/37/69 721/75/69
f 706/76/70 702/33/70 715/47/70
f 674/3/71 676/10/71 707/77/71
f 676/78/72 673/7/72 701/30/72
f 680/12/73 686/14/73 700/25/73
f 686/14/74 682/6/74 694/5/74
f 701/30/75 673/7/75 681/15/75
f 736/12/76 752/28/76 778/56/76
f 771/47/78 758/33/78 764/38/78
f 745/22/77 772/50/77 779/59/77
f 759/1/1 773/53/1 744/2/1
f 731/4/2 743/18/2 750/5/2
f 729/7/3 732/78/79 733/8/3
f 730/3/5 734/11/80 733/8/5
f 731/4/7 735/9/81 733/8/7
f 736/12/9 739/67/82 740/13/9
f 737/15/11 741/17/83 740/13/11
f 738/6/13 742/14/84 740/13/13
f 743/18/15 746/21/85 747/19/15
f 744/2/17 748/71/86 747/19/17
f 745/22/19 749/20/87 747/19/19
f 750/5/21 753/27/88 754/24/21
f 751/26/23 755/74/89 754/24/23
f 752/28/25 756/25/90 754/24/25
f 757/30/27 760/35/91 761/31/27
f 758/33/29 762/76/92 761/34/29
f 759/1/31 763/77/93 761/36/31
f 764/38/33 767/43/94 768/39/33
f 765/41/35 769/68/95 768/42/35
f 766/44/37 770/65/96 768/45/37
f 771/47/39 774/70/97 775/48/39
f 772/50/41 776/72/98 775/51/41
f 773/53/43 777/75/99 775/54/43
f 778/56/45 781/73/100 782/57/45
f 779/59/47 783/69/101 782/60/47
f 780/62/49 784/66/102 782/63/49
f 778/56/51 784/58/51 770/65/51
f 784/66/52 780/62/52 764/38/52
f 766/44/53 769/46/53 739/67/53
f 769/68/54 765/41/54 737/15/54
f 738/6/55 741/17/55 735/9/55
f 741/17/56 737/15/56 729/7/56
f 772/50/57 774/52/57 783/69/57
f 774/70/58 771/47/58 780/62/58
f 751/26/59 753/27/59 749/20/59
f 753/27/60 750/5/60 743/18/60
f 765/41/61 767/43/61 760/35/61
f 767/43/62 764/38/62 758/33/62
f 773/53/63 776/55/63 748/71/63
f 776/72/64 772/50/64 745/22/64
f 744/2/65 746/21/65 734/11/65
f 746/21/66 743/18/66 731/4/66
f 752/28/67 755/29/67 781/73/67
f 755/74/68 751/26/68 779/59/68
f 759/1/69 762/37/69 777/75/69
f 762/76/70 758/33/70 771/47/70
f 730/3/71 732/10/71 763/77/71
f 732/78/72 729/7/72 757/30/72
f 736/12/73 742/14/73 756/25/73
f 742/14/74 738/6/74 750/5/74
f 757/30/75 729/7/75 737/15/75
f 792/12/76 808/28/76 834/56/76
f 827/47/78 814/33/78 820/38/78
f 801/22/77 828/50/77 835/59/77
f 787/4/2 799/18/2 806/5/2
f 785/7/3 788/78/79 789/8/3
f 786/3/5 790/11/80 789/8/5
f 787/4/7 791/9/81 789/8/7
f 792/12/9 795/67/82 796/13/9
f 793/15/11 797/17/83 796/13/11
f 794/6/13 798/14/84 796/13/13
f 799/18/15 802/21/85 803/19/15
f 800/2/17 804/71/86 803/19/17
f 801/22/19 805/20/87 803/19/19
f 806/5/21 809/27/88 810/24/21
f 807/26/23 811/74/89 810/24/23
f 808/28/25 812/25/90 810/24/25
f 813/30/27 816/35/91 817/31/27
f 814/33/29 818/76/92 817/34/29
f 815/1/31 819/77/93 817/36/31
f 820/38/33 823/43/94 824/39/33
f 821/41/35 825/68/95 824/42/35
f 822/44/37 826/65/96 824/45/37
f 827/47/39 830/70/97 831/48/39
f 828/50/41 832/72/98 831/51/41
f 829/53/43 833/75/99 831/54/43
f 834/56/45 837/73/100 838/57/45
f 835/59/47 839/69/101 838/60/47
f 836/62/49 840/66/102 838/63/49
f 834/56/51 840/58/51 826/65/51
f 840/66/52 836/62/52 820/38/52
f 822/44/53 825/46/53 795/67/53
f 825/68/54 821/41/54 793/15/54
f 794/6/55 797/17/55 791/9/55
f 797/17/56 793/15/56 785/7/56
f 828/50/57 830/52/57 839/69/57
f 830/70/58 827/47/58 836/62/58
f 807/26/59 809/27/59 805/20/59
f 809/27/60 806/5/60 799/18/60
f 821/41/61 823/43/61 816/35/61
f 823/43/62 820/38/62 814/33/62
f 829/53/63 832/55/63 804/71/63
f 832/72/64 828/50/64 801/22/64
f 800/2/65 802/21/65 790/11/65
f 802/21/66 799/18/66 787/4/66
f 808/28/67 811/29/67 837/73/67
f 811/74/68 807/26/68 835/59/68
f 815/1/69 818/37/69 833/75/69
f 818/76/70 814/33/70 827/47/70
f 786/3/71 788/10/71 819/77/71
f 788/78/72 785/7/72 813/30/72
f 792/12/73 798/14/73 812/25/73
f 798/14/74 794/6/74 806/5/74
f 813/30/75 785/7/75 793/15/75
f 883/47/78 870/33/78 876/38/78
f 857/22/77 884/50/77 891/59/77
f 871/1/1 885/53/1 856/2/1
f 843/4/2 855/18/2 862/5/2
f 841/7/3 844/78/79 845/8/3
f 842/3/5 846/11/80 845/8/5
f 843/4/7 847/9/81 845/8/7
f 848/12/9 851/67/82 852/13/9
f 849/15/11 853/17/83 852/13/11
f 850/6/13 854/14/84 852/13/13
f 855/18/15 858/21/85 859/19/15
f 856/2/17 860/71/86 859/19/17
f 857/22/19 861/20/87 859/19/19
f 862/5/21 865/27/88 866/24/21
f 863/26/23 867/74/89 866/24/23
f 864/28/25 868/25/90 866/24/25
f 869/30/27 872/35/91 873/31/27
f 870/33/29 874/76/92 873/34/29
f 871/1/31 875/77/93 873/36/31
f 876/38/33 879/43/94 880/39/33
f 877/41/35 881/68/95 880/42/35
f 878/44/37 882/65/96 880/45/37
f 883/47/39 886/70/97 887/48/39
f 884/50/41 888/72/98 887/51/41
f 885/53/43 889/75/99 887/54/43
f 890/56/45 893/73/100 894/57/45
f 891/59/47 895/69/101 894/60/47
f 892/62/49 896/66/102 894/63/49
f 890/56/51 896/58/51 882/65/51
f 896/66/52 892/62/52 876/38/52
f 878/44/53 881/46/53 851/67/53
f 881/68/54 877/41/54 849/15/54
f 850/6/55 853/17/55 847/9/55
f 853/17/56 849/15/56 841/7/56
f 884/50/57 886/52/57 895/69/57
f 886/70/58 883/47/58 892/62/58
f 863/26/59 865/27/59 861/20/59
f 865/27/60 862/5/60 855/18/60
f 877/41/61 879/43/61 872/35/61
f 879/43/62 876/38/62 870/33/62
f 885/53/63 888/55/63 860/71/63
f 888/72/64 884/50/64 857/22/64
f 856/2/65 858/21/65 846/11/65
f 858/21/66 855/18/66 843/4/66
f 864/28/67 867/29/67 893/73/67
f 867/74/68 863/26/68 891/59/68
f 871/1/69 874/37/69 889/75/69
f 874/76/70 870/33/70 883/47/70
f 842/3/71 844/10/71 875/77/71
f 844/78/72 841/7/72 869/30/72
f 848/12/73 854/14/73 868/25/73
f 854/14/74 850/6/74 862/5/74
f 904/12/76 920/28/76 946/56/76
f 939/47/78 926/33/78 932/38/78
f 913/22/77 940/50/77 947/59/77
f 927/1/1 941/53/1 912/2/1
f 899/4/2 911/18/2 918/5/2
f 897/7/3 900/78/79 901/8/3
f 898/3/5 902/11/80 901/8/5
f 899/4/7 903/9/81 901/8/7
f 904/12/9 907/67/82 908/13/9
f 905/15/11 909/17/83 908/13/11
f 906/6/13 910/14/84 908/13/13
f 911/18/15 914/21/85 915/19/15
f 912/2/17 916/71/86 915/19/17
f 913/22/19 917/20/87 915/19/19
f 918/5/21 921/27/88 922/24/21
f 919/26/23 923/74/89 922/24/23
f 920/28/25 924/25/90 922/24/25
f 925/30/27 928/35/91 929/31/27
f 926/33/29 930/76/92 929/34/29
f 927/1/31 931/77/93 929/36/31
f 932/38/33 935/43/94 936/39/33
f 933/41/35 937/68/95 936/42/35
f 934/44/37 938/65/96 936/45/37
f 939/47/39 942/70/97 943/48/39
f 940/50/41 944/72/98 943/51/41
f 941/53/43 945/75/99 943/54/43
f 946/56/45 949/73/100 950/57/45
f 947/59/47 951/69/101 950/60/47
f 948/62/49 952/66/102 950/63/49
f 946/56/51 952/58/51 938/65/51
f 952/66/52 948/62/52 932/38/52
f 934/44/53 937/46/53 907/67/53
f 937/68/54 933/41/54 905/15/54
f 906/6/55 909/17/55 903/9/55
f 909/17/56 905/15/56 897/7/56
f 940/50/57 942/52/57 951/69/57
f 942/70/58 939/47/58 948/62/58
f 919/26/59 921/27/59 917/20/59
f 921/27/60 918/5/60 911/18/60
f 933/41/61 935/43/61 928/35/61
f 935/43/62 932/38/62 926/33/62
f 941/53/63 944/55/63 916/71/63
f 944/72/64 940/50/64 913/22/64
f 912/2/65 914/21/65 902/11/65
f 914/21/66 911/18/66 899/4/66
f 920/28/67 923/29/67 949/73/67
f 923/74/68 919/26/68 947/59/68
f 927/1/69 930/37/69 945/75/69
f 930/76/70 926/33/70 939/47/70
f 898/3/71 900/10/71 931/77/71
f 900/78/72 897/7/72 925/30/72
f 904/12/73 910/14/73 924/25/73
f 910/14/74 906/6/74 918/5/74
f 960/12/76 976/28/76 1002/56/76
f 995/47/78 982/33/78 988/38/78
f 969/22/77 996/50/77 1003/59/77
f 955/4/2 967/18/2 974/5/2
f 953/7/3 956/78/3 957/8/3
f 954/3/5 958/11/80 957/8/5
f 955/4/7 959/9/81 957/8/7
f 960/12/9 963/67/82 964/13/9
f 961/15/11 965/17/83 964/13/11
f 962/6/13 966/14/84 964/13/13
f 967/18/15 970/21/85 971/19/15
f 968/2/17 972/71/86 971/19/17
f 969/22/19 973/20/87 971/19/19
f 974/5/21 977/27/88 978/24/21
f 975/26/23 979/74/89 978/24/23
f 976/28/25 980/25/90 978/24/25
f 981/30/27 984/35/91 985/31/27
f 982/33/29 986/76/92 985/34/29
f 983/1/31 987/77/93 985/36/31
f 988/38/33 991/43/94 992/39/33
f 989/41/35 993/68/95 992/42/35
f 990/44/37 994/65/96 992/45/37
f 995/47/39 998/70/97 999/48/39
f 996/50/41 1000/72/98 999/51/41
f 997/53/43 1001/75/99 999/54/43
f 1002/56/45 1005/73/100 1006/57/45
f 1003/59/47 1007/69/101 1006/60/47
f 1004/62/49 1008/66/102 1006/63/49
f 1002/56/51 1008/58/51 994/65/51
f 1008/66/52 1004/62/52 988/38/52
f 990/44/53 993/46/53 963/67/53
f 993/68/54 989/41/54 961/15/54
f 962/6/55 965/17/55 959/9/55
f 965/17/56 961/15/56 953/7/56
f 996/50/57 998/52/57 1007/69/57
f 998/70/58 995/47/58 1004/62/58
f 975/26/59 977/27/59 973/20/59
f 977/27/60 974/5/60 967/18/60
f 989/41/61 991/43/61 984/35/61
f 991/43/62 988/38/62 982/33/62
f 997/53/63 1000/55/63 972/71/63
f 1000/72/64 996/50/64 969/22/64
f 968/2/65 970/21/65 958/11/65
f 970/21/66 967/18/66 955/4/66
f 976/28/67 979/29/67 1005/73/67
f 979/74/68 975/26/68 1003/59/68
f 983/1/69 986/37/69 1001/75/69
f 986/76/70 982/33/70 995/47/70
f 954/3/71 956/10/71 987/77/71
f 956/78/72 953/7/72 981/30/72
f 960/12/73 966/14/73 980/25/73
f 966/14/74 962/6/74 974/5/74
f 1051/47/78 1038/33/78 1044/38/78
f 1039/1/1 1053/53/1 1024/2/1
f 1009/7/3 1012/78/79 1013/8/3
f 1010/3/5 1014/11/80 1013/8/5
f 1011/4/7 1015/9/81 1013/8/7
f 1016/12/9 1019/67/82 1020/13/9
f 1017/15/11 1021/17/83 1020/13/11
f 1018/6/13 1022/14/84 1020/13/13
f 1023/18/15 1026/21/85 1027/19/15
f 1024/2/17 1028/71/86 1027/19/17
f 1025/22/19 1029/20/87 1027/19/19
f 1030/5/21 1033/27/88 1034/24/21
f 1031/26/23 1035/74/89 1034/24/23
f 1032/28/25 1036/25/90 1034/24/25
f 1037/30/27 1040/35/91 1041/31/27
f 1038/33/29 1042/76/92 1041/34/29
f 1039/1/31 1043/77/93 1041/36/31
f 1044/38/33 1047/43/94 1048/39/33
f 1045/41/35 1049/68/95 1048/42/35
f 1046/44/37 1050/65/96 1048/45/37
f 1051/47/39 1054/70/97 1055/48/39
f 1052/50/41 1056/72/98 1055/51/41
f 1053/53/43 1057/75/99 1055/54/43
f 1058/56/45 1061/73/100 1062/57/45
f 1059/59/47 1063/69/101 1062/60/47
f 1060/62/49 1064/66/102 1062/63/49
f 1058/56/51 1064/58/51 1050/65/51
f 1064/66/52 1060/62/52 1044/38/52
f 1046/44/53 1049/46/53 1019/67/53
f 1049/68/54 1045/41/54 1017/15/54
f 1018/6/55 1021/17/55 1015/9/55
f 1021/17/56 1017/15/56 1009/7/56
f 1052/50/57 1054/52/57 1063/69/57
f 1054/70/58 1051/47/58 1060/62/58
f 1031/26/59 1033/27/59 1029/20/59
f 1033/27/60 1030/5/60 1023/18/60
f 1045/41/61 1047/43/61 1040/35/61
f 1047/43/62 1044/38/62 1038/33/62
f 1053/53/63 1056/55/63 1028/71/63
f 1056/72/64 1052/50/64 1025/22/64
f 1024/2/65 1026/21/65 1014/11/65
f 1026/21/66 1023/18/66 1011/4/66
f 1032/28/67 1035/29/67 1061/73/67
f 1035/74/68 1031/26/68 1059/59/68
f 1039/1/69 1042/37/69 1057/75/69
f 1042/76/70 1038/33/70 1051/47/70
f 1010/3/71 1012/10/71 1043/77/71
f 1012/78/72 1009/7/72 1037/30/72
f 1016/12/73 1022/14/73 1036/25/73
f 1022/14/74 1018/6/74 1030/5/74
f 1037/30/75 1009/7/75 1017/15/75
f 1072/12/76 1088/28/76 1114/56/76
f 1107/47/78 1094/33/78 1100/38/78
f 1095/1/1 1109/53/1 1080/2/1
f 1065/7/3 1068/78/79 1069/8/3
f 1066/3/5 1070/11/80 1069/8/5
f 1067/4/7 1071/9/81 1069/8/7
f 1072/12/9 1075/67/82 1076/13/9
f 1073/15/11 1077/17/83 1076/13/11
f 1074/6/13 1078/14/84 1076/13/13
f 1079/18/15 1082/21/85 1083/19/15
f 1080/2/17 1084/71/86 1083/19/17
f 1081/22/19 1085/20/87 1083/19/19
f 1086/5/21 1089/27/88 1090/24/21
f 1087/26/23 1091/74/89 1090/24/23
f 1088/28/25 1092/25/90 1090/24/25
f 1093/30/27 1096/35/91 1097/31/27
f 1094/33/29 1098/76/92 1097/34/29
f 1095/1/31 1099/77/93 1097/36/31
f 1100/38/33 1103/43/94 1104/39/33
f 1101/41/35 1105/68/95 1104/42/35
f 1102/44/37 1106/65/96 1104/45/37
f 1107/47/39 1110/70/97 1111/48/39
f 1108/50/41 1112/72/98 1111/51/41
f 1109/53/43 1113/75/99 1111/54/43
f 1114/56/45 1117/73/100 1118/57/45
f 1115/59/47 1119/69/101 1118/60/47
f 1116/62/49 1120/66/102 1118/63/49
f 1114/56/51 1120/58/51 1106/65/51
f 1120/66/52 1116/62/52 1100/38/52
f 1102/44/53 1105/46/53 1075/67/53
f 1105/68/54 1101/41/54 1073/15/54
f 1074/6/55 1077/17/55 1071/9/55
f 1077/17/56 1073/15/56 1065/7/56
f 1108/50/57 1110/52/57 1119/69/57
f 1110/70/58 1107/47/58 1116/62/58
f 1087/26/59 1089/27/59 1085/20/59
f 1089/27/60 1086/5/60 1079/18/60
f 1101/41/61 1103/43/61 1096/35/61
f 1103/43/62 1100/38/62 1094/33/62
f 1109/53/63 1112/55/63 1084/71/63
f 1112/72/64 1108/50/64 1081/22/64
f 1080/2/65 1082/21/65 1070/11/65
f 1082/21/66 1079/18/66 1067/4/66
f 1088/28/67 1091/29/67 1117/73/67
f 1091/74/68 1087/26/68 1115/59/68
f 1095/1/69 1098/37/69 1113/75/69
f 1098/76/70 1094/33/70 1107/47/70
f 1066/3/71 1068/10/71 1099/77/71
f 1068/78/72 1065/7/72 1093/30/72
f 1072/12/73 1078/14/73 1092/25/73
f 1078/14/74 1074/6/74 1086/5/74
f 1093/30/75 1065/7/75 1073/15/75
f 1128/12/76 1144/28/76 1170/56/76
f 1163/47/78 1150/33/78 1156/38/78
f 1121/7/3 1124/78/79 1125/8/3
f 1122/3/5 1126/11/5 1125/8/5
f 1123/4/7 1127/9/7 1125/8/7
f 1128/12/9 1131/67/82 1132/13/9
f 1129/15/11 1133/17/83 1132/13/11
f 1130/6/13 1134/14/84 1132/13/13
f 1135/18/15 1138/21/85 1139/19/15
f 1136/2/17 1140/71/86 1139/19/17
f 1137/22/19 1141/20/87 1139/19/19
f 1142/5/21 1145/27/88 1146/24/21
f 1143/26/23 1147/74/89 1146/24/23
f 1144/28/25 1148/25/90 1146/24/25
f 1149/30/27 1152/35/91 1153/31/27
f 1150/33/29 1154/76/92 1153/34/29
f 1151/1/31 1155/77/93 1153/36/31
f 1156/38/33 1159/43/94 1160/39/33
f 1157/41/35 1161/68/95 1160/42/35
f 1158/44/37 1162/65/96 1160/45/37
f 1163/47/39 1166/70/39 1167/48/39
f 1164/50/41 1168/72/98 1167/51/41
f 1165/53/43 1169/75/99 1167/54/43
f 1170/56/45 1173/73/100 1174/57/45
f 1171/59/47 1175/69/101 1174/60/47
f 1172/62/49 1176/66/102 1174/63/49
f 1170/56/51 1176/58/51 1162/65/51
f 1176/66/52 1172/62/52 1156/38/52
f 1158/44/53 1161/46/53 1131/67/53
f 1161/68/54 1157/41/54 1129/15/54
f 1130/6/55 1133/17/55 1127/9/55
f 1133/17/56 1129/15/56 1121/7/56
f 1164/50/57 1166/52/57 1175/69/57
f 1166/70/58 1163/47/58 1172/62/58
f 1143/26/59 1145/27/59 1141/20/59
f 1145/27/60 1142/5/60 1135/18/60
f 1157/41/61 1159/43/61 1152/35/61
f 1159/43/62 1156/38/62 1150/33/62
f 1165/53/63 1168/55/63 1140/71/63
f 1168/72/64 1164/50/64 1137/22/64
f 1136/2/65 1138/21/65 1126/11/65
f 1138/21/66 1135/18/66 1123/4/66
f 1144/28/67 1147/29/67 1173/73/67
f 1147/74/68 1143/26/68 1171/59/68
f 1151/1/69 1154/37/69 1169/75/69
f 1154/76/70 1150/33/70 1163/47/70
f 1122/3/71 1124/10/71 1155/77/71
f 1124/78/72 1121/7/72 1149/30/72
f 1128/12/73 1134/14/73 1148/25/73
f 1134/14/74 1130/6/74 1142/5/74
f 1149/30/75 1121/7/75 1129/15/75
f 1219/47/78 1206/33/78 1212/38/78
f 1193/22/77 1220/50/77 1227/59/77
f 1207/1/1 1221/53/1 1192/2/1
f 1177/7/3 1180/78/3 1181/8/3
f 1178/3/5 1182/11/80 1181/8/5
f 1179/4/7 1183/9/81 1181/8/7
f 1184/12/9 1187/67/82 1188/13/9
f 1185/15/11 1189/17/83 1188/13/11
f 1186/6/13 1190/14/84 1188/13/13
f 1191/18/15 1194/21/85 1195/19/15
f 1192/2/17 1196/71/86 1195/19/17
f 1193/22/19 1197/20/87 1195/19/19
f 1198/5/21 1201/27/88 1202/24/21
f 1199/26/23 1203/74/89 1202/24/23
f 1200/28/25 1204/25/90 1202/24/25
f 1205/30/27 1208/35/91 1209/31/27
f 1206/33/29 1210/76/92 1209/34/29
f 1207/1/31 1211/77/93 1209/36/31
f 1212/38/33 1215/43/94 1216/39/33
f 1213/41/35 1217/68/95 1216/42/35
f 1214/44/37 1218/65/96 1216/45/37
f 1219/47/39 1222/70/97 1223/48/39
f 1220/50/41 1224/72/98 1223/51/41
f 1221/53/43 1225/75/99 1223/54/43
f 1226/56/45 1229/73/100 1230/57/45
f 1227/59/47 1231/69/101 1230/60/47
f 1228/62/49 1232/66/102 1230/63/49
f 1226/56/51 1232/58/51 1218/65/51
f 1232/66/52 1228/62/52 1212/38/52
f 1214/44/53 1217/46/53 1187/67/53
f 1217/68/54 1213/41/54 1185/15/54
f 1186/6/55 1189/17/55 1183/9/55
f 1189/17/56 1185/15/56 1177/7/56
f 1220/50/57 1222/52/57 1231/69/57
f 1222/70/58 1219/47/58 1228/62/58
f 1199/26/59 1201/27/59 1197/20/59
f 1201/27/60 1198/5/60 1191/18/60
f 1213/41/61 1215/43/61 1208/35/61
f 1215/43/62 1212/38/62 1206/33/62
f 1221/53/63 1224/55/63 1196/71/63
f 1224/72/64 1220/50/64 1193/22/64
f 1192/2/65 1194/21/65 1182/11/65
f 1194/21/66 1191/18/66 1179/4/66
f 1200/28/67 1203/29/67 1229/73/67
f 1203/74/68 1199/26/68 1227/59/68
f 1207/1/69 1210/37/69 1225/75/69
f 1210/76/70 1206/33/70 1219/47/70
f 1178/3/71 1180/10/71 1211/77/71
f 1180/78/72 1177/7/72 1205/30/72
f 1184/12/73 1190/14/73 1204/25/73
f 1190/14/74 1186/6/74 1198/5/74
f 1205/30/75 1177/7/75 1185/15/75
f 1240/12/76 1256/28/76 1282/56/76
f 1275/47/78 1262/33/78 1268/38/78
f 1249/22/77 1276/50/77 1283/59/77
f 1263/1/1 1277/53/1 1248/2/1
f 1233/7/3 1236/78/79 1237/8/3
f 1234/3/5 1238/11/80 1237/8/5
f 1235/4/7 1239/9/81 1237/8/7
f 1240/12/9 1243/67/82 1244/13/9
f 1241/15/11 1245/17/83 1244/13/11
f 1242/6/13 1246/14/84 1244/13/13
f 1247/18/15 1250/21/85 1251/19/15
f 1248/2/17 1252/71/86 1251/19/17
f 1249/22/19 1253/20/87 1251/19/19
f 1254/5/21 1257/27/88 1258/24/21
f 1255/26/23 1259/74/89 1258/24/23
f 1256/28/25 1260/25/90 1258/24/25
f 1261/30/27 1264/35/91 1265/31/27
f 1262/33/29 1266/76/92 1265/34/29
f 1263/1/31 1267/77/93 1265/36/31
f 1268/38/33 1271/43/94 1272/39/33
f 1269/41/35 1273/68/95 1272/42/35
f 1270/44/37 1274/65/96 1272/45/37
f 1275/47/39 1278/70/97 1279/48/39
f 1276/50/41 1280/72/98 1279/51/41
f 1277/53/43 1281/75/99 1279/54/43
f 1282/56/45 1285/73/100 1286/57/45
f 1283/59/47 1287/69/101 1286/60/47
f 1284/62/49 1288/66/102 1286/63/49
f 1282/56/51 1288/58/51 1274/65/51
f 1288/66/52 1284/62/52 1268/38/52
f 1270/44/53 1273/46/53 1243/67/53
f 1273/68/54 1269/41/54 1241/15/54
f 1242/6/55 1245/17/55 1239/9/55
f 1245/17/56 1241/15/56 1233/7/56
f 1276/50/57 1278/52/57 1287/69/57
f 1278/70/58 1275/47/58 1284/62/58
f 1255/26/59 1257/27/59 1253/20/59
f 1257/27/60 1254/5/60 1247/18/60
f 1269/41/61 1271/43/61 1264/35/61
f 1271/43/62 1268/38/62 1262/33/62
f 1277/53/63 1280/55/63 1252/71/63
f 1280/72/64 1276/50/64 1249/22/64
f 1248/2/65 1250/21/65 1238/11/65
f 1250/21/66 1247/18/66 1235/4/66
f 1256/28/67 1259/29/67 1285/73/67
f 1259/74/68 1255/26/68 1283/59/68
f 1263/1/69 1266/37/69 1281/75/69
f 1266/76/70 1262/33/70 1275/47/70
f 1234/3/71 1236/10/71 1267/77/71
f 1236/78/72 1233/7/72 1261/30/72
f 1240/12/73 1246/14/73 1260/25/73
f 1246/14/74 1242/6/74 1254/5/74
f 1261/30/75 1233/7/75 1241/15/75
f 1296/12/76 1312/28/76 1338/56/76
f 1331/47/78 1318/33/78 1324/38/78
f 1305/22/77 1332/50/77 1339/59/77
f 1289/7/3 1292/78/79 1293/8/3
f 1290/3/5 1294/11/5 1293/8/5
f 1291/4/7 1295/9/81 1293/8/7
f 1296/12/9 1299/67/82 1300/13/9
f 1297/15/11 1301/17/83 1300/13/11
f 1298/6/13 1302/14/84 1300/13/13
f 1303/18/15 1306/21/85 1307/19/15
f 1304/2/17 1308/71/86 1307/19/17
f 1305/22/19 1309/20/87 1307/19/19
f 1310/5/21 1313/27/88 1314/24/21
f 1311/26/23 1315/74/89 1314/24/23
f 1312/28/25 1316/25/90 1314/24/25
f 1317/30/27 1320/35/91 1321/31/27
f 1318/33/29 1322/76/92 1321/34/29
f 1319/1/31 1323/77/93 1321/36/31
f 1324/38/33 1327/43/94 1328/39/33
f 1325/41/35 1329/68/95 1328/42/35
f 1326/44/37 1330/65/96 1328/45/37
f 1331/47/39 1334/70/97 1335/48/39
f 1332/50/41 1336/72/98 1335/51/41
f 1333/53/43 1337/75/99 1335/54/43
f 1338/56/45 1341/73/100 1342/57/45
f 1339/59/47 1343/69/101 1342/60/47
f 1340/62/49 1344/66/102 1342/63/49
f 1338/56/51 1344/58/51 1330/65/51
f 1344/66/52 1340/62/52 1324/38/52
f 1326/44/53 1329/46/53 1299/67/53
f 1329/68/54 1325/41/54 1297/15/54
f 1298/6/55 1301/17/55 1295/9/55
f 1301/17/56 1297/15/56 1289/7/56
f 1332/50/57 1334/52/57 1343/69/57
f 1334/70/58 1331/47/58 1340/62/58
f 1311/26/59 1313/27/59 1309/20/59
f 1313/27/60 1310/5/60 1303/18/60
f 1325/41/61 1327/43/61 1320/35/61
f 1327/43/62 1324/38/62 1318/33/62
f 1333/53/63 1336/55/63 1308/71/63
f 1336/72/64 1332/50/64 1305/22/64
f 1304/2/65 1306/21/65 1294/11/65
f 1306/21/66 1303/18/66 1291/4/66
f 1312/28/67 1315/29/67 1341/73/67
f 1315/74/68 1311/26/68 1339/59/68
f 1319/1/69 1322/37/69 1337/75/69
f 1322/76/70 1318/33/70 1331/47/70
f 1290/3/71 1292/10/71 1323/77/71
f 1292/78/72 1289/7/72 1317/30/72
f 1296/12/73 1302/14/73 1316/25/73
f 1302/14/74 1298/6/74 1310/5/74
f 1317/30/75 1289/7/75 1297/15/75
f 1387/47/78 1374/33/78 1380/38/78
f 1361/22/77 1388/50/77 1395/59/77
f 1375/1/1 1389/53/1 1360/2/1
f 1345/7/3 1348/78/3 1349/8/3
f 1346/3/5 1350/11/80 1349/8/5
f 1347/4/7 1351/9/7 1349/8/7
f 1352/12/9 1355/67/82 1356/13/9
f 1353/15/11 1357/17/83 1356/13/11
f 1354/6/13 1358/14/84 1356/13/13
f 1359/18/15 1362/21/85 1363/19/15
f 1360/2/17 1364/71/86 1363/19/17
f 1361/22/19 1365/20/87 1363/19/19
f 1366/5/21 1369/27/88 1370/24/21
f 1367/26/23 1371/74/23 1370/24/23
f 1368/28/25 1372/25/90 1370/24/25
f 1373/30/27 1376/35/91 1377/31/27
f 1374/33/29 1378/76/92 1377/34/29
f 1375/1/31 1379/77/93 1377/36/31
f 1380/38/33 1383/43/94 1384/39/33
f 1381/41/35 1385/68/95 1384/42/35
f 1382/44/37 1386/65/96 1384/45/37
f 1387/47/39 1390/70/97 1391/48/39
f 1388/50/41 1392/72/98 1391/51/41
f 1389/53/43 1393/75/99 1391/54/43
f 1394/56/45 1397/73/100 1398/57/45
f 1395/59/47 1399/69/101 1398/60/47
f 1396/62/49 1400/66/102 1398/63/49
f 1394/56/51 1400/58/51 1386/65/51
f 1400/66/52 1396/62/52 1380/38/52
f 1382/44/53 1385/46/53 1355/67/53
f 1385/68/54 1381/41/54 1353/15/54
f 1354/6/55 1357/17/55 1351/9/55
f 1357/17/56 1353/15/56 1345/7/56
f 1388/50/57 1390/52/57 1399/69/57
f 1390/70/58 1387/47/58 1396/62/58
f 1367/26/59 1369/27/59 1365/20/59
f 1369/27/60 1366/5/60 1359/18/60
f 1381/41/61 1383/43/61 1376/35/61
f 1383/43/62 1380/38/62 1374/33/62
f 1389/53/63 1392/55/63 1364/71/63
f 1392/72/64 1388/50/64 1361/22/64
f 1360/2/65 1362/21/65 1350/11/65
f 1362/21/66 1359/18/66 1347/4/66
f 1368/28/67 1371/29/67 1397/73/67
f 1371/74/68 1367/26/68 1395/59/68
f 1375/1/69 1378/37/69 1393/75/69
f 1378/76/70 1374/33/70 1387/47/70
f 1346/3/71 1348/10/71 1379/77/71
f 1348/78/72 1345/7/72 1373/30/72
f 1352/12/73 1358/14/73 1372/25/73
f 1358/14/74 1354/6/74 1366/5/74
f 1408/12/76 1424/28/76 1450/56/76
f 1443/47/78 1430/33/78 1436/38/78
f 1417/22/77 1444/50/77 1451/59/77
f 1431/1/1 1445/53/1 1416/2/1
f 1401/7/3 1404/78/79 1405/8/3
f 1402/3/5 1406/11/80 1405/8/5
f 1403/4/7 1407/9/7 1405/8/7
f 1408/12/9 1411/67/82 1412/13/9
f 1409/15/11 1413/17/83 1412/13/11
f 1410/6/13 1414/14/84 1412/13/13
f 1415/18/15 1418/21/85 1419/19/15
f 1416/2/17 1420/71/86 1419/19/17
f 1417/22/19 1421/20/87 1419/19/19
f 1422/5/21 1425/27/88 1426/24/21
f 1423/26/23 1427/74/89 1426/24/23
f 1424/28/25 1428/25/90 1426/24/25
f 1429/30/27 1432/35/91 1433/31/27
f 1430/33/29 1434/76/92 1433/34/29
f 1431/1/31 1435/77/93 1433/36/31
f 1436/38/33 1439/43/94 1440/39/33
f 1437/41/35 1441/68/95 1440/42/35
f 1438/44/37 1442/65/96 1440/45/37
f 1443/47/39 1446/70/97 1447/48/39
f 1444/50/41 1448/72/98 1447/51/41
f 1445/53/43 1449/75/99 1447/54/43
f 1450/56/45 1453/73/100 1454/57/45
f 1451/59/47 1455/69/101 1454/60/47
f 1452/62/49 1456/66/102 1454/63/49
f 1450/56/51 1456/58/51 1442/65/51
f 1456/66/52 1452/62/52 1436/38/52
f 1438/44/53 1441/46/53 1411/67/53
f 1441/68/54 1437/41/54 1409/15/54
f 1410/6/55 1413/17/55 1407/9/55
f 1413/17/56 1409/15/56 1401/7/56
f 1444/50/57 1446/52/57 1455/69/57
f 1446/70/58 1443/47/58 1452/62/58
f 1423/26/59 1425/27/59 1421/20/59
f 1425/27/60 1422/5/60 1415/18/60
f 1437/41/61 1439/43/61 1432/35/61
f 1439/43/62 1436/38/62 1430/33/62
f 1445/53/63 1448/55/63 1420/71/63
f 1448/72/64 1444/50/64 1417/22/64
f 1416/2/65 1418/21/65 1406/11/65
f 1418/21/66 1415/18/66 1403/4/66
f 1424/28/67 1427/29/67 1453/73/67
f 1427/74/68 1423/26/68 1451/59/68
f 1431/1/69 1434/37/69 1449/75/69
f 1434/76/70 1430/33/70 1443/47/70
f 1402/3/71 1404/10/71 1435/77/71
f 1404/78/72 1401/7/72 1429/30/72
f 1408/12/73 1414/14/73 1428/25/73
f 1414/14/74 1410/6/74 1422/5/74
f 1464/12/76 1480/28/76 1506/56/76
f 1499/47/78 1486/33/78 1492/38/78
f 1473/22/77 1500/50/77 1507/59/77
f 1457/7/3 1460/78/3 1461/8/3
f 1458/3/5 1462/11/5 1461/8/5
f 1459/4/7 1463/9/7 1461/8/7
f 1464/12/9 1467/67/82 1468/13/9
f 1465/15/11 1469/17/83 1468/13/11
f 1466/6/13 1470/14/84 1468/13/13
f 1471/18/15 1474/21/85 1475/19/15
f 1472/2/17 1476/71/86 1475/19/17
f 1473/22/19 1477/20/87 1475/19/19
f 1478/5/21 1481/27/88 1482/24/21
f 1479/26/23 1483/74/89 1482/24/23
f 1480/28/25 1484/25/90 1482/24/25
f 1485/30/27 1488/35/91 1489/31/27
f 1486/33/29 1490/76/92 1489/34/29
f 1487/1/31 1491/77/93 1489/36/31
f 1492/38/33 1495/43/94 1496/39/33
f 1493/41/35 1497/68/95 1496/42/35
f 1494/44/37 1498/65/96 1496/45/37
f 1499/47/39 1502/70/97 1503/48/39
f 1500/50/41 1504/72/98 1503/51/41
f 1501/53/43 1505/75/99 1503/54/43
f 1506/56/45 1509/73/100 1510/57/45
f 1507/59/47 1511/69/101 1510/60/47
f 1508/62/49 1512/66/102 1510/63/49
f 1506/56/51 1512/58/51 1498/65/51
f 1512/66/52 1508/62/52 1492/38/52
f 1494/44/53 1497/46/53 1467/67/53
f 1497/68/54 1493/41/54 1465/15/54
f 1466/6/55 1469/17/55 1463/9/55
f 1469/17/56 1465/15/56 1457/7/56
f 1500/50/57 1502/52/57 1511/69/57
f 1502/70/58 1499/47/58 1508/62/58
f 1479/26/59 1481/27/59 1477/20/59
f 1481/27/60 1478/5/60 1471/18/60
f 1493/41/61 1495/43/61 1488/35/61
f 1495/43/62 1492/38/62 1486/33/62
f 1501/53/63 1504/55/63 1476/71/63
f 1504/72/64 1500/50/64 1473/22/64
f 1472/2/65 1474/21/65 1462/11/65
f 1474/21/66 1471/18/66 1459/4/66
f 1480/28/67 1483/29/67 1509/73/67
f 1483/74/68 1479/26/68 1507/59/68
f 1487/1/69 1490/37/69 1505/75/69
f 1490/76/70 1486/33/70 1499/47/70
f 1458/3/71 1460/10/71 1491/77/71
f 1460/78/72 1457/7/72 1485/30/72
f 1464/12/73 1470/14/73 1484/25/73
f 1470/14/74 1466/6/74 1478/5/74
usemtl Material.002
f 1011/4/2 1030/5/2 1018/6/2
f 1067/4/2 1086/5/2 1074/6/2
f 1123/4/2 1142/5/2 1130/6/2
f 1179/4/2 1198/5/2 1186/6/2
f 1235/4/2 1254/5/2 1242/6/2
f 1291/4/2 1310/5/2 1298/6/2
f 1347/4/2 1366/5/2 1354/6/2
f 1403/4/2 1422/5/2 1410/6/2
f 1459/4/2 1478/5/2 1466/6/2
f 1011/4/2 1023/18/2 1030/5/2
f 1067/4/2 1079/18/2 1086/5/2
f 1123/4/2 1135/18/2 1142/5/2
f 1179/4/2 1191/18/2 1198/5/2
f 1235/4/2 1247/18/2 1254/5/2
f 1291/4/2 1303/18/2 1310/5/2
f 1347/4/2 1359/18/2 1366/5/2
f 1403/4/2 1415/18/2 1422/5/2
f 1459/4/2 1471/18/2 1478/5/2
usemtl Material.003
f 43/47/78 36/38/78 52/62/78
f 99/47/78 92/38/78 108/62/78
f 155/47/78 148/38/78 164/62/78
f 211/47/78 204/38/78 220/62/78
f 267/47/78 260/38/78 276/62/78
f 323/47/78 316/38/78 332/62/78
f 379/47/78 372/38/78 388/62/78
f 435/47/78 428/38/78 444/62/78
f 491/47/78 484/38/78 500/62/78
f 43/47/78 30/33/78 36/38/78
f 99/47/78 86/33/78 92/38/78
f 155/47/78 142/33/78 148/38/78
f 211/47/78 198/33/78 204/38/78
f 267/47/78 254/33/78 260/38/78
f 323/47/78 310/33/78 316/38/78
f 379/47/78 366/33/78 372/38/78
f 435/47/78 422/33/78 428/38/78
f 491/47/78 478/33/78 484/38/78
usemtl Material.004
f 17/22/77 51/59/77 23/26/77
f 73/22/77 107/59/77 79/26/77
f 129/22/77 163/59/77 135/26/77
f 521/22/77 555/59/77 527/26/77
f 577/22/77 611/59/77 583/26/77
f 633/22/77 667/59/77 639/26/77
f 1025/22/77 1059/59/77 1031/26/77
f 1081/22/77 1115/59/77 1087/26/77
f 1137/22/77 1171/59/77 1143/26/77
f 17/22/77 44/50/77 51/59/77
f 73/22/77 100/50/77 107/59/77
f 129/22/77 156/50/77 163/59/77
f 521/22/77 548/50/77 555/59/77
f 577/22/77 604/50/77 611/59/77
f 633/22/77 660/50/77 667/59/77
f 1025/22/77 1052/50/77 1059/59/77
f 1081/22/77 1108/50/77 1115/59/77
f 1137/22/77 1164/50/77 1171/59/77
usemtl Material.005
f 143/1/1 128/2/1 114/3/1
f 311/1/1 296/2/1 282/3/1
f 479/1/1 464/2/1 450/3/1
f 647/1/1 632/2/1 618/3/1
f 815/1/1 800/2/1 786/3/1
f 983/1/1 968/2/1 954/3/1
f 1151/1/1 1136/2/1 1122/3/1
f 1319/1/1 1304/2/1 1290/3/1
f 1487/1/1 1472/2/1 1458/3/1
f 143/1/1 157/53/1 128/2/1
f 311/1/1 325/53/1 296/2/1
f 479/1/1 493/53/1 464/2/1
f 647/1/1 661/53/1 632/2/1
f 815/1/1 829/53/1 800/2/1
f 983/1/1 997/53/1 968/2/1
f 1151/1/1 1165/53/1 1136/2/1
f 1319/1/1 1333/53/1 1304/2/1
f 1487/1/1 1501/53/1 1472/2/1
usemtl Material.006
f 8/12/76 50/56/76 38/44/76
f 176/12/76 218/56/76 206/44/76
f 344/12/76 386/56/76 374/44/76
f 512/12/76 554/56/76 542/44/76
f 680/12/76 722/56/76 710/44/76
f 848/12/76 890/56/76 878/44/76
f 1016/12/76 1058/56/76 1046/44/76
f 1184/12/76 1226/56/76 1214/44/76
f 1352/12/76 1394/56/76 1382/44/76
f 8/12/76 24/28/76 50/56/76
f 176/12/76 192/28/76 218/56/76
f 344/12/76 360/28/76 386/56/76
f 512/12/76 528/28/76 554/56/76
f 680/12/76 696/28/76 722/56/76
f 848/12/76 864/28/76 890/56/76
f 1016/12/76 1032/28/76 1058/56/76
f 1184/12/76 1200/28/76 1226/56/76
f 1352/12/76 1368/28/76 1394/56/76
usemtl Material.007
f 365/30/75 345/15/75 373/41/75
f 421/30/75 401/15/75 429/41/75
f 477/30/75 457/15/75 485/41/75
f 869/30/75 849/15/75 877/41/75
f 925/30/75 905/15/75 933/41/75
f 981/30/75 961/15/75 989/41/75
f 1373/30/75 1353/15/75 1381/41/75
f 1429/30/75 1409/15/75 1437/41/75
f 1485/30/75 1465/15/75 1493/41/75
f 365/30/75 337/7/75 345/15/75
f 421/30/75 393/7/75 401/15/75
f 477/30/75 449/7/75 457/15/75
f 869/30/75 841/7/75 849/15/75
f 925/30/75 897/7/75 905/15/75
f 981/30/75 953/7/75 961/15/75
f 1373/30/75 1345/7/75 1353/15/75
f 1429/30/75 1401/7/75 1409/15/75
f 1485/30/75 1457/7/75 1465/15/75
