# Blender 4.3.2
# www.blender.org
mtllib white_man_head_2.mtl
o white_man_head_0.001
v 0.636356 1.183034 0.311807
v 0.834805 0.841117 -0.089451
v 0.817610 0.834506 -0.088367
v 0.800918 0.827641 -0.105575
v 0.800557 0.832569 -0.081810
v 0.848192 1.161819 -0.024668
v 0.839302 1.169031 -0.025247
v 0.516255 0.987962 -0.309900
v 0.523447 0.994985 -0.322786
v 0.659081 0.894234 0.130448
v 0.667088 0.892781 0.134555
v 0.679349 1.065061 0.175842
v 0.684417 1.071857 0.165588
v 0.679933 1.054090 0.184589
v 0.674803 1.067398 0.172532
v 0.658133 0.889489 0.145584
v 0.658107 0.892029 0.155824
v 0.676163 0.902142 0.169270
v 0.671023 0.961491 0.173814
v 0.667727 0.971426 0.183936
v 0.669207 0.941769 0.171993
v 0.834405 1.157069 -0.025936
v 0.702096 1.192781 -0.152099
v 0.716281 1.192936 -0.156959
v 0.576784 1.126151 -0.298107
v 0.584140 1.136155 -0.276956
v 0.595451 1.140664 -0.315979
v 0.576207 1.128062 -0.316698
v 0.559136 0.903392 -0.308329
v 0.560548 0.896577 -0.321995
v 0.554639 0.914901 -0.319788
v 0.678511 1.074174 0.170041
v 0.681172 1.068392 0.175640
v 0.666598 1.261036 0.298105
v 0.656745 1.256519 0.298366
v 0.834029 0.575355 0.135322
v 0.816398 0.576069 0.139602
v 0.850106 0.593513 0.120297
v 0.899386 1.256163 0.041900
v 0.890291 1.277968 0.051540
v 0.908840 1.283915 0.058130
v 0.869367 1.272401 0.056096
v 0.655635 0.916758 0.154024
v 0.669518 0.889905 0.118462
v 0.669140 1.102138 0.149053
v 0.672936 1.110901 0.140930
v 0.669948 1.119893 0.147924
v 0.554995 0.906376 -0.260524
v 0.547565 0.920014 -0.256839
v 0.534986 1.053638 -0.326437
v 0.538606 1.064586 -0.326694
v 0.540527 1.031940 -0.322276
v 0.679516 1.167011 -0.100150
v 0.668381 1.195542 -0.105874
v 0.675994 1.159192 -0.085914
v 0.766504 0.808435 -0.112201
v 0.940412 1.122384 -0.035870
v 0.934441 1.120876 -0.049466
v 0.924573 1.137638 -0.049586
v 0.927815 1.116284 -0.062486
v 0.869259 1.147375 -0.014288
v 0.873459 1.152661 -0.011229
v 0.751117 0.802452 -0.203211
v 0.777333 0.793637 -0.209568
v 0.769342 0.800909 -0.190783
v 0.523846 0.958417 -0.323517
v 0.517793 0.977821 -0.323750
v 0.669517 0.882429 0.123107
v 0.671844 0.998967 0.141191
v 0.677563 1.020718 0.144698
v 0.679572 1.035030 0.136475
v 0.677868 1.069330 0.168443
v 0.774398 0.789505 -0.191869
v 0.615552 0.831628 -0.272446
v 0.623204 0.827804 -0.307110
v 0.602819 0.848313 -0.271514
v 0.686089 0.885169 0.129159
v 0.678764 0.881130 0.119981
v 0.649302 0.908324 0.108644
v 0.646599 0.915229 0.115764
v 0.663064 0.987691 0.203050
v 0.682343 0.991917 0.204939
v 0.670354 1.002415 0.205415
v 0.679857 1.010314 0.208493
v 0.793449 1.170911 -0.089277
v 0.780968 1.186033 -0.125748
v 0.765047 1.170756 -0.088121
v 0.774037 1.174620 -0.099652
v 0.870113 1.158713 -0.054656
v 0.860607 1.160333 -0.047446
v 0.877624 1.150084 -0.056721
v 0.802787 1.243903 0.054858
v 0.952318 1.491674 0.155547
v 0.591903 0.855363 -0.293278
v 0.588254 0.841575 -0.309269
v 0.538761 0.912508 -0.327957
v 0.551429 1.013988 -0.300892
v 0.561556 1.104850 -0.303856
v 0.544658 1.023954 -0.281820
v 0.746652 1.225528 -0.216829
v 0.868043 1.148388 -0.008670
v 0.667039 0.920153 0.207289
v 0.648050 1.174019 -0.108509
v 0.659941 1.178608 -0.111626
v 0.627410 1.175601 -0.133111
v 0.608310 1.168403 -0.119361
v 0.724705 0.811805 -0.095278
v 0.717689 0.799345 -0.099680
v 0.711114 0.823595 -0.093039
v 0.670849 0.911425 0.123113
v 0.671590 0.905830 0.112186
v 0.987770 0.588769 0.156913
v 0.680773 0.837707 -0.063230
v 0.749340 0.803241 -0.178601
v 0.757396 0.805046 -0.172628
v 0.926842 0.842933 0.019068
v 0.934139 0.828632 0.038050
v 0.941004 0.844906 0.029676
v 0.680200 0.878058 0.152902
v 0.672587 0.876431 0.171812
v 0.674670 0.882779 0.190945
v 0.670345 0.887690 0.157931
v 0.694321 0.855664 0.051850
v 0.851779 1.013863 -0.523648
v 0.810194 1.439771 0.231173
v 0.826347 0.603913 0.125722
v 0.827195 0.606808 0.141419
v 0.828205 0.593519 0.129434
v 0.652796 0.977035 0.205328
v 0.659770 0.991731 0.216765
v 0.655223 0.934015 0.171801
v 0.772343 0.781748 -0.155869
v 0.678216 1.062430 0.185865
v 0.677894 1.049891 0.196010
v 0.678610 1.079544 0.156860
v 0.677622 1.092861 0.155064
v 0.682140 1.096156 0.159643
v 0.898342 1.144920 -0.056765
v 0.533682 1.041737 -0.261786
v 0.534414 1.027823 -0.268179
v 0.518281 0.926504 -0.195826
v 0.519965 0.903307 -0.205129
v 0.500739 1.031653 -0.184860
v 0.492122 1.014313 -0.187826
v 0.500245 1.053848 -0.171670
v 0.500104 1.029029 -0.205242
v 0.452632 0.984670 -0.201392
v 0.463722 0.966233 -0.198741
v 0.455948 0.961644 -0.050039
v 0.445335 0.990051 -0.111893
v 0.452809 1.002881 -0.118208
v 0.447416 0.962166 -0.208189
v 0.637919 1.183020 -0.184545
v 0.657555 1.187612 -0.190960
v 0.707355 1.198817 -0.110730
v 0.688214 1.195028 -0.140114
v 0.697006 1.195129 -0.175606
v 0.563824 0.936495 -0.307144
v 0.568652 0.928058 -0.292487
v 0.562156 0.911754 -0.285083
v 0.552427 0.935149 -0.275364
v 0.558801 0.945663 -0.292301
v 0.676482 1.103070 0.181529
v 0.864120 1.164197 -0.038241
v 0.863925 1.167499 -0.028114
v 0.864423 1.177542 -0.040587
v 0.655674 1.269098 0.301863
v 0.667631 1.273770 0.297234
v 0.755358 1.349487 0.161947
v 0.736671 1.355932 0.186010
v 0.843301 1.254564 0.048554
v 0.860868 1.247795 0.036134
v 0.830463 1.257194 0.057184
v 0.738408 0.584848 0.252903
v 0.743373 0.575085 0.249664
v 0.741241 0.601031 0.256722
v 0.697820 1.022421 0.202879
v 0.699194 1.025378 0.194283
v 0.772947 1.466720 0.199800
v 0.765632 1.476333 0.217622
v 0.761174 1.452285 0.211251
v 0.756284 1.461440 0.228629
v 0.749190 1.462324 0.246822
v 0.742865 1.438367 0.239227
v 0.726556 1.423176 0.255281
v 0.735398 1.434197 0.262625
v 0.724940 1.421311 0.267373
v 0.712398 1.403742 0.275587
v 0.699482 1.379484 0.281640
v 0.715775 1.387813 0.275031
v 0.715721 1.357512 0.275040
v 0.698834 1.349996 0.282402
v 0.727260 1.336699 0.269960
v 0.716330 1.317651 0.274835
v 0.736362 1.305595 0.266178
v 0.751163 1.271716 0.259990
v 0.734642 1.282919 0.267181
v 0.761706 1.257339 0.255466
v 0.736236 1.250991 0.266815
v 0.772606 1.243490 0.250775
v 0.747086 1.236637 0.262124
v 0.783774 1.230097 0.245963
v 0.758278 1.222705 0.257270
v 0.795150 1.217085 0.241059
v 0.769681 1.209159 0.252321
v 0.808444 1.226740 0.235157
v 0.781236 1.195988 0.247305
v 0.819935 1.214293 0.230227
v 0.792915 1.183145 0.242238
v 0.806325 1.198905 0.236276
v 0.818055 1.186547 0.231219
v 0.829992 1.174080 0.226079
v 0.841937 1.162147 0.220932
v 0.853889 1.150796 0.215779
v 0.865982 1.139195 0.210574
v 0.878156 1.127244 0.205341
v 0.890281 1.115772 0.200125
v 0.902869 1.116018 0.194716
v 0.927630 1.104550 0.184115
v 0.901928 1.093520 0.195101
v 0.914477 1.093332 0.189725
v 0.926510 1.081823 0.184559
v 0.939050 1.081662 0.179211
v 0.950957 1.070038 0.174115
v 0.937909 1.058768 0.179633
v 0.962760 1.058280 0.169071
v 0.975535 1.063733 0.163667
v 0.949718 1.046980 0.174570
v 0.961745 1.040980 0.169447
v 0.974106 1.040640 0.164211
v 0.986836 1.046086 0.158841
v 0.967200 1.029185 0.167093
v 0.985634 1.028488 0.159306
v 0.998152 1.029566 0.154028
v 0.985634 1.028488 0.159306
v 0.973054 1.027433 0.164613
v 0.997022 1.016120 0.154478
v 1.009192 1.015537 0.149360
v 1.003939 1.027775 0.151584
v 0.984351 1.010901 0.159793
v 1.007308 0.991884 0.150112
v 0.995618 0.998387 0.155022
v 1.019859 0.996806 0.144871
v 1.030697 0.983662 0.140340
v 1.042319 0.982556 0.135488
v 1.017599 0.972607 0.145783
v 1.052124 0.968851 0.131417
v 1.028178 0.959290 0.141386
v 1.039754 0.957889 0.136597
v 1.055009 0.944786 0.130329
v 1.047303 0.931784 0.133573
v 1.056258 0.919408 0.129977
v 1.066188 0.940644 0.125758
v 1.067451 0.901211 0.122305
v 1.063665 0.880779 0.123606
v 1.059609 0.884503 0.111777
v 1.060662 0.865848 0.119078
v 1.050444 0.863721 0.105030
v 1.039504 0.843048 0.096813
v 1.048451 0.843119 0.111183
v 1.029682 0.840224 0.084368
v 1.022696 0.845949 0.076278
v 1.019364 0.817313 0.082050
v 1.003724 0.813051 0.072725
v 1.008857 0.794981 0.081810
v 0.980232 0.795951 0.071513
v 0.968023 0.784546 0.070783
v 0.957709 0.771375 0.069305
v 0.948545 0.748733 0.072493
v 0.932917 0.735664 0.071186
v 0.922999 0.723011 0.072925
v 0.938365 0.718692 0.080286
v 0.913007 0.710872 0.076303
v 0.902968 0.699172 0.080211
v 0.889176 0.689823 0.084990
v 0.908725 0.671610 0.091770
v 0.878835 0.676869 0.091830
v 0.901961 0.660193 0.095191
v 0.878625 0.655916 0.099426
v 0.859234 0.648597 0.106681
v 0.838600 0.644896 0.114102
v 0.849523 0.624159 0.115146
v 0.833889 0.625315 0.133378
v 0.837280 0.610671 0.122208
v 0.870552 0.590093 0.118104
v 0.881991 0.574807 0.121881
v 0.853793 0.576461 0.125212
v 0.855025 0.566415 0.129187
v 0.806047 0.573017 0.166496
v 0.811209 0.579423 0.155825
v 0.803853 0.590800 0.162559
v 0.823047 0.590068 0.141230
v 0.807170 0.608651 0.154072
v 0.817675 0.618021 0.146502
v 0.816742 0.637615 0.143174
v 0.834882 0.647707 0.124820
v 0.859168 0.669967 0.099872
v 0.840569 0.671029 0.107768
v 0.856924 0.688619 0.094436
v 0.868128 0.701209 0.086675
v 0.886786 0.709869 0.078030
v 0.896704 0.727069 0.070685
v 0.912611 0.734005 0.067774
v 0.922418 0.746993 0.063009
v 0.929668 0.764010 0.057448
v 0.944486 0.772633 0.059985
v 0.933878 0.784545 0.052283
v 0.947958 0.794873 0.052555
v 0.961786 0.807498 0.058111
v 0.972623 0.820268 0.063303
v 0.992437 0.814747 0.069761
v 1.005508 0.841373 0.068473
v 1.038366 0.868032 0.083365
v 1.043719 0.862872 0.092448
v 1.058586 0.892115 0.101673
v 1.051029 0.886466 0.092844
v 1.065632 0.913455 0.110229
v 1.071391 0.919736 0.122686
v 1.074223 0.937077 0.119708
v 1.072780 0.958839 0.122264
v 1.063258 0.960591 0.126721
v 1.070757 0.979448 0.123642
v 1.059462 0.982671 0.128321
v 1.038138 1.001171 0.137216
v 1.055405 1.006848 0.129915
v 1.044890 1.013682 0.134348
v 1.033209 1.014308 0.139266
v 1.039913 1.026428 0.136423
v 1.021886 1.024956 0.144028
v 1.034360 1.028258 0.138765
v 1.010897 1.039634 0.148666
v 1.016074 1.027439 0.146476
v 1.023401 1.045283 0.143387
v 1.012069 1.057585 0.148188
v 0.999813 1.057716 0.153374
v 0.988222 1.069697 0.158303
v 0.964061 1.081520 0.168572
v 0.977180 1.093186 0.163022
v 0.952162 1.093090 0.173648
v 0.965296 1.104685 0.168079
v 0.940170 1.104537 0.178767
v 0.928599 1.127198 0.183706
v 0.916000 1.126759 0.189092
v 0.903841 1.138481 0.194283
v 0.891696 1.149780 0.199475
v 0.879577 1.161133 0.204654
v 0.867568 1.172206 0.209795
v 0.855588 1.183792 0.214920
v 0.843643 1.195859 0.220028
v 0.845445 1.223320 0.219052
v 0.831890 1.207785 0.225060
v 0.833938 1.235260 0.223950
v 0.822634 1.247457 0.228763
v 0.811561 1.259969 0.233479
v 0.797639 1.245165 0.239735
v 0.800751 1.272850 0.238088
v 0.787267 1.263880 0.244120
v 0.776657 1.277548 0.248660
v 0.766389 1.291771 0.253052
v 0.756535 1.306603 0.257263
v 0.743469 1.326437 0.262870
v 0.727272 1.377855 0.269944
v 0.730917 1.407039 0.268125
v 0.745169 1.419827 0.261914
v 0.741837 1.446853 0.253772
v 0.759769 1.483037 0.240920
v 0.763225 1.492872 0.231972
v 0.774759 1.492337 0.209436
v 0.786722 1.480086 0.187758
v 0.777586 1.448833 0.182065
v 0.756591 1.430241 0.203197
v 0.746865 1.434892 0.225244
v 0.739804 1.410993 0.216698
v 0.727918 1.418043 0.244384
v 0.728825 1.404954 0.229592
v 0.709512 1.406134 0.263435
v 0.692599 1.385411 0.275599
v 0.686264 1.363296 0.286481
v 0.682204 1.333745 0.288023
v 0.706812 1.333135 0.278878
v 0.716488 1.299587 0.274969
v 0.699802 1.293763 0.282372
v 0.709577 1.279561 0.278321
v 0.719617 1.261785 0.274096
v 0.721829 1.229970 0.273421
v 0.733037 1.215490 0.268519
v 0.744496 1.201415 0.263507
v 0.756074 1.187741 0.258445
v 0.767736 1.174450 0.253349
v 0.779481 1.161517 0.248223
v 0.804525 1.164715 0.237230
v 0.816840 1.164067 0.231847
v 0.815862 1.141555 0.232337
v 0.828305 1.140834 0.226913
v 0.840361 1.128984 0.221688
v 0.852536 1.116816 0.216418
v 0.865035 1.116821 0.211004
v 0.864186 1.094425 0.211358
v 0.876719 1.094065 0.205946
v 0.888825 1.082510 0.200710
v 0.913418 1.070654 0.190126
v 0.900652 1.065075 0.195579
v 0.925375 1.059014 0.184978
v 0.912380 1.047957 0.190483
v 0.924515 1.042025 0.185273
v 0.936943 1.041673 0.179978
v 0.930125 1.030437 0.182823
v 0.948663 1.029773 0.174945
v 0.936062 1.028724 0.180291
v 0.948453 1.027725 0.175027
v 0.960252 1.017725 0.169981
v 0.961014 1.029354 0.169711
v 0.958686 0.994818 0.170521
v 0.971307 0.999792 0.165234
v 0.982549 0.987337 0.160455
v 0.993614 0.974669 0.155775
v 1.004480 0.961769 0.151207
v 1.015103 0.948628 0.146777
v 1.025354 0.935234 0.142546
v 1.036713 0.933589 0.137902
v 1.033063 0.909730 0.139384
v 1.043495 0.907877 0.135155
v 1.057764 0.904354 0.129381
v 1.050732 0.884057 0.132199
v 1.060028 0.886178 0.127798
v 1.061242 0.856728 0.126921
v 1.055972 0.846866 0.119446
v 1.059368 0.832611 0.128342
v 1.040710 0.829112 0.105574
v 1.030822 0.816073 0.098258
v 1.019260 0.797199 0.091950
v 1.016834 0.776403 0.097761
v 0.999494 0.781922 0.080068
v 0.989255 0.770527 0.078913
v 1.002580 0.761404 0.090469
v 0.977764 0.758774 0.078706
v 0.994785 0.743764 0.091611
v 0.966486 0.747256 0.079060
v 0.956400 0.727571 0.082253
v 0.968956 0.719933 0.087434
v 0.950322 0.704243 0.088302
v 0.927174 0.698423 0.084633
v 0.917376 0.686818 0.086649
v 0.898930 0.644050 0.101166
v 0.880307 0.638412 0.103744
v 0.871186 0.622496 0.109848
v 0.863063 0.609129 0.115357
v 0.887271 0.619775 0.106725
v 0.891084 0.603930 0.113025
v 0.892951 0.590114 0.117013
v 0.898950 0.573976 0.123513
v 0.883840 0.566516 0.131761
v 0.844260 0.565829 0.148881
v 0.824612 0.566240 0.152174
v 0.815063 0.568510 0.161136
v 0.791974 0.573934 0.173893
v 0.781511 0.570821 0.188158
v 0.792074 0.574528 0.184080
v 0.773598 0.574764 0.200255
v 0.757600 0.576846 0.228078
v 0.766702 0.575923 0.213679
v 0.739626 0.579666 0.260263
v 0.731714 0.589080 0.268734
v 0.736068 0.578449 0.260650
v 0.753256 0.586151 0.226299
v 0.764364 0.583723 0.208307
v 0.774875 0.582660 0.195050
v 0.781171 0.585864 0.180129
v 0.793580 0.587808 0.170019
v 0.781244 0.601222 0.174481
v 0.801063 0.606941 0.164096
v 0.790256 0.627145 0.163777
v 0.801012 0.656187 0.145134
v 0.821221 0.650541 0.133961
v 0.821045 0.668749 0.125086
v 0.824972 0.661874 0.116287
v 0.831510 0.692214 0.102836
v 0.844575 0.706497 0.093041
v 0.864528 0.724060 0.079646
v 0.875465 0.737749 0.071439
v 0.897376 0.747337 0.064809
v 0.907194 0.761458 0.060891
v 0.889454 0.767824 0.056263
v 0.904517 0.777367 0.054291
v 0.909577 0.794907 0.045772
v 0.921843 0.798017 0.051290
v 0.920064 0.818680 0.033680
v 0.931834 0.811123 0.047002
v 0.947328 0.815622 0.045394
v 0.964281 0.838751 0.047950
v 0.949047 0.834909 0.042802
v 0.975534 0.844863 0.056454
v 0.986029 0.838809 0.063007
v 0.998423 0.863218 0.059952
v 1.017924 0.863702 0.068310
v 1.031236 0.874636 0.075114
v 1.025470 0.886812 0.067501
v 1.048242 0.897677 0.083048
v 1.061291 0.916481 0.093587
v 1.068108 0.930295 0.106092
v 1.073580 0.950395 0.110895
v 1.078466 0.966857 0.118101
v 1.079636 0.985078 0.118158
v 1.066575 0.999448 0.125184
v 1.072507 1.018114 0.122330
v 1.064559 1.012677 0.125951
v 1.060976 1.025692 0.127464
v 1.065535 1.027213 0.125444
v 1.046569 1.038768 0.133585
v 1.051247 1.026144 0.131632
v 1.057847 1.044695 0.128753
v 1.047838 1.063320 0.133018
v 1.035956 1.057357 0.138072
v 1.024772 1.069641 0.142816
v 1.013398 1.081692 0.147652
v 1.001209 1.081594 0.152818
v 0.989536 1.093325 0.157783
v 1.002519 1.105426 0.152302
v 0.990761 1.116874 0.157295
v 0.978287 1.116508 0.162578
v 0.966318 1.127776 0.167657
v 0.953779 1.127077 0.172985
v 0.941693 1.138263 0.178119
v 0.929549 1.149807 0.183271
v 0.917392 1.160899 0.188434
v 0.905279 1.171625 0.193582
v 0.893187 1.182797 0.198718
v 0.881165 1.194057 0.203826
v 0.869197 1.205725 0.208906
v 0.870768 1.233071 0.208013
v 0.857406 1.217220 0.213916
v 0.859213 1.244509 0.212888
v 0.847872 1.256165 0.217675
v 0.836777 1.268066 0.222360
v 0.825965 1.280249 0.226928
v 0.815471 1.292758 0.231366
v 0.805324 1.305651 0.235665
v 0.791031 1.291709 0.242155
v 0.795563 1.318944 0.239814
v 0.781904 1.310983 0.245975
v 0.772428 1.325311 0.250031
v 0.762313 1.334670 0.254447
v 0.758306 1.350731 0.256120
v 0.740990 1.362950 0.263812
v 0.758795 1.380211 0.255731
v 0.745272 1.395431 0.261792
v 0.747885 1.440254 0.260623
v 0.762346 1.466950 0.255097
v 0.775138 1.499729 0.235779
v 0.785023 1.512127 0.225600
v 0.783431 1.510995 0.214025
v 0.790443 1.504436 0.198294
v 0.805001 1.499268 0.180279
v 0.801337 1.476668 0.168610
v 0.793081 1.450476 0.165059
v 0.784775 1.422655 0.162761
v 0.759312 1.411627 0.187863
v 0.747115 1.403603 0.200180
v 0.714348 1.394032 0.243639
v 0.698940 1.372789 0.250375
v 0.692804 1.380746 0.265257
v 0.679912 1.366196 0.275449
v 0.671059 1.340954 0.282161
v 0.678834 1.348721 0.288879
v 0.683307 1.312670 0.288332
v 0.694832 1.311138 0.284085
v 0.686999 1.291814 0.288102
v 0.689285 1.277376 0.287439
v 0.696444 1.255422 0.284563
v 0.710626 1.238867 0.278362
v 0.743102 1.165650 0.264259
v 0.754768 1.152365 0.259136
v 0.791505 1.154737 0.242962
v 0.790673 1.131877 0.243374
v 0.802968 1.131049 0.237990
v 0.814962 1.118969 0.232758
v 0.827412 1.118312 0.227329
v 0.839500 1.106514 0.222071
v 0.826677 1.095817 0.227643
v 0.838765 1.084055 0.222362
v 0.851215 1.083590 0.216955
v 0.875822 1.071561 0.206281
v 0.863125 1.066101 0.211749
v 0.887875 1.059942 0.201048
v 0.874991 1.049044 0.206549
v 0.887194 1.043128 0.201260
v 0.899635 1.042752 0.195914
v 0.892952 1.031651 0.198719
v 0.911517 1.031002 0.190764
v 0.898965 1.029960 0.196131
v 0.911379 1.028987 0.190813
v 0.923290 1.019158 0.185669
v 0.923910 1.030597 0.185472
v 0.922066 0.996601 0.186026
v 0.934287 0.996081 0.180835
v 0.946865 1.001011 0.175546
v 0.945223 0.977875 0.176063
v 0.969463 0.976393 0.165875
v 0.956416 0.965536 0.171255
v 0.980488 0.963812 0.161189
v 0.967414 0.953031 0.166556
v 0.991311 0.951032 0.156618
v 1.001897 0.938046 0.152180
v 1.012179 0.924856 0.147908
v 1.021989 0.911472 0.143874
v 1.034424 0.884897 0.138801
v 1.050681 0.868437 0.132237
v 1.055053 0.855564 0.130362
v 1.048046 0.827338 0.132787
v 1.049405 0.819427 0.119832
v 1.057238 0.810311 0.130226
v 1.047647 0.800552 0.121985
v 1.038133 0.803178 0.111473
v 1.029279 0.791903 0.105554
v 1.029413 0.766479 0.112433
v 1.014079 0.752793 0.103605
v 1.004175 0.732893 0.102520
v 0.983095 0.732471 0.089188
v 0.993883 0.709599 0.103354
v 0.979549 0.704866 0.097163
v 0.947920 0.688410 0.092198
v 0.968710 0.687753 0.098016
v 0.938235 0.676468 0.094065
v 0.928884 0.658556 0.098498
v 0.918768 0.632861 0.105950
v 0.902079 0.621261 0.107956
v 0.916255 0.599989 0.116368
v 0.915209 0.582103 0.122479
v 0.920413 0.564294 0.142261
v 0.902470 0.563140 0.132551
v 0.869314 0.566899 0.147733
v 0.850069 0.566584 0.163985
v 0.833683 0.566131 0.169844
v 0.815442 0.573767 0.170280
v 0.801888 0.581338 0.182949
v 0.778388 0.579959 0.203680
v 0.767655 0.585248 0.219376
v 0.762637 0.591788 0.228377
v 0.753150 0.586566 0.240219
v 0.746532 0.577845 0.248888
v 0.723482 0.612075 0.272233
v 0.732144 0.593894 0.268191
v 0.727845 0.605897 0.263325
v 0.733895 0.595985 0.257899
v 0.735144 0.608875 0.253761
v 0.745170 0.582329 0.246307
v 0.748407 0.584191 0.235533
v 0.758828 0.585881 0.218686
v 0.767357 0.595154 0.196619
v 0.778191 0.600099 0.186142
v 0.775570 0.613598 0.192404
v 0.783001 0.615548 0.175331
v 0.777409 0.638135 0.178817
v 0.797694 0.640737 0.154979
v 0.790475 0.660532 0.157519
v 0.789902 0.676285 0.147856
v 0.803873 0.667439 0.140558
v 0.811041 0.674211 0.130946
v 0.810242 0.702922 0.121033
v 0.820774 0.695372 0.106848
v 0.825196 0.722232 0.096526
v 0.844224 0.730638 0.084727
v 0.854165 0.752144 0.073288
v 0.874092 0.760496 0.063109
v 0.876864 0.783226 0.053428
v 0.886169 0.790064 0.045622
v 0.896983 0.801927 0.037610
v 0.906662 0.817293 0.030316
v 0.883451 0.815443 0.026605
v 0.887448 0.824656 0.010686
v 0.900027 0.833336 0.004918
v 0.879790 0.834317 -0.003361
v 0.911439 0.842745 -0.000064
v 0.922049 0.852748 0.000075
v 0.931124 0.863754 0.002058
v 0.939301 0.874980 0.003272
v 0.945194 0.868001 0.017184
v 0.954002 0.868301 0.027447
v 0.964687 0.873971 0.037734
v 0.957347 0.856698 0.039169
v 0.970809 0.861776 0.045843
v 0.984524 0.867031 0.051689
v 0.996220 0.887085 0.052445
v 1.013190 0.881950 0.061667
v 1.009064 0.900890 0.055253
v 1.036902 0.900524 0.071301
v 1.044966 0.916455 0.075476
v 1.056404 0.922318 0.083842
v 1.069782 0.948116 0.093870
v 1.072205 0.949593 0.101957
v 1.073498 0.977413 0.098575
v 1.077577 0.977937 0.110045
v 1.079711 0.998815 0.118510
v 1.079386 1.017519 0.113882
v 1.078015 1.011932 0.118991
v 1.073173 1.025199 0.122097
v 1.077953 1.032088 0.119499
v 1.071515 1.038174 0.122713
v 1.073143 1.025226 0.122111
v 1.074510 1.057406 0.121407
v 1.063847 1.059517 0.126167
v 1.058895 1.082560 0.128245
v 1.037168 1.082073 0.137558
v 1.048947 1.094878 0.132551
v 1.026052 1.094100 0.142305
v 1.038307 1.106863 0.137148
v 1.014666 1.105839 0.147160
v 1.027256 1.118497 0.141874
v 1.015810 1.129855 0.146732
v 1.003574 1.129180 0.151891
v 0.991718 1.140337 0.156902
v 0.979299 1.139789 0.162152
v 0.967250 1.150833 0.167244
v 0.980154 1.162973 0.161764
v 0.955130 1.161793 0.172363
v 0.942970 1.172688 0.177496
v 0.930818 1.183199 0.182629
v 0.918682 1.194094 0.187751
v 0.906577 1.205332 0.192854
v 0.907618 1.232861 0.192211
v 0.894588 1.216309 0.197912
v 0.895779 1.243702 0.197168
v 0.882731 1.227405 0.202912
v 0.884126 1.254683 0.202044
v 0.872691 1.265823 0.206825
v 0.861517 1.277148 0.211495
v 0.850637 1.288704 0.216040
v 0.840106 1.300521 0.220443
v 0.829962 1.312615 0.224690
v 0.820233 1.325013 0.228773
v 0.810947 1.337762 0.232687
v 0.802162 1.350913 0.236414
v 0.787446 1.338081 0.243188
v 0.783060 1.353309 0.244983
v 0.775414 1.368066 0.248294
v 0.776241 1.396975 0.247740
v 0.760381 1.407499 0.255017
v 0.760724 1.432406 0.255253
v 0.774407 1.454113 0.249263
v 0.788058 1.474306 0.243193
v 0.779584 1.488402 0.246759
v 0.810150 1.512959 0.205721
v 0.803421 1.511108 0.193909
v 0.824836 1.512733 0.175732
v 0.829968 1.501054 0.161177
v 0.820881 1.485231 0.156584
v 0.811863 1.454826 0.149720
v 0.803019 1.425336 0.144930
v 0.768229 1.390626 0.165161
v 0.779376 1.394516 0.154574
v 0.765929 1.407147 0.176838
v 0.747899 1.379857 0.183296
v 0.725959 1.379493 0.208839
v 0.710887 1.369661 0.226550
v 0.699973 1.347391 0.234138
v 0.689490 1.347581 0.252984
v 0.677670 1.347129 0.267686
v 0.674933 1.319720 0.280937
v 0.675619 1.300894 0.285378
v 0.674979 1.316261 0.291786
v 0.674082 1.291840 0.293851
v 0.676955 1.282260 0.292988
v 0.681636 1.262248 0.291197
v 0.695215 1.233060 0.285342
v 0.708861 1.214514 0.279322
v 0.692369 1.212415 0.286741
v 0.720154 1.199747 0.274340
v 0.708145 1.189502 0.279731
v 0.731671 1.185473 0.269266
v 0.719581 1.175092 0.274666
v 0.731116 1.161209 0.269574
v 0.742396 1.129748 0.264632
v 0.766602 1.145391 0.253931
v 0.778389 1.132765 0.248766
v 0.765991 1.122095 0.254233
v 0.777781 1.109701 0.249052
v 0.789936 1.108978 0.243715
v 0.802215 1.108274 0.238333
v 0.814239 1.096314 0.233070
v 0.801651 1.085559 0.238562
v 0.813677 1.073758 0.233275
v 0.825916 1.067423 0.227915
v 0.838048 1.061490 0.222608
v 0.850453 1.061062 0.217218
v 0.849948 1.044295 0.217358
v 0.862343 1.043901 0.211985
v 0.855844 1.032850 0.214735
v 0.874342 1.032212 0.206732
v 0.874342 1.032212 0.206732
v 0.861904 1.031171 0.212101
v 0.886261 1.020478 0.201518
v 0.886727 1.031809 0.201395
v 0.873716 1.015361 0.206881
v 0.897624 0.997683 0.196457
v 0.885552 1.003574 0.201684
v 0.910123 1.002629 0.191159
v 0.908873 0.979760 0.191473
v 0.920316 0.967694 0.186481
v 0.932412 0.967047 0.181361
v 0.943591 0.954762 0.176528
v 0.954570 0.942327 0.171804
v 0.965326 0.929738 0.167201
v 0.977142 0.929149 0.162322
v 0.987518 0.916272 0.157945
v 0.997573 0.903235 0.153738
v 1.007234 0.890056 0.149736
v 1.016410 0.876796 0.145971
v 1.025076 0.863156 0.142432
v 1.034292 0.855948 0.138733
v 1.041151 0.843126 0.135906
v 1.042980 0.802672 0.134813
v 1.053429 0.785361 0.130447
v 1.041167 0.781319 0.118539
v 1.050593 0.763937 0.131846
v 1.033197 0.745792 0.120943
v 1.019451 0.739507 0.111632
v 1.012666 0.718242 0.112720
v 1.004331 0.698420 0.113241
v 0.985172 0.675837 0.108776
v 0.960032 0.664471 0.101343
v 0.949615 0.653048 0.103214
v 0.963625 0.638120 0.112739
v 0.928126 0.615707 0.111989
v 0.938072 0.599594 0.119486
v 0.935945 0.578212 0.126511
v 0.915809 0.569443 0.128475
v 0.933407 0.564721 0.136142
v 0.896501 0.567702 0.146788
v 0.912356 0.573763 0.157740
v 0.894504 0.586697 0.165759
v 0.875167 0.586281 0.169952
v 0.879094 0.574916 0.160620
v 0.853481 0.576052 0.172156
v 0.824282 0.574871 0.171129
v 0.797239 0.589721 0.191906
v 0.779016 0.594887 0.211197
v 0.764104 0.608498 0.231713
v 0.751166 0.596764 0.244162
v 0.741693 0.588962 0.256789
v 0.736744 0.619322 0.260326
v 0.728890 0.615618 0.267979
v 0.712508 0.631748 0.277357
v 0.718944 0.622567 0.268583
v 0.722712 0.625980 0.259703
v 0.730891 0.627998 0.251720
v 0.741008 0.599221 0.246216
v 0.744370 0.595161 0.234109
v 0.756036 0.603333 0.218647
v 0.741686 0.611143 0.233190
v 0.758972 0.602622 0.208573
v 0.761569 0.612487 0.202287
v 0.757302 0.624009 0.203665
v 0.760827 0.629620 0.190104
v 0.753665 0.649797 0.189000
v 0.775333 0.651940 0.166131
v 0.761295 0.657862 0.177805
v 0.777023 0.670715 0.160463
v 0.771401 0.706650 0.157302
v 0.799830 0.696119 0.134131
v 0.805385 0.723424 0.103001
v 0.821580 0.742346 0.094617
v 0.824917 0.762022 0.092212
v 0.838127 0.762168 0.080606
v 0.852429 0.770257 0.068994
v 0.859027 0.786342 0.056423
v 0.876573 0.805572 0.039212
v 0.859727 0.803625 0.044315
v 0.863387 0.812385 0.024778
v 0.845668 0.820181 0.018472
v 0.855770 0.824206 0.010469
v 0.867299 0.828947 0.002814
v 0.847736 0.825490 -0.008896
v 0.868986 0.838714 -0.024462
v 0.886724 0.843465 -0.015824
v 0.899201 0.850936 -0.015860
v 0.909954 0.858748 -0.016569
v 0.918793 0.868506 -0.015870
v 0.930474 0.882329 -0.015973
v 0.942718 0.893369 -0.009629
v 0.946537 0.893429 0.000810
v 0.951932 0.893044 0.010188
v 0.957697 0.892712 0.019880
v 0.963481 0.892790 0.030199
v 0.971636 0.892086 0.039211
v 0.979854 0.884818 0.046056
v 1.000670 0.907968 0.049971
v 0.992367 0.915203 0.045815
v 1.020994 0.914593 0.059456
v 1.035244 0.926506 0.066329
v 1.049656 0.938373 0.072513
v 1.034704 0.951338 0.065487
v 1.063236 0.950196 0.079981
v 1.068912 0.969336 0.084033
v 1.060719 0.976374 0.075823
v 1.070093 0.989970 0.084481
v 1.076411 0.998064 0.107147
v 1.074062 1.004318 0.094241
v 1.075871 1.011257 0.101509
v 1.077124 1.011461 0.106751
v 1.080207 1.024643 0.115391
v 1.076362 1.024710 0.108983
v 1.078657 1.031837 0.108128
v 1.081983 1.037681 0.114399
v 1.080523 1.024711 0.116653
v 1.082517 1.050927 0.115151
v 1.069397 1.076710 0.123725
v 1.071817 1.089756 0.122512
v 1.065691 1.102353 0.125350
v 1.063195 1.121054 0.126710
v 1.049752 1.119959 0.132386
v 1.039182 1.131477 0.136913
v 1.028092 1.142695 0.141596
v 1.016570 1.153744 0.146437
v 1.004452 1.152865 0.151529
v 0.992500 1.163786 0.156552
v 1.005052 1.176514 0.151245
v 0.968295 1.184958 0.166721
v 0.956125 1.195627 0.171830
v 0.943950 1.206252 0.176939
v 0.931796 1.217160 0.182032
v 0.932352 1.244984 0.181592
v 0.919722 1.227790 0.187091
v 0.920371 1.255416 0.186574
v 0.908556 1.265941 0.191476
v 0.896951 1.276599 0.196283
v 0.885602 1.287420 0.200975
v 0.874564 1.298421 0.205529
v 0.863886 1.309623 0.209932
v 0.853627 1.321070 0.214163
v 0.843822 1.332758 0.218209
v 0.817481 1.369294 0.229161
v 0.799382 1.370854 0.237370
v 0.807564 1.386892 0.233357
v 0.788403 1.384197 0.242227
v 0.785845 1.422035 0.243242
v 0.774934 1.430301 0.248515
v 0.805677 1.486903 0.234011
v 0.801071 1.500567 0.238061
v 0.808176 1.508968 0.222034
v 0.826491 1.524519 0.192011
v 0.839287 1.526098 0.183254
v 0.853810 1.504721 0.156524
v 0.846054 1.493865 0.147580
v 0.839611 1.475715 0.138583
v 0.829574 1.453053 0.134341
v 0.815940 1.421067 0.131717
v 0.833104 1.431479 0.122211
v 0.831152 1.404619 0.113178
v 0.804114 1.387597 0.129443
v 0.790155 1.398393 0.144366
v 0.771146 1.361686 0.150639
v 0.784518 1.358919 0.137740
v 0.797384 1.355419 0.124119
v 0.801014 1.330155 0.116776
v 0.786512 1.330636 0.127954
v 0.774528 1.322715 0.137432
v 0.786484 1.299276 0.118931
v 0.764137 1.313236 0.145308
v 0.753907 1.308094 0.154835
v 0.739226 1.322232 0.174258
v 0.741104 1.298763 0.166380
v 0.729575 1.331076 0.187310
v 0.727568 1.298995 0.182533
v 0.717370 1.310981 0.198499
v 0.703030 1.293391 0.211184
v 0.697382 1.311803 0.226367
v 0.690616 1.286898 0.226072
v 0.680021 1.279087 0.242350
v 0.678252 1.294754 0.256449
v 0.673591 1.270933 0.258960
v 0.670383 1.266109 0.274540
v 0.662835 1.252732 0.288946
v 0.668444 1.271274 0.294182
v 0.658140 1.233309 0.292278
v 0.650689 1.221004 0.301434
v 0.647902 1.192619 0.305063
v 0.648346 1.179420 0.305237
v 0.665039 1.190715 0.299036
v 0.666306 1.172349 0.298397
v 0.676899 1.168558 0.293679
v 0.664319 1.150487 0.299172
v 0.686691 1.154093 0.289298
v 0.682322 1.142109 0.291218
v 0.697174 1.140185 0.284636
v 0.677068 1.129123 0.293527
v 0.697194 1.121325 0.284623
v 0.708104 1.126703 0.279795
v 0.687123 1.115836 0.289076
v 0.697543 1.102700 0.284469
v 0.708173 1.102136 0.279768
v 0.707795 1.083974 0.279936
v 0.730234 1.088833 0.270011
v 0.719228 1.083426 0.274878
v 0.741532 1.076547 0.265012
v 0.753206 1.076139 0.259854
v 0.729859 1.065256 0.270164
v 0.741363 1.059154 0.265064
v 0.753018 1.058819 0.259909
v 0.764937 1.069628 0.254671
v 0.758878 1.047146 0.257287
v 0.776481 1.048069 0.249524
v 0.753186 1.045711 0.259804
v 0.765025 1.044854 0.254567
v 0.776556 1.035123 0.249439
v 0.788556 1.034819 0.244149
v 0.782389 1.046426 0.246914
v 0.776521 1.012427 0.249343
v 0.800508 1.023108 0.238828
v 0.788395 1.017914 0.244130
v 0.812502 1.017251 0.233525
v 0.800348 1.006180 0.238785
v 0.824488 1.005555 0.228183
v 0.812304 0.994524 0.233430
v 0.836416 0.993859 0.222864
v 0.824206 0.982854 0.228091
v 0.848271 0.982136 0.217572
v 0.836041 0.971153 0.222773
v 0.847789 0.959407 0.217489
v 0.859759 0.958980 0.212284
v 0.871341 0.947114 0.207098
v 0.859046 0.936149 0.212220
v 0.882783 0.935160 0.201981
v 0.894068 0.923109 0.196943
v 0.905177 0.910953 0.191997
v 0.916094 0.898682 0.187157
v 0.928493 0.909786 0.182210
v 0.925982 0.874770 0.182497
v 0.937333 0.874159 0.177833
v 0.947547 0.861529 0.173388
v 0.957474 0.848781 0.169107
v 0.967090 0.835924 0.165013
v 0.988836 0.838852 0.156498
v 0.976367 0.822975 0.161114
v 0.985218 0.809671 0.157437
v 0.994430 0.802552 0.153807
v 1.002548 0.789442 0.150585
v 1.010263 0.776304 0.147612
v 1.023224 0.774091 0.142793
v 1.002158 0.750925 0.150381
v 1.022124 0.753964 0.143247
v 1.028645 0.740642 0.140955
v 1.034311 0.726820 0.138938
v 1.041691 0.711549 0.136624
v 1.035586 0.689609 0.138698
v 1.029591 0.690221 0.133200
v 1.030109 0.671852 0.138535
v 1.018239 0.657738 0.134859
v 1.007493 0.646323 0.132454
v 1.000809 0.623972 0.133501
v 0.986546 0.627422 0.127414
v 0.998500 0.595792 0.139032
v 0.985466 0.605395 0.131020
v 0.975684 0.597466 0.130724
v 0.976063 0.581941 0.133124
v 0.952221 0.579011 0.129638
v 0.955477 0.564367 0.142500
v 0.953202 0.564051 0.155889
v 0.936612 0.561758 0.153498
v 0.926257 0.562432 0.162927
v 0.932683 0.575468 0.162993
v 0.913370 0.584372 0.163730
v 0.913799 0.599470 0.166686
v 0.880750 0.603706 0.172897
v 0.854555 0.593945 0.176304
v 0.826608 0.587797 0.178126
v 0.816995 0.603633 0.188501
v 0.799419 0.603604 0.198447
v 0.791964 0.613742 0.208653
v 0.777846 0.610707 0.218999
v 0.771326 0.624472 0.228708
v 0.751355 0.614822 0.245761
v 0.724736 0.637953 0.269031
v 0.705366 0.649561 0.279520
v 0.709573 0.641420 0.272825
v 0.709912 0.651737 0.266814
v 0.715085 0.639532 0.261645
v 0.726476 0.647009 0.244823
v 0.740060 0.616573 0.243699
v 0.746192 0.616118 0.221500
v 0.741727 0.632537 0.222450
v 0.745026 0.640374 0.206649
v 0.737115 0.661884 0.207822
v 0.748035 0.673731 0.189199
v 0.763934 0.678641 0.172804
v 0.759503 0.705512 0.170466
v 0.781072 0.700768 0.149357
v 0.788684 0.709239 0.139106
v 0.774869 0.743305 0.140515
v 0.794371 0.727995 0.126082
v 0.801703 0.742423 0.112977
v 0.794044 0.758544 0.121313
v 0.811647 0.759911 0.104567
v 0.802314 0.757837 0.112943
v 0.817123 0.792842 0.071872
v 0.827682 0.794472 0.065129
v 0.838221 0.794990 0.059924
v 0.848824 0.800937 0.050088
v 0.829250 0.803429 0.041817
v 0.845567 0.808095 0.030111
v 0.833874 0.816577 0.023415
v 0.821938 0.813187 0.026916
v 0.814875 0.819173 -0.012285
v 0.834889 0.821144 -0.004610
v 0.825617 0.825415 -0.022174
v 0.838665 0.829762 -0.027561
v 0.850850 0.833701 -0.031120
v 0.860230 0.846493 -0.040931
v 0.875590 0.848278 -0.037316
v 0.888313 0.855473 -0.036594
v 0.900089 0.863434 -0.035197
v 0.909805 0.872987 -0.033502
v 0.917975 0.883042 -0.032267
v 0.927671 0.896612 -0.032604
v 0.942105 0.900498 -0.018175
v 0.939668 0.907837 -0.025925
v 0.955118 0.917163 -0.006854
v 0.959714 0.917542 0.002640
v 0.964896 0.917762 0.012105
v 0.969648 0.918178 0.021853
v 0.974679 0.917636 0.031685
v 0.982659 0.916540 0.039755
v 1.004033 0.929285 0.050613
v 0.991043 0.940998 0.042015
v 1.017167 0.941624 0.059358
v 1.002655 0.953219 0.051132
v 1.024604 0.958674 0.062832
v 1.045515 0.965484 0.067415
v 1.041154 0.990886 0.063959
v 1.051503 0.990352 0.069420
v 1.061449 0.996770 0.076184
v 1.052950 1.010858 0.068755
v 1.062531 1.010469 0.075258
v 1.071318 1.010363 0.083110
v 1.069084 1.024312 0.077909
v 1.075103 1.024493 0.100340
v 1.072473 1.026209 0.081726
v 1.077274 1.037696 0.099944
v 1.074882 1.024511 0.096987
v 1.076458 1.044343 0.091641
v 1.080016 1.051094 0.104356
v 1.079496 1.071015 0.103671
v 1.082502 1.064250 0.113642
v 1.081621 1.077132 0.115815
v 1.082516 1.090518 0.112808
v 1.080197 1.103194 0.116667
v 1.074451 1.115384 0.121385
v 1.064274 1.144339 0.126520
v 1.050305 1.144704 0.132332
v 1.039632 1.155822 0.136795
v 1.028521 1.166821 0.141427
v 1.016987 1.177688 0.146236
v 0.993139 1.198644 0.156190
v 0.980907 1.197412 0.161350
v 0.981028 1.238342 0.161094
v 0.968838 1.219779 0.166335
v 0.968794 1.248368 0.166184
v 0.956636 1.230073 0.171427
v 0.956569 1.258373 0.171258
v 0.944465 1.240353 0.176500
v 0.944413 1.268390 0.176287
v 0.932387 1.278476 0.181245
v 0.920541 1.288668 0.186108
v 0.908930 1.298987 0.190857
v 0.897608 1.309481 0.195470
v 0.886642 1.320184 0.199926
v 0.870956 1.331411 0.206398
v 0.851620 1.354060 0.214230
v 0.830225 1.351010 0.223817
v 0.800325 1.402714 0.236478
v 0.820136 1.401355 0.227148
v 0.803793 1.424350 0.234555
v 0.793009 1.447292 0.239896
v 0.806444 1.460849 0.233059
v 0.823296 1.505214 0.222193
v 0.835491 1.512048 0.211996
v 0.845694 1.518901 0.195166
v 0.862762 1.509285 0.182322
v 0.845387 1.516013 0.168567
v 0.869583 1.504371 0.166436
v 0.871057 1.498785 0.143587
v 0.865858 1.486865 0.136065
v 0.851288 1.452240 0.120843
v 0.849656 1.422716 0.108125
v 0.821701 1.372350 0.107114
v 0.842473 1.378284 0.096952
v 0.810236 1.364597 0.116799
v 0.823284 1.342342 0.095472
v 0.812939 1.335371 0.105709
v 0.828930 1.316199 0.087785
v 0.814981 1.308003 0.094352
v 0.804540 1.305423 0.106691
v 0.766967 1.287964 0.134147
v 0.749574 1.276223 0.149090
v 0.726252 1.256778 0.172227
v 0.720688 1.288553 0.188459
v 0.713347 1.260169 0.190624
v 0.710606 1.282227 0.198317
v 0.697916 1.269479 0.210669
v 0.677658 1.252380 0.242387
v 0.667543 1.246975 0.272406
v 0.662536 1.222878 0.280347
v 0.658286 1.203703 0.284754
v 0.647539 1.206513 0.302965
v 0.656047 1.165048 0.302980
v 0.652302 1.152042 0.304331
v 0.650031 1.139105 0.305326
v 0.663737 1.137364 0.299415
v 0.655326 1.125039 0.303086
v 0.667158 1.116804 0.297894
v 0.676948 1.110156 0.293574
v 0.667294 1.098080 0.297835
v 0.676852 1.097588 0.293616
v 0.686825 1.097097 0.289209
v 0.676730 1.085094 0.293677
v 0.686738 1.084739 0.289253
v 0.692670 1.078174 0.286632
v 0.697007 1.072199 0.284716
v 0.707710 1.071925 0.279975
v 0.696892 1.060076 0.284775
v 0.707615 1.059919 0.280018
v 0.718619 1.059711 0.275138
v 0.711148 1.047604 0.278450
v 0.735710 1.047628 0.267548
v 0.719054 1.046280 0.274938
v 0.730304 1.045501 0.269943
v 0.741239 1.035811 0.265071
v 0.741290 1.047473 0.265075
v 0.741214 1.024164 0.265051
v 0.752967 1.018395 0.259809
v 0.764696 1.018234 0.254606
v 0.764602 0.995175 0.254521
v 0.788332 0.994940 0.243999
v 0.776411 0.983593 0.249189
v 0.800228 0.983339 0.238642
v 0.788254 0.972031 0.243825
v 0.812096 0.971706 0.233284
v 0.800088 0.960458 0.238449
v 0.823907 0.960043 0.227940
v 0.811877 0.948847 0.233079
v 0.835640 0.948333 0.222624
v 0.847269 0.936562 0.217346
v 0.858458 0.913291 0.212016
v 0.870215 0.913157 0.206946
v 0.881427 0.901128 0.201864
v 0.892469 0.889000 0.196870
v 0.903321 0.876767 0.191976
v 0.913973 0.864430 0.187195
v 0.924363 0.851681 0.182537
v 0.922337 0.822959 0.182406
v 0.934570 0.839139 0.178024
v 0.932335 0.810393 0.177963
v 0.944522 0.826482 0.173678
v 0.942094 0.797716 0.173687
v 0.954198 0.813715 0.169513
v 0.951618 0.784941 0.169586
v 0.963608 0.800850 0.165517
v 0.960917 0.772070 0.165684
v 0.978253 0.783229 0.159547
v 0.990711 0.767550 0.154683
v 0.974758 0.758025 0.160209
v 0.991940 0.731368 0.153686
v 1.011523 0.731438 0.147039
v 1.021395 0.710178 0.143793
v 1.025514 0.659621 0.140161
v 1.017249 0.650070 0.145216
v 1.027120 0.642949 0.142352
v 1.016671 0.630991 0.139035
v 1.013757 0.613132 0.145022
v 0.993788 0.577014 0.141155
v 0.975563 0.567737 0.140484
v 0.974831 0.562053 0.149454
v 0.967857 0.566160 0.163825
v 0.948559 0.575746 0.164328
v 0.935481 0.591478 0.164392
v 0.899306 0.610729 0.170684
v 0.888323 0.623749 0.174999
v 0.867900 0.624446 0.179923
v 0.848373 0.624467 0.185238
v 0.845887 0.607902 0.180851
v 0.829615 0.624367 0.191777
v 0.811587 0.623851 0.200167
v 0.805057 0.645691 0.211225
v 0.795151 0.628075 0.211724
v 0.787710 0.643816 0.221532
v 0.752777 0.631029 0.245936
v 0.754834 0.649132 0.246247
v 0.740279 0.644879 0.256966
v 0.729562 0.666448 0.264842
v 0.716756 0.660286 0.273338
v 0.705638 0.672236 0.279612
v 0.697217 0.666347 0.282373
v 0.704678 0.662715 0.274285
v 0.699390 0.675515 0.273136
v 0.707085 0.672598 0.264883
v 0.715684 0.659746 0.257421
v 0.721857 0.669652 0.245192
v 0.723484 0.669740 0.225957
v 0.730285 0.651351 0.224796
v 0.732061 0.686984 0.206858
v 0.744961 0.700887 0.187848
v 0.734781 0.715807 0.196174
v 0.748250 0.731761 0.174203
v 0.758180 0.735788 0.159938
v 0.765605 0.744318 0.148979
v 0.784162 0.750064 0.131241
v 0.777283 0.772262 0.127328
v 0.793451 0.776331 0.100776
v 0.796384 0.790052 0.083999
v 0.807529 0.789738 0.079750
v 0.795031 0.799041 0.056792
v 0.803613 0.803056 0.047186
v 0.813171 0.806542 0.038874
v 0.790014 0.811062 0.023497
v 0.791404 0.815748 0.001381
v 0.800032 0.820222 -0.009547
v 0.806092 0.836564 -0.028396
v 0.817877 0.839295 -0.032789
v 0.829947 0.844968 -0.037276
v 0.841389 0.850123 -0.043297
v 0.852222 0.856252 -0.051971
v 0.865282 0.860402 -0.051026
v 0.876265 0.866527 -0.053070
v 0.879752 0.867569 -0.069051
v 0.888330 0.872425 -0.053712
v 0.901108 0.878793 -0.052618
v 0.909833 0.887314 -0.051355
v 0.920744 0.899653 -0.065316
v 0.922282 0.900310 -0.054928
v 0.924145 0.900097 -0.044831
v 0.936929 0.917663 -0.041060
v 0.949777 0.919507 -0.019392
v 0.944809 0.930596 -0.033555
v 0.953075 0.941805 -0.023493
v 0.959699 0.940925 -0.015067
v 0.963735 0.941735 -0.004971
v 0.968060 0.942010 0.004886
v 0.971584 0.942390 0.015287
v 0.976238 0.942454 0.025303
v 0.982667 0.942029 0.034413
v 0.994591 0.959909 0.044951
v 0.988830 0.966263 0.036375
v 1.011279 0.968009 0.056823
v 1.024773 0.980396 0.060534
v 1.008007 0.991224 0.053419
v 1.030482 0.997895 0.060638
v 1.019677 1.004611 0.057589
v 1.031198 1.011309 0.060766
v 1.042486 1.011206 0.063693
v 1.048684 1.024897 0.065029
v 1.043328 1.026808 0.063541
v 1.064039 1.038932 0.073750
v 1.059113 1.024741 0.070615
v 1.054173 1.045887 0.067116
v 1.071848 1.052915 0.081461
v 1.063590 1.060244 0.072382
v 1.075786 1.065631 0.091183
v 1.078066 1.086767 0.099604
v 1.073711 1.085984 0.090948
v 1.077917 1.110708 0.105437
v 1.078389 1.136116 0.110970
v 1.081461 1.120730 0.116567
v 1.074562 1.134726 0.121839
v 1.073114 1.160307 0.122619
v 1.061351 1.160599 0.127784
v 1.063835 1.177961 0.126706
v 1.049733 1.175256 0.132580
v 1.059862 1.195885 0.128282
v 1.039375 1.186227 0.136867
v 1.028418 1.197038 0.141397
v 1.017015 1.207649 0.146121
v 1.005253 1.211844 0.151041
v 0.993118 1.234249 0.156029
v 0.967812 1.282808 0.166355
v 0.955559 1.292436 0.171382
v 0.943427 1.302125 0.176329
v 0.931488 1.311946 0.181168
v 0.915351 1.324116 0.187691
v 0.892373 1.342575 0.196934
v 0.871946 1.358862 0.205203
v 0.855487 1.375814 0.211818
v 0.846101 1.398456 0.215121
v 0.835295 1.382936 0.220675
v 0.825317 1.423949 0.223979
v 0.825281 1.448211 0.223201
v 0.824225 1.473659 0.222961
v 0.843651 1.488715 0.210143
v 0.854548 1.500050 0.200529
v 0.859980 1.510331 0.194480
v 0.870302 1.494284 0.190520
v 0.887634 1.500140 0.169894
v 0.882913 1.501225 0.151937
v 0.895995 1.494556 0.144341
v 0.866489 1.462925 0.123373
v 0.864466 1.429206 0.105471
v 0.884201 1.412604 0.098974
v 0.856912 1.401855 0.097497
v 0.885830 1.391210 0.090358
v 0.863653 1.379142 0.086659
v 0.843855 1.355817 0.089008
v 0.846261 1.330716 0.080894
v 0.856592 1.307473 0.068943
v 0.843160 1.305438 0.078787
v 0.856032 1.277910 0.065232
v 0.841110 1.279734 0.071396
v 0.828318 1.284348 0.077755
v 0.814476 1.286031 0.084691
v 0.803049 1.279871 0.091527
v 0.809546 1.255373 0.071129
v 0.790143 1.275380 0.106601
v 0.770778 1.262481 0.118687
v 0.753986 1.254051 0.132554
v 0.741197 1.254745 0.150545
v 0.733136 1.233143 0.150920
v 0.734189 1.268489 0.165813
v 0.717411 1.227215 0.173321
v 0.698162 1.251982 0.206349
v 0.686364 1.255380 0.223022
v 0.682829 1.229157 0.232423
v 0.674006 1.238315 0.253703
v 0.668469 1.218391 0.266572
v 0.665547 1.193007 0.269885
v 0.654785 1.190942 0.290019
v 0.654739 1.177753 0.289196
v 0.651832 1.164418 0.292274
v 0.646731 1.165779 0.303665
v 0.643804 1.153467 0.305543
v 0.637902 1.141576 0.308778
v 0.641502 1.127647 0.308821
v 0.654617 1.112245 0.303410
v 0.654396 1.099155 0.303510
v 0.650162 1.086215 0.305396
v 0.667092 1.085440 0.297931
v 0.661839 1.072280 0.300266
v 0.676594 1.072640 0.293751
v 0.676730 1.085094 0.293677
v 0.676594 1.072640 0.293751
v 0.666763 1.060243 0.298121
v 0.676449 1.060242 0.293836
v 0.679766 1.059603 0.292367
v 0.686490 1.060185 0.289388
v 0.676288 1.047885 0.293936
v 0.696755 1.047995 0.284844
v 0.703410 1.060569 0.281884
v 0.686235 1.042111 0.289529
v 0.708019 1.045242 0.279840
v 0.696355 1.029946 0.285037
v 0.718408 1.024215 0.275201
v 0.707123 1.018274 0.280231
v 0.729845 1.018402 0.270094
v 0.718303 1.006643 0.275220
v 0.741318 1.006774 0.264945
v 0.729715 0.995089 0.270084
v 0.741381 0.977865 0.264783
v 0.752957 0.995195 0.259704
v 0.753101 0.966415 0.259454
v 0.764776 0.972192 0.254276
v 0.776574 0.960687 0.248902
v 0.788370 0.949161 0.243507
v 0.800130 0.937595 0.238111
v 0.811825 0.925981 0.232726
v 0.823577 0.926081 0.227544
v 0.835135 0.914339 0.222221
v 0.846571 0.902522 0.216946
v 0.857827 0.890325 0.211722
v 0.857017 0.861663 0.211188
v 0.868972 0.878360 0.206568
v 0.867964 0.849681 0.206032
v 0.879951 0.866304 0.201500
v 0.878736 0.837615 0.200963
v 0.890750 0.854153 0.196529
v 0.889323 0.825456 0.195999
v 0.901358 0.841908 0.191663
v 0.899714 0.813205 0.191159
v 0.911766 0.829565 0.186924
v 0.909897 0.800849 0.186461
v 0.919865 0.788390 0.181923
v 0.929616 0.775826 0.177548
v 0.939163 0.763156 0.173359
v 0.962722 0.736336 0.163813
v 0.976650 0.722703 0.158671
v 0.985326 0.709026 0.155524
v 1.000978 0.709220 0.150498
v 1.008426 0.695196 0.148099
v 1.015238 0.676763 0.146137
v 0.996662 0.681608 0.151639
v 1.003025 0.640057 0.150113
v 1.013954 0.622402 0.147091
v 1.006579 0.595538 0.150376
v 1.010555 0.600701 0.144339
v 1.007235 0.578836 0.147452
v 0.997818 0.567576 0.151151
v 0.989039 0.561464 0.155690
v 0.991573 0.571571 0.156116
v 0.973837 0.574042 0.162572
v 0.956275 0.588977 0.163290
v 0.946369 0.603925 0.163565
v 0.924012 0.613256 0.166909
v 0.938909 0.624978 0.165136
v 0.920795 0.630159 0.169098
v 0.901942 0.635118 0.173764
v 0.880123 0.649688 0.181754
v 0.860825 0.647077 0.187147
v 0.841607 0.647120 0.194061
v 0.823122 0.646771 0.201981
v 0.815463 0.669530 0.211550
v 0.794402 0.666567 0.222412
v 0.778959 0.677820 0.233691
v 0.770962 0.646616 0.233983
v 0.761177 0.674751 0.244439
v 0.744506 0.674749 0.255228
v 0.718116 0.689087 0.272045
v 0.701089 0.694872 0.281929
v 0.688888 0.694171 0.288221
v 0.693616 0.686281 0.280062
v 0.691767 0.702027 0.279485
v 0.701504 0.690876 0.270232
v 0.712165 0.685949 0.252604
v 0.712603 0.686850 0.239120
v 0.718305 0.694445 0.224061
v 0.708550 0.710763 0.232805
v 0.724873 0.711915 0.210549
v 0.728707 0.739732 0.198100
v 0.720107 0.730654 0.213508
v 0.734109 0.750289 0.185488
v 0.740059 0.758642 0.172865
v 0.747967 0.765440 0.161403
v 0.756578 0.769017 0.151308
v 0.765367 0.777789 0.139132
v 0.770225 0.791199 0.104723
v 0.784429 0.789028 0.093045
v 0.766962 0.795986 0.081081
v 0.785530 0.797895 0.063230
v 0.775909 0.794994 0.071851
v 0.769171 0.812490 0.037082
v 0.767718 0.817463 0.012239
v 0.756712 0.819090 0.017041
v 0.776984 0.818393 0.002712
v 0.783474 0.831940 -0.012472
v 0.794696 0.833497 -0.018979
v 0.775040 0.832202 -0.061334
v 0.809244 0.837372 -0.056749
v 0.822425 0.841707 -0.061636
v 0.835867 0.846954 -0.065604
v 0.849475 0.852921 -0.068463
v 0.863079 0.858944 -0.069933
v 0.888012 0.869504 -0.081256
v 0.898251 0.879491 -0.070581
v 0.907850 0.887011 -0.070584
v 0.921327 0.897896 -0.075731
v 0.927207 0.899037 -0.091085
v 0.932189 0.917969 -0.057254
v 0.934534 0.916573 -0.074984
v 0.937807 0.928389 -0.064202
v 0.946276 0.946106 -0.042889
v 0.941853 0.940313 -0.053428
v 0.952697 0.958381 -0.032858
v 0.961045 0.964383 -0.024331
v 0.965666 0.964531 -0.014208
v 0.967566 0.965498 -0.003153
v 0.971648 0.966539 0.007137
v 0.977197 0.966563 0.017070
v 0.982636 0.966716 0.026954
v 0.995247 0.980548 0.043572
v 0.985805 0.990624 0.028168
v 0.998917 0.997295 0.047115
v 0.992050 1.003293 0.038505
v 0.999098 1.010081 0.047954
v 1.009242 1.010618 0.053314
v 1.004079 1.023310 0.051222
v 1.025898 1.024515 0.059650
v 1.009621 1.025407 0.054017
v 1.031452 1.038159 0.061604
v 1.025957 1.024620 0.059652
v 1.019568 1.044150 0.058463
v 1.043084 1.052234 0.061720
v 1.029781 1.057694 0.061960
v 1.040097 1.072124 0.061934
v 1.051792 1.073575 0.065843
v 1.060966 1.081483 0.072089
v 1.068873 1.080699 0.081432
v 1.072588 1.110059 0.095536
v 1.072854 1.131203 0.100868
v 1.070790 1.151434 0.103004
v 1.080810 1.150746 0.118027
v 1.076553 1.176441 0.118722
v 1.069229 1.197530 0.123495
v 1.065572 1.222537 0.124978
v 1.056874 1.222667 0.129233
v 1.048262 1.212541 0.133008
v 1.038305 1.223377 0.137106
v 1.047332 1.253742 0.133064
v 1.027626 1.233798 0.141519
v 1.016351 1.243869 0.146199
v 1.031479 1.259411 0.139705
v 1.004529 1.253744 0.151124
v 0.992390 1.263507 0.156180
v 1.008928 1.279175 0.149195
v 0.980114 1.273179 0.161276
v 0.990740 1.292946 0.156751
v 0.912517 1.355098 0.188130
v 0.896587 1.364746 0.194486
v 0.883863 1.375583 0.199451
v 0.863198 1.392261 0.207672
v 0.863167 1.409211 0.206763
v 0.837295 1.424231 0.218128
v 0.844415 1.468696 0.211448
v 0.846111 1.448935 0.212150
v 0.898883 1.496331 0.175736
v 0.905010 1.495571 0.164202
v 0.894006 1.482046 0.135621
v 0.887426 1.459888 0.122732
v 0.883991 1.433747 0.108674
v 0.905881 1.404349 0.094879
v 0.887278 1.374832 0.083148
v 0.905430 1.360463 0.077181
v 0.881538 1.357096 0.078267
v 0.865122 1.356467 0.078024
v 0.892551 1.335340 0.071001
v 0.867765 1.332565 0.069822
v 0.887381 1.308284 0.061579
v 0.871040 1.306830 0.063249
v 0.903454 1.309906 0.062738
v 0.920341 1.313876 0.062743
v 0.940207 1.306653 0.060779
v 0.926650 1.291251 0.055156
v 0.948879 1.284836 0.055151
v 0.938021 1.268815 0.050980
v 0.922807 1.261547 0.053869
v 0.924308 1.228945 0.044341
v 0.909717 1.244939 0.043510
v 0.909052 1.226294 0.033613
v 0.931751 1.213401 0.038838
v 0.919857 1.205041 0.024585
v 0.911839 1.200755 0.004797
v 0.928826 1.190807 0.020515
v 0.923835 1.188077 0.008039
v 0.917974 1.185104 -0.003220
v 0.931461 1.169873 0.000716
v 0.918344 1.168741 -0.021866
v 0.923785 1.159237 -0.025285
v 0.929347 1.143329 -0.033699
v 0.917577 1.152350 -0.044976
v 0.898539 1.164555 -0.055675
v 0.908790 1.151718 -0.056519
v 0.912228 1.135972 -0.058805
v 0.921313 1.128451 -0.059497
v 0.903883 1.127394 -0.061523
v 0.897341 1.136207 -0.059116
v 0.904984 1.119847 -0.067040
v 0.898647 1.121132 -0.078575
v 0.918587 1.111327 -0.069345
v 0.914616 1.107685 -0.076603
v 0.912784 1.107877 -0.086050
v 0.919217 1.100973 -0.094480
v 0.924248 1.093564 -0.074505
v 0.923273 1.091745 -0.084230
v 0.926736 1.090690 -0.099316
v 0.933702 1.082011 -0.108169
v 0.933753 1.072805 -0.090883
v 0.940837 1.072885 -0.117359
v 0.947650 1.065892 -0.131017
v 0.946456 1.053439 -0.109253
v 0.948064 1.053673 -0.119910
v 0.954394 1.053491 -0.136625
v 0.963935 1.039678 -0.149935
v 0.960292 1.044198 -0.144043
v 0.957092 1.032370 -0.129294
v 0.970739 1.028506 -0.159835
v 0.967042 1.032943 -0.153544
v 0.963066 1.021140 -0.139168
v 0.968834 1.015854 -0.149202
v 0.973278 1.016279 -0.159452
v 0.974925 1.029410 -0.170055
v 0.970638 1.003849 -0.148850
v 0.975402 1.004044 -0.159047
v 0.979461 1.004311 -0.169647
v 0.983768 1.004779 -0.180183
v 0.981700 1.017573 -0.180219
v 0.979461 1.004311 -0.169647
v 0.975117 1.002332 -0.157486
v 0.981062 0.991804 -0.169426
v 0.985031 0.991975 -0.180244
v 0.992099 0.991581 -0.202477
v 0.981700 0.979207 -0.169347
v 0.987384 0.978335 -0.185927
v 0.985066 0.966233 -0.180371
v 0.990603 0.965264 -0.197267
v 0.994171 0.978963 -0.207704
v 0.991277 0.951350 -0.203209
v 0.995357 0.937754 -0.220811
v 0.995249 0.924303 -0.233956
v 0.996671 0.911814 -0.258407
v 1.002670 0.924375 -0.255745
v 0.988358 0.906557 -0.242289
v 0.985054 0.897384 -0.275395
v 0.976135 0.881467 -0.292083
v 0.979752 0.887727 -0.312485
v 0.969948 0.871076 -0.308508
v 0.964760 0.860267 -0.322688
v 0.966923 0.866134 -0.344035
v 0.953298 0.847072 -0.333795
v 0.946958 0.849041 -0.372591
v 0.940094 0.839519 -0.366026
v 0.931541 0.830812 -0.359739
v 0.924480 0.835951 -0.400688
v 0.916587 0.826713 -0.394523
v 0.907109 0.818906 -0.389804
v 0.902645 0.838150 -0.430334
v 0.875395 0.817551 -0.418165
v 0.887326 0.825861 -0.424345
v 0.847262 0.827113 -0.443475
v 0.813301 0.851794 -0.474987
v 0.820907 0.835537 -0.456351
v 0.787362 0.861484 -0.485679
v 0.768074 0.867449 -0.494755
v 0.776231 0.849935 -0.475857
v 0.737791 0.881361 -0.504432
v 0.745634 0.862217 -0.491407
v 0.699528 0.885828 -0.502178
v 0.702926 0.900755 -0.510664
v 0.712835 0.868248 -0.489756
v 0.672472 0.907661 -0.503564
v 0.677204 0.883554 -0.489419
v 0.656085 0.905645 -0.490684
v 0.636265 0.931953 -0.490083
v 0.655461 0.932068 -0.507362
v 0.617767 0.948309 -0.482116
v 0.619653 0.928081 -0.475016
v 0.599098 0.946600 -0.462957
v 0.592316 0.968545 -0.461763
v 0.605228 0.965968 -0.475146
v 0.613897 0.982870 -0.489753
v 0.630744 0.956669 -0.497420
v 0.638715 0.972431 -0.504204
v 0.685583 0.921966 -0.513400
v 0.688666 0.938794 -0.517866
v 0.716826 0.917636 -0.518806
v 0.734496 0.908084 -0.517213
v 0.752535 0.898477 -0.514679
v 0.771353 0.887589 -0.510750
v 0.788592 0.881172 -0.505504
v 0.818540 0.874508 -0.494310
v 0.816501 0.862688 -0.484773
v 0.842656 0.846118 -0.464136
v 0.860122 0.841791 -0.453951
v 0.878181 0.836747 -0.442675
v 0.884849 0.853160 -0.454705
v 0.931736 0.846418 -0.405677
v 0.949514 0.862639 -0.398625
v 0.953522 0.860387 -0.377332
v 0.969408 0.880079 -0.368546
v 0.973013 0.877826 -0.347614
v 0.983438 0.893167 -0.338236
v 0.989346 0.903469 -0.302158
v 0.994150 0.908944 -0.322048
v 0.995355 0.914603 -0.285480
v 1.002754 0.925877 -0.287956
v 1.005545 0.937114 -0.253917
v 1.005615 0.950500 -0.241181
v 1.003497 0.963495 -0.232130
v 1.007707 0.991810 -0.245492
v 0.989912 1.005233 -0.196530
v 0.987152 1.017784 -0.193075
v 0.985805 1.032165 -0.196087
v 0.978026 1.025581 -0.175351
v 0.975792 1.043090 -0.180683
v 0.972425 1.046854 -0.172973
v 0.970963 1.069066 -0.180404
v 0.965580 1.058701 -0.163732
v 0.962583 1.078861 -0.169716
v 0.957730 1.069029 -0.154263
v 0.953023 1.088628 -0.160605
v 0.948378 1.078212 -0.145219
v 0.943284 1.096661 -0.150645
v 0.939991 1.088136 -0.136412
v 0.933612 1.105011 -0.141196
v 0.931717 1.096299 -0.126398
v 0.924609 1.103232 -0.118563
v 0.916253 1.110502 -0.108781
v 0.907755 1.116341 -0.099249
v 0.902417 1.119262 -0.089382
v 0.883376 1.135564 -0.081985
v 0.889278 1.127812 -0.065679
v 0.876553 1.137069 -0.059511
v 0.859096 1.148431 -0.059799
v 0.838005 1.154947 -0.065907
v 0.845525 1.153434 -0.049118
v 0.853817 1.156061 -0.040862
v 0.849937 1.152656 -0.029864
v 0.825102 1.162701 -0.015618
v 0.809357 1.161941 -0.022872
v 0.811800 1.169446 -0.003541
v 0.794570 1.169589 0.009442
v 0.804407 1.169813 0.004221
v 0.779095 1.194549 0.010079
v 0.771611 1.190091 0.018697
v 0.763791 1.190227 0.027300
v 0.751548 1.185466 0.037723
v 0.761520 1.197055 0.038929
v 0.744484 1.188799 0.050601
v 0.759042 1.187793 0.072092
v 0.773570 1.192730 0.073350
v 0.732967 1.182175 0.060508
v 0.748920 1.180166 0.083704
v 0.750567 1.181143 0.102283
v 0.738487 1.178393 0.118629
v 0.725876 1.161463 0.119638
v 0.716480 1.184387 0.129459
v 0.724138 1.165298 0.131808
v 0.710150 1.177769 0.134788
v 0.704688 1.169673 0.138575
v 0.698122 1.168870 0.164884
v 0.688803 1.157771 0.172176
v 0.683093 1.164121 0.186325
v 0.678202 1.151031 0.193336
v 0.678295 1.156922 0.210470
v 0.677284 1.155572 0.224463
v 0.671070 1.135776 0.218332
v 0.670003 1.143463 0.238097
v 0.662936 1.129947 0.251182
v 0.661049 1.108329 0.245085
v 0.657969 1.120491 0.262585
v 0.661642 1.140739 0.261947
v 0.657604 1.098586 0.255732
v 0.652729 1.110041 0.273211
v 0.653170 1.088035 0.265791
v 0.647604 1.098664 0.283049
v 0.646893 1.081514 0.281660
v 0.642595 1.072965 0.291512
v 0.639042 1.085955 0.299647
v 0.642430 1.059835 0.290891
v 0.634889 1.072282 0.305319
v 0.636469 1.045833 0.302823
v 0.635182 1.044604 0.311556
v 0.633133 1.058541 0.309887
v 0.636704 1.032792 0.301823
v 0.635525 1.031161 0.311524
v 0.636786 1.018535 0.310886
v 0.638183 1.007020 0.310070
v 0.637997 0.993678 0.308764
v 0.655122 0.996605 0.303506
v 0.654449 1.008960 0.303781
v 0.655978 0.984425 0.303133
v 0.671549 0.974090 0.296201
v 0.671191 0.986167 0.296350
v 0.685903 0.969806 0.289733
v 0.672306 0.956452 0.295866
v 0.696536 0.958734 0.284917
v 0.707651 0.947652 0.279857
v 0.697253 0.935373 0.284549
v 0.719142 0.936527 0.274593
v 0.708399 0.924381 0.279436
v 0.725491 0.918977 0.271586
v 0.731580 0.902140 0.268663
v 0.742891 0.902456 0.263463
v 0.758331 0.892848 0.256237
v 0.743595 0.879212 0.262835
v 0.769945 0.881424 0.250701
v 0.755191 0.867837 0.257251
v 0.777729 0.868252 0.246837
v 0.789043 0.862618 0.241506
v 0.766715 0.856394 0.251637
v 0.800405 0.851035 0.235955
v 0.811638 0.839408 0.230417
v 0.822728 0.827736 0.224906
v 0.795313 0.815616 0.236885
v 0.833662 0.816017 0.219443
v 0.806359 0.804108 0.231190
v 0.844427 0.804239 0.214044
v 0.817243 0.792566 0.225524
v 0.855005 0.792389 0.208723
v 0.827937 0.780975 0.219898
v 0.865375 0.780454 0.203498
v 0.838409 0.769313 0.214329
v 0.875522 0.768421 0.198392
v 0.848648 0.757563 0.208823
v 0.885454 0.756275 0.193426
v 0.864065 0.751690 0.201729
v 0.895184 0.744005 0.188631
v 0.873871 0.739670 0.196588
v 0.908596 0.728727 0.182351
v 0.883481 0.727529 0.191595
v 0.892907 0.715245 0.186795
v 0.929779 0.707878 0.173396
v 0.907992 0.698477 0.179808
v 0.921121 0.683042 0.174145
v 0.933948 0.673185 0.169522
v 0.946540 0.644473 0.164429
v 0.972328 0.637535 0.158062
v 0.961172 0.618029 0.160725
v 0.976623 0.607325 0.157971
v 0.973073 0.589672 0.160582
v 0.996197 0.612737 0.152961
v 0.998372 0.582370 0.153964
v 0.984406 0.642560 0.155053
v 0.963883 0.659655 0.160653
v 0.978128 0.675708 0.157032
v 0.954997 0.673629 0.163617
v 0.945999 0.687297 0.166949
v 0.945150 0.715429 0.168809
v 0.930506 0.738184 0.175159
v 0.917168 0.753815 0.181014
v 0.907492 0.766290 0.185498
v 0.897616 0.778648 0.190152
v 0.887531 0.790898 0.194962
v 0.877234 0.803041 0.199926
v 0.866735 0.815088 0.205009
v 0.856045 0.827052 0.210186
v 0.845182 0.838945 0.215448
v 0.834155 0.850765 0.220784
v 0.822979 0.862520 0.226175
v 0.811664 0.874215 0.231605
v 0.800222 0.885850 0.237056
v 0.788672 0.897421 0.242521
v 0.777036 0.908925 0.247997
v 0.754018 0.914377 0.258520
v 0.765332 0.920371 0.253469
v 0.742294 0.925702 0.263981
v 0.753498 0.937472 0.259019
v 0.741751 0.948828 0.264425
v 0.730313 0.948504 0.269593
v 0.718696 0.959760 0.274901
v 0.707290 0.971009 0.280084
v 0.696238 0.982280 0.285083
v 0.685642 0.993627 0.289851
v 0.671123 0.998236 0.296366
v 0.671069 1.010396 0.296365
v 0.671116 1.022742 0.296313
v 0.654175 1.021474 0.303880
v 0.653971 1.034088 0.303906
v 0.653696 1.046805 0.303943
v 0.640236 1.059106 0.309598
v 0.631627 1.067178 0.312931
v 0.632636 1.085215 0.311669
v 0.631654 1.101770 0.311268
v 0.639318 1.099584 0.299938
v 0.633250 1.113227 0.305604
v 0.644446 1.112374 0.291829
v 0.641272 1.126024 0.299021
v 0.650185 1.124019 0.281940
v 0.652122 1.136613 0.280789
v 0.657705 1.157373 0.276198
v 0.666354 1.156520 0.257669
v 0.673199 1.164378 0.244659
v 0.681109 1.175716 0.228809
v 0.688321 1.194287 0.215445
v 0.684385 1.174009 0.204224
v 0.691759 1.176623 0.179911
v 0.702024 1.189578 0.171444
v 0.711246 1.184375 0.155498
v 0.729990 1.205699 0.137539
v 0.724414 1.191131 0.122482
v 0.729930 1.197419 0.119639
v 0.746558 1.187278 0.111932
v 0.740946 1.203952 0.108394
v 0.759423 1.196872 0.104801
v 0.767011 1.190581 0.092491
v 0.778613 1.196331 0.064822
v 0.773619 1.202269 0.028061
v 0.785282 1.204910 0.026228
v 0.788808 1.194171 0.002297
v 0.795936 1.198133 -0.004058
v 0.805670 1.193423 -0.011110
v 0.817872 1.168543 -0.010158
v 0.831126 1.179048 -0.025894
v 0.832011 1.163561 -0.021035
v 0.849254 1.174390 -0.030721
v 0.857348 1.175922 -0.035107
v 0.847796 1.190195 -0.038479
v 0.871858 1.174966 -0.045946
v 0.891689 1.174255 -0.052857
v 0.906388 1.172140 -0.041287
v 0.908340 1.181063 -0.017923
v 0.899345 1.192622 -0.012537
v 0.900228 1.204912 0.000183
v 0.907651 1.215148 0.020476
v 0.888588 1.224049 0.016004
v 0.892499 1.237512 0.032328
v 0.876487 1.249263 0.040939
v 0.868924 1.237568 0.023182
v 0.878852 1.231261 0.018848
v 0.867495 1.215712 -0.001826
v 0.885600 1.212761 0.001210
v 0.883218 1.200191 -0.016725
v 0.891633 1.186765 -0.033466
v 0.880343 1.184120 -0.047809
v 0.871368 1.192546 -0.041035
v 0.869326 1.199288 -0.030738
v 0.857728 1.195067 -0.039883
v 0.867346 1.205801 -0.019277
v 0.855741 1.224546 0.007276
v 0.844927 1.246164 0.031307
v 0.832750 1.243699 0.032725
v 0.823199 1.235338 0.035173
v 0.813464 1.244443 0.046814
v 0.795262 1.237644 0.061347
v 0.783376 1.244340 0.090046
v 0.792349 1.258443 0.089564
v 0.771537 1.234691 0.096301
v 0.775848 1.252134 0.103494
v 0.763365 1.245508 0.113167
v 0.751792 1.236051 0.122038
v 0.741876 1.218012 0.126261
v 0.741264 1.231378 0.134111
v 0.721813 1.202657 0.147775
v 0.719533 1.216264 0.160513
v 0.710268 1.202300 0.166854
v 0.707949 1.227797 0.187503
v 0.699570 1.196937 0.185597
v 0.698333 1.225271 0.200408
v 0.692907 1.194756 0.198935
v 0.691035 1.221028 0.214895
v 0.680855 1.213753 0.238055
v 0.682333 1.197739 0.232856
v 0.674049 1.211548 0.253609
v 0.674207 1.185677 0.249649
v 0.665296 1.171951 0.265112
v 0.651578 1.150597 0.288027
v 0.644633 1.138618 0.298555
v 0.631521 1.127185 0.310264
v 0.632899 1.115077 0.312322
v 0.638944 1.099605 0.310212
v 0.642277 1.072785 0.308807
v 0.653772 1.059936 0.303850
v 0.666656 1.047700 0.298210
v 0.671619 1.035011 0.296050
v 0.685830 1.017824 0.289746
v 0.696272 1.006167 0.285079
v 0.707196 0.994648 0.280173
v 0.718467 0.983212 0.275088
v 0.729980 0.971820 0.269869
v 0.764984 0.949105 0.253963
v 0.776753 0.937647 0.248548
v 0.788488 0.926147 0.243122
v 0.800161 0.914589 0.237699
v 0.811750 0.902971 0.232291
v 0.823232 0.891289 0.226909
v 0.834592 0.879540 0.221560
v 0.845813 0.867717 0.216261
v 0.948513 0.750363 0.169378
v 0.958502 0.709384 0.164152
v 0.967431 0.695775 0.160813
v 0.992905 0.661628 0.152677
v 0.745388 1.215768 0.115364
v 0.756927 1.225781 0.108634
v 0.753301 1.215318 0.097215
v 0.767917 1.203791 0.096662
v 0.776620 1.206727 0.088108
v 0.783013 1.211280 0.082584
v 0.791387 1.220219 0.070704
v 0.786410 1.200868 0.059111
v 0.799259 1.218170 0.058726
v 0.791710 1.203986 0.043717
v 0.801783 1.211693 0.030038
v 0.789657 1.208143 0.012717
v 0.814131 1.192819 -0.017488
v 0.822442 1.186399 -0.022385
v 0.834582 1.192338 -0.031924
v 0.849832 1.204329 -0.031171
v 0.838250 1.207183 -0.025942
v 0.847067 1.215031 -0.011010
v 0.825469 1.208446 -0.019833
v 0.837905 1.223680 0.004908
v 0.817096 1.213467 -0.009506
v 0.807103 1.213227 -0.002356
v 0.827519 1.229298 0.018934
v 0.800715 1.213032 0.010570
v 0.815661 1.225147 0.037650
v 0.809563 1.226000 0.049584
v 0.781835 1.234644 0.071515
v 0.766137 1.224454 0.085318
v 0.799500 1.251969 0.075598
v 0.818666 1.256911 0.063600
v 0.920224 0.651925 0.171412
v 0.841019 0.668962 0.199464
v 0.830178 0.681886 0.206996
v 0.798918 0.689919 0.224114
v 0.760961 0.697235 0.246619
v 0.748685 0.709487 0.254638
v 0.732426 0.693312 0.263530
v 0.694055 0.715121 0.285737
v 0.693637 0.729446 0.285927
v 0.679187 0.725899 0.292723
v 0.681867 0.711769 0.291647
v 0.682214 0.736604 0.279163
v 0.687284 0.712954 0.280926
v 0.689183 0.737894 0.263849
v 0.696545 0.710146 0.266062
v 0.698789 0.705289 0.250427
v 0.696049 0.728194 0.249979
v 0.706594 0.736110 0.233185
v 0.712472 0.754651 0.218070
v 0.719424 0.767311 0.200816
v 0.725280 0.776108 0.187750
v 0.734425 0.795738 0.170775
v 0.741848 0.792946 0.161527
v 0.754325 0.786350 0.147036
v 0.761123 0.793815 0.116298
v 0.744179 0.805012 0.131658
v 0.742700 0.807447 0.103786
v 0.749351 0.805177 0.094006
v 0.757222 0.802297 0.085542
v 0.761295 0.809787 0.068108
v 0.764678 0.810919 0.052401
v 0.735972 0.822280 0.030408
v 0.746651 0.820263 0.024101
v 0.761490 0.830992 -0.000626
v 0.743358 0.834918 -0.034072
v 0.772239 0.831795 -0.009530
v 0.771919 0.832432 -0.036021
v 0.788287 0.832483 -0.069635
v 0.783796 0.830071 -0.103740
v 0.804068 0.822818 -0.121715
v 0.803323 0.812335 -0.144545
v 0.784344 0.814064 -0.137408
v 0.801706 0.801931 -0.166244
v 0.789658 0.798679 -0.155740
v 0.807368 0.780667 -0.182279
v 0.804321 0.788631 -0.193092
v 0.815955 0.773573 -0.200734
v 0.816388 0.759378 -0.191471
v 0.799890 0.758227 -0.238594
v 0.813313 0.758834 -0.225177
v 0.782340 0.774574 -0.252424
v 0.791186 0.763924 -0.246398
v 0.776104 0.784043 -0.262099
v 0.770343 0.784325 -0.256610
v 0.737896 0.794691 -0.281815
v 0.698622 0.801780 -0.273428
v 0.675617 0.805935 -0.273751
v 0.680649 0.806622 -0.294410
v 0.660217 0.811135 -0.290229
v 0.635748 0.818864 -0.278993
v 0.633603 0.815953 -0.255699
v 0.622530 0.816284 -0.237540
v 0.604177 0.828194 -0.245538
v 0.585019 0.846190 -0.248175
v 0.591365 0.861806 -0.273855
v 0.578236 0.860660 -0.307589
v 0.578058 0.869156 -0.292603
v 0.577046 0.870456 -0.263347
v 0.562382 0.886510 -0.260774
v 0.549532 0.887905 -0.235717
v 0.538661 0.902846 -0.234518
v 0.525797 0.922450 -0.236333
v 0.525067 0.931103 -0.248541
v 0.538836 0.947259 -0.284384
v 0.538420 0.952402 -0.307303
v 0.531931 0.941148 -0.327921
v 0.534337 0.923940 -0.328894
v 0.550999 0.938122 -0.316581
v 0.524429 0.940454 -0.353541
v 0.532522 0.913069 -0.346379
v 0.542102 0.897406 -0.338698
v 0.553195 0.884725 -0.335340
v 0.564614 0.877311 -0.306926
v 0.565300 0.875120 -0.319847
v 0.568515 0.888126 -0.291453
v 0.561376 0.866859 -0.329827
v 0.573519 0.853130 -0.317703
v 0.592072 0.838929 -0.330496
v 0.607602 0.833891 -0.321913
v 0.602446 0.837913 -0.296023
v 0.643256 0.821639 -0.321367
v 0.643014 0.818666 -0.302955
v 0.683932 0.807925 -0.314570
v 0.697199 0.803274 -0.297862
v 0.719638 0.799938 -0.294887
v 0.749523 0.791658 -0.288147
v 0.763552 0.787856 -0.280261
v 0.780562 0.784270 -0.274152
v 0.794202 0.783031 -0.281644
v 0.788757 0.782246 -0.262819
v 0.798216 0.780274 -0.252863
v 0.811865 0.770524 -0.235015
v 0.816788 0.783206 -0.246345
v 0.820039 0.773892 -0.219595
v 0.810020 0.787626 -0.207496
v 0.823171 0.804281 -0.189719
v 0.811264 0.803443 -0.179682
v 0.819664 0.812462 -0.151195
v 0.837834 0.812749 -0.158922
v 0.820981 0.824074 -0.119637
v 0.835206 0.819791 -0.137958
v 0.837141 0.831066 -0.115964
v 0.853284 0.837703 -0.115848
v 0.863572 0.853589 -0.091746
v 0.849729 0.847687 -0.090653
v 0.872324 0.850436 -0.111970
v 0.876752 0.859798 -0.092008
v 0.894547 0.870593 -0.091720
v 0.905067 0.878240 -0.091639
v 0.914683 0.886353 -0.091405
v 0.938434 0.912122 -0.096352
v 0.941496 0.923977 -0.085466
v 0.943411 0.936907 -0.074480
v 0.943990 0.953977 -0.063945
v 0.945729 0.956047 -0.053584
v 0.951469 0.972965 -0.043659
v 0.958800 0.984945 -0.034422
v 0.965730 0.985891 -0.025221
v 0.971081 0.986464 -0.014852
v 0.973837 0.988009 -0.003832
v 0.977417 0.988890 0.006983
v 0.980754 0.990056 0.017911
v 0.978791 1.006619 0.007230
v 0.981945 1.007784 0.018330
v 0.986776 1.008764 0.028740
v 0.989538 1.021531 0.033972
v 0.987137 1.022719 0.029243
v 0.993091 1.024484 0.039022
v 0.999026 1.035795 0.048451
v 0.999557 1.022946 0.048029
v 1.002627 1.049277 0.051202
v 1.018011 1.063731 0.057052
v 1.006756 1.068948 0.051004
v 1.027525 1.077849 0.059004
v 1.015934 1.083044 0.053575
v 1.024546 1.097091 0.056853
v 1.035388 1.098391 0.061792
v 1.046001 1.100076 0.067517
v 1.055998 1.106742 0.073467
v 1.040522 1.125019 0.068126
v 1.062558 1.119707 0.081996
v 1.048798 1.138446 0.074147
v 1.066379 1.131714 0.091041
v 1.054780 1.150859 0.082427
v 1.059144 1.162748 0.091077
v 1.064206 1.172381 0.101365
v 1.072084 1.174502 0.112166
v 1.067164 1.189597 0.108854
v 1.074367 1.197808 0.117878
v 1.069492 1.226568 0.118647
v 1.056357 1.246284 0.129379
v 1.030855 1.280246 0.139905
v 1.012019 1.304268 0.147928
v 1.026717 1.302474 0.141822
v 1.000203 1.313357 0.152796
v 0.987955 1.322198 0.157772
v 0.977917 1.307989 0.161979
v 0.965548 1.317149 0.166993
v 0.973287 1.348066 0.163502
v 0.953269 1.326377 0.171931
v 0.960847 1.356737 0.168402
v 0.941163 1.335779 0.176761
v 0.950108 1.354432 0.172769
v 0.929315 1.345421 0.181443
v 0.936547 1.375021 0.177820
v 0.926324 1.373264 0.181952
v 0.906505 1.386626 0.189512
v 0.879182 1.394227 0.200562
v 0.893671 1.403919 0.193910
v 0.886474 1.422827 0.195592
v 0.871548 1.422674 0.202081
v 0.850593 1.423382 0.211750
v 0.862024 1.472555 0.200800
v 0.874709 1.474355 0.193476
v 0.867187 1.447324 0.201575
v 0.901400 1.415751 0.190044
v 0.914483 1.413929 0.185043
v 0.923157 1.395684 0.182484
v 0.950464 1.383890 0.172056
v 0.989946 1.347348 0.156786
v 1.005087 1.365437 0.150590
v 1.010864 1.342254 0.148421
v 1.022034 1.324700 0.143912
v 1.035238 1.331290 0.138677
v 1.041494 1.308207 0.135795
v 1.051327 1.296760 0.130538
v 1.046375 1.281163 0.133117
v 1.058559 1.276272 0.126493
v 1.063244 1.273086 0.119508
v 1.067251 1.250455 0.122083
v 1.062505 1.235720 0.113204
v 1.049752 1.216897 0.096431
v 1.064327 1.210709 0.110652
v 1.056814 1.198818 0.100149
v 1.053029 1.187028 0.091234
v 1.035259 1.186199 0.074978
v 1.048098 1.175050 0.082735
v 1.027984 1.173391 0.067139
v 1.042257 1.162782 0.074266
v 1.019903 1.160316 0.061013
v 1.031169 1.147327 0.065755
v 1.012229 1.146511 0.055822
v 1.029605 1.123694 0.062176
v 1.005694 1.132750 0.049594
v 1.018940 1.122343 0.056389
v 0.998952 1.118462 0.044046
v 1.011666 1.108310 0.050763
v 1.003923 1.093909 0.046257
v 0.993981 1.091739 0.040434
v 0.996922 1.067381 0.044670
v 0.986724 1.077243 0.034792
v 0.979176 1.074873 0.025994
v 0.989627 1.052976 0.038542
v 0.983313 1.050977 0.028601
v 0.977404 1.054868 0.017397
v 0.975513 1.047455 0.006341
v 0.981369 1.031494 0.018307
v 0.978415 1.030074 0.006946
v 0.979970 1.019037 0.013024
v 0.975320 1.019179 -0.003445
v 0.971201 1.016748 -0.014118
v 0.979797 1.018998 0.013140
v 0.975080 1.014696 -0.004087
v 0.971952 1.004050 -0.014987
v 0.970983 1.015429 -0.014559
v 0.964740 1.011732 -0.024669
v 0.958252 1.013449 -0.032852
v 0.964682 1.016028 -0.023659
v 0.958805 1.001180 -0.034045
v 0.952810 0.994404 -0.043864
v 0.954650 1.011285 -0.038167
v 0.946809 1.010647 -0.052449
v 0.951819 1.012648 -0.042391
v 0.947771 0.998402 -0.053962
v 0.946693 0.997369 -0.065073
v 0.945351 1.008537 -0.058474
v 0.947141 0.977374 -0.053967
v 0.945719 0.981596 -0.065231
v 0.947154 0.979288 -0.075705
v 0.948744 0.983991 -0.086810
v 0.947537 0.957970 -0.074765
v 0.950574 0.967559 -0.085363
v 0.953115 0.966368 -0.095781
v 0.948926 0.945077 -0.085034
v 0.952684 0.948949 -0.095891
v 0.955816 0.953415 -0.106472
v 0.948577 0.932705 -0.095681
v 0.952726 0.936312 -0.106603
v 0.946659 0.920194 -0.106663
v 0.953908 0.928956 -0.117552
v 0.956293 0.927933 -0.128358
v 0.954277 0.915662 -0.139672
v 0.941988 0.901781 -0.122862
v 0.947309 0.905958 -0.133826
v 0.951261 0.900967 -0.154806
v 0.933979 0.882652 -0.143677
v 0.939447 0.881732 -0.156405
v 0.927141 0.866969 -0.156347
v 0.945430 0.876641 -0.174818
v 0.931483 0.859037 -0.178139
v 0.920150 0.852061 -0.169630
v 0.935155 0.858214 -0.198147
v 0.911034 0.835915 -0.196910
v 0.919274 0.841427 -0.206396
v 0.927178 0.845061 -0.218835
v 0.895150 0.817700 -0.232165
v 0.908507 0.825622 -0.234806
v 0.903267 0.818364 -0.259672
v 0.919769 0.833221 -0.238999
v 0.889982 0.810654 -0.264130
v 0.877382 0.803410 -0.279593
v 0.890507 0.806729 -0.297156
v 0.870455 0.798561 -0.306394
v 0.859572 0.795387 -0.301717
v 0.870412 0.797594 -0.326895
v 0.850697 0.792102 -0.341234
v 0.838459 0.789498 -0.329210
v 0.822423 0.787229 -0.350191
v 0.807803 0.787201 -0.362212
v 0.792860 0.788998 -0.373507
v 0.789191 0.796015 -0.395185
v 0.770800 0.793382 -0.384154
v 0.770516 0.802141 -0.407970
v 0.741828 0.805389 -0.409739
v 0.747423 0.814030 -0.427283
v 0.717734 0.806665 -0.402171
v 0.717041 0.816492 -0.422292
v 0.693704 0.815423 -0.406157
v 0.691826 0.827488 -0.430808
v 0.671977 0.827451 -0.413274
v 0.638764 0.840903 -0.412111
v 0.615338 0.849694 -0.405711
v 0.605641 0.867194 -0.418521
v 0.579347 0.880447 -0.400362
v 0.553094 0.903914 -0.388556
v 0.548201 0.891376 -0.358963
v 0.535719 0.914181 -0.365715
v 0.539164 0.927669 -0.384606
v 0.536604 0.950686 -0.387481
v 0.526739 0.950872 -0.370048
v 0.560441 0.925673 -0.410495
v 0.571332 0.900970 -0.408651
v 0.583422 0.902452 -0.426955
v 0.592393 0.883792 -0.421859
v 0.604053 0.889931 -0.438845
v 0.629410 0.879224 -0.452317
v 0.635483 0.858733 -0.435545
v 0.658209 0.841197 -0.429123
v 0.658801 0.854090 -0.449649
v 0.678096 0.841159 -0.446563
v 0.701586 0.835755 -0.451160
v 0.722178 0.825895 -0.440350
v 0.739844 0.828083 -0.446616
v 0.767739 0.817580 -0.434437
v 0.785505 0.809794 -0.424018
v 0.810089 0.795724 -0.394720
v 0.826971 0.791663 -0.375874
v 0.842159 0.791968 -0.362806
v 0.879931 0.801040 -0.351791
v 0.869374 0.797150 -0.346422
v 0.902602 0.810705 -0.322097
v 0.892441 0.805942 -0.316240
v 0.904543 0.815644 -0.288585
v 0.920744 0.824850 -0.293180
v 0.912337 0.822348 -0.274515
v 0.926434 0.833658 -0.261866
v 0.934892 0.843642 -0.244816
v 0.945309 0.857588 -0.236586
v 0.937282 0.853831 -0.224330
v 0.954207 0.876758 -0.210386
v 0.944585 0.867728 -0.204338
v 0.953412 0.881755 -0.185016
v 0.963966 0.896245 -0.185280
v 0.956787 0.900546 -0.167520
v 0.966214 0.921812 -0.164641
v 0.960360 0.926495 -0.144188
v 0.965964 0.937168 -0.149912
v 0.964886 0.950101 -0.138801
v 0.961673 0.950145 -0.128621
v 0.958872 0.952284 -0.117416
v 0.959163 0.969478 -0.117728
v 0.955942 0.970450 -0.107232
v 0.958304 0.981135 -0.118100
v 0.951661 0.982908 -0.097252
v 0.954377 0.986365 -0.108027
v 0.952396 1.004134 -0.104224
v 0.947862 0.995276 -0.086854
v 0.946654 1.005917 -0.079508
v 0.948518 1.007947 -0.085615
v 0.945891 1.009327 -0.074761
v 0.943898 1.018804 -0.063773
v 0.945119 1.008101 -0.064342
v 0.944964 1.030924 -0.052728
v 0.949358 1.038179 -0.042967
v 0.955914 1.040272 -0.034011
v 0.963031 1.042322 -0.025335
v 0.968745 1.044392 -0.015561
v 0.972196 1.045903 -0.004673
v 0.970739 1.064990 0.005553
v 0.966509 1.069405 -0.006174
v 0.972652 1.078835 0.015076
v 0.967436 1.082968 0.003545
v 0.969140 1.096743 0.013125
v 0.974746 1.098940 0.023509
v 0.982527 1.101487 0.032157
v 0.988969 1.116014 0.038504
v 0.976851 1.124713 0.030746
v 0.985864 1.138485 0.040120
v 0.992866 1.153319 0.043402
v 0.998903 1.167543 0.050098
v 1.011262 1.189575 0.061580
v 1.001114 1.182158 0.054826
v 1.021146 1.197081 0.068139
v 1.027200 1.215934 0.077190
v 1.040314 1.204818 0.083913
v 1.037343 1.233512 0.087657
v 1.054135 1.238213 0.104959
v 1.057976 1.254987 0.111554
v 1.043193 1.253828 0.097624
v 1.056782 1.274881 0.112687
v 1.053296 1.299081 0.121143
v 1.060520 1.295866 0.125596
v 1.049165 1.325132 0.131480
v 1.040011 1.354904 0.135954
v 1.025846 1.343595 0.142469
v 1.022415 1.367408 0.143894
v 0.993359 1.369000 0.155192
v 0.986285 1.398834 0.157649
v 0.977721 1.379287 0.161308
v 0.965533 1.387512 0.166058
v 0.945277 1.402015 0.173717
v 0.933199 1.420500 0.177768
v 0.920146 1.439817 0.181435
v 0.900244 1.438490 0.188519
v 0.889899 1.457250 0.189883
v 0.882292 1.492229 0.183485
v 0.895810 1.487089 0.179964
v 0.922581 1.491917 0.173521
v 0.934427 1.491097 0.166736
v 0.920929 1.491531 0.156101
v 0.915991 1.489286 0.141724
v 0.912175 1.473660 0.132600
v 0.908205 1.453034 0.120618
v 0.926562 1.443387 0.118894
v 0.909061 1.431527 0.108425
v 0.923904 1.418503 0.103262
v 0.914663 1.389528 0.087501
v 0.933100 1.376478 0.082465
v 0.930119 1.351845 0.074079
v 0.916262 1.337649 0.069550
v 0.942144 1.331104 0.068913
v 0.971597 1.311771 0.073186
v 0.956746 1.309519 0.066226
v 0.964490 1.287925 0.062180
v 0.982623 1.278510 0.069605
v 0.974085 1.265811 0.059020
v 0.960425 1.262964 0.051512
v 0.951135 1.247236 0.046998
v 0.941067 1.233874 0.051583
v 0.962616 1.224804 0.044829
v 0.938642 1.198816 0.035958
v 0.955195 1.206507 0.046608
v 0.949190 1.189108 0.038337
v 0.940243 1.172208 0.015068
v 0.933329 1.156290 -0.008878
v 0.943968 1.148503 0.001000
v 0.933330 1.144570 -0.022108
v 0.944583 1.136710 -0.011910
v 0.948463 1.123915 -0.020379
v 0.951365 1.107571 -0.028790
v 0.944205 1.096578 -0.042526
v 0.938364 1.092541 -0.052591
v 0.954470 1.089131 -0.031373
v 0.935682 1.078251 -0.059366
v 0.950666 1.074450 -0.038489
v 0.944321 1.071475 -0.047565
v 0.940471 1.063070 -0.056296
v 0.944191 1.047544 -0.054484
v 0.941656 1.040770 -0.064515
v 0.939969 1.054292 -0.077084
v 0.943009 1.033640 -0.075212
v 0.943766 1.043358 -0.087031
v 0.947166 1.027833 -0.085999
v 0.950076 1.027362 -0.096908
v 0.950558 1.016541 -0.096958
v 0.952519 1.015923 -0.107938
v 0.950781 1.005538 -0.097161
v 0.953261 1.004781 -0.107935
v 0.956035 1.005677 -0.118075
v 0.954238 0.986643 -0.107831
v 0.956916 0.992705 -0.118529
v 0.954229 1.004746 -0.111931
v 0.961175 0.992224 -0.128774
v 0.960394 1.003895 -0.128897
v 0.962356 0.974727 -0.128463
v 0.966310 0.986792 -0.138031
v 0.966248 0.967999 -0.138787
v 0.971680 0.973816 -0.148385
v 0.976469 0.959693 -0.159544
v 0.971181 0.949604 -0.153297
v 0.978579 0.945659 -0.173322
v 0.971773 0.922588 -0.176859
v 0.973354 0.906465 -0.199077
v 0.978073 0.927640 -0.187455
v 0.964063 0.886868 -0.214956
v 0.968259 0.887139 -0.233019
v 0.955244 0.866296 -0.242414
v 0.951023 0.851626 -0.268166
v 0.960517 0.864734 -0.263011
v 0.941421 0.843440 -0.270746
v 0.934167 0.836409 -0.284484
v 0.932550 0.830901 -0.305389
v 0.922411 0.823552 -0.334035
v 0.912589 0.816867 -0.327979
v 0.901229 0.810923 -0.366220
v 0.890727 0.805648 -0.356891
v 0.862227 0.798193 -0.375953
v 0.847116 0.797950 -0.388943
v 0.850061 0.811314 -0.420640
v 0.829325 0.802363 -0.407904
v 0.803082 0.808239 -0.420596
v 0.792810 0.823538 -0.445218
v 0.760454 0.829987 -0.455296
v 0.718885 0.836304 -0.459366
v 0.727297 0.847824 -0.473628
v 0.683908 0.852759 -0.465276
v 0.670549 0.869230 -0.474040
v 0.649871 0.868012 -0.460171
v 0.617889 0.900858 -0.458205
v 0.597124 0.914873 -0.448830
v 0.579456 0.926228 -0.435953
v 0.557507 0.949745 -0.413174
v 0.578476 0.951648 -0.443752
v 0.561755 0.966299 -0.423590
v 0.558815 0.992156 -0.421973
v 0.577028 0.979587 -0.445979
v 0.594025 0.995423 -0.467457
v 0.607286 1.011153 -0.480416
v 0.629204 1.000795 -0.501245
v 0.649728 1.018141 -0.509894
v 0.653310 0.990261 -0.510920
v 0.664571 0.959106 -0.513846
v 0.676820 0.989686 -0.516272
v 0.686803 0.966052 -0.518884
v 0.704498 0.954918 -0.521525
v 0.722394 0.943731 -0.523802
v 0.740158 0.933936 -0.523305
v 0.766211 0.918599 -0.520733
v 0.792835 0.906496 -0.516951
v 0.809167 0.892378 -0.510357
v 0.835479 0.890584 -0.503502
v 0.842164 0.866987 -0.482237
v 0.859366 0.861856 -0.473352
v 0.878409 0.882591 -0.481961
v 0.885839 0.865515 -0.466414
v 0.905162 0.865371 -0.451667
v 0.919462 0.855439 -0.432807
v 0.923339 0.874008 -0.446689
v 0.934054 0.858008 -0.420049
v 0.951436 0.877908 -0.413846
v 0.966652 0.882176 -0.387515
v 0.972805 0.893435 -0.392097
v 0.985221 0.900194 -0.357858
v 0.996474 0.915352 -0.347406
v 1.004010 0.925577 -0.331822
v 1.008891 0.937472 -0.296169
v 1.012004 0.949998 -0.325831
v 1.010934 0.950700 -0.281315
v 1.013707 0.963638 -0.309138
v 1.010939 0.964347 -0.267667
v 1.012918 0.978074 -0.286241
v 1.006465 0.978071 -0.241271
v 0.999707 1.005973 -0.225583
v 0.996150 1.019336 -0.219425
v 0.993527 1.032041 -0.216423
v 0.983359 1.045204 -0.195980
v 0.985442 1.059080 -0.207498
v 0.979051 1.063225 -0.195172
v 0.946760 1.113282 -0.172443
v 0.925189 1.130242 -0.152458
v 0.922565 1.118917 -0.136208
v 0.913873 1.135710 -0.141047
v 0.912479 1.125272 -0.125409
v 0.902737 1.140289 -0.129416
v 0.902434 1.130628 -0.114447
v 0.894247 1.132267 -0.101882
v 0.885043 1.138495 -0.095220
v 0.875122 1.138897 -0.072938
v 0.855589 1.149603 -0.074875
v 0.834364 1.160151 -0.083302
v 0.824974 1.158713 -0.058913
v 0.819382 1.159425 -0.047847
v 0.836150 1.155369 -0.036951
v 0.813459 1.159522 -0.037462
v 0.800053 1.162535 -0.040952
v 0.799155 1.162858 -0.022377
v 0.789153 1.163262 -0.018560
v 0.785403 1.167339 0.014007
v 0.776560 1.168345 0.020274
v 0.768526 1.166523 0.026082
v 0.741471 1.174991 0.045835
v 0.733729 1.171854 0.052640
v 0.725025 1.174392 0.062643
v 0.718634 1.168776 0.069496
v 0.737951 1.174383 0.090120
v 0.723382 1.169509 0.089440
v 0.740142 1.171105 0.106730
v 0.731910 1.165855 0.111643
v 0.704371 1.158138 0.098121
v 0.701068 1.154792 0.109286
v 0.717820 1.156539 0.126299
v 0.706608 1.150421 0.138357
v 0.696713 1.162579 0.144304
v 0.690833 1.140642 0.148879
v 0.690210 1.155256 0.150172
v 0.683248 1.147234 0.155752
v 0.676723 1.139646 0.160422
v 0.671900 1.131907 0.165993
v 0.680399 1.146101 0.178585
v 0.668107 1.116337 0.176614
v 0.672863 1.130641 0.185752
v 0.674601 1.136534 0.198276
v 0.670308 1.122609 0.202535
v 0.667851 1.103653 0.198050
v 0.667398 1.116930 0.212800
v 0.664142 1.118477 0.231725
v 0.664389 1.101798 0.215200
v 0.659780 1.093907 0.232345
v 0.657708 1.079336 0.234846
v 0.656583 1.073343 0.246492
v 0.652118 1.071398 0.264491
v 0.654191 1.058077 0.254512
v 0.648345 1.059612 0.273720
v 0.647772 1.047032 0.273672
v 0.642236 1.046848 0.290055
v 0.647298 1.034436 0.273514
v 0.641958 1.034035 0.289586
v 0.639850 1.020396 0.295643
v 0.640179 1.007360 0.296527
v 0.641365 0.995673 0.295481
v 0.638804 0.983220 0.306241
v 0.645667 0.982706 0.307273
v 0.650630 0.970502 0.305834
v 0.640351 0.964135 0.305995
v 0.648456 0.952933 0.305829
v 0.658248 0.954668 0.302135
v 0.655728 0.930543 0.303213
v 0.666512 0.932260 0.298486
v 0.682349 0.939931 0.291327
v 0.675076 0.915624 0.294671
v 0.687741 0.922984 0.288879
v 0.698176 0.912101 0.284094
v 0.684634 0.899213 0.290347
v 0.709316 0.901123 0.278931
v 0.699422 0.888856 0.283494
v 0.720806 0.890039 0.273544
v 0.710497 0.877832 0.278278
v 0.727258 0.872389 0.270358
v 0.738899 0.855101 0.264651
v 0.738064 0.833279 0.264649
v 0.755939 0.844259 0.256388
v 0.749449 0.821822 0.258912
v 0.772817 0.838588 0.248286
v 0.760777 0.810428 0.253092
v 0.784128 0.827107 0.242592
v 0.772012 0.799080 0.247211
v 0.783125 0.787762 0.241296
v 0.794080 0.776445 0.235363
v 0.804845 0.765098 0.229439
v 0.815361 0.753690 0.223528
v 0.827191 0.740205 0.216705
v 0.847851 0.734368 0.206855
v 0.862795 0.728375 0.199908
v 0.867019 0.710525 0.196050
v 0.881633 0.704163 0.189679
v 0.885463 0.686058 0.185962
v 0.894528 0.673774 0.181302
v 0.903670 0.661118 0.176942
v 0.863318 0.670056 0.191057
v 0.866985 0.691130 0.193307
v 0.845636 0.693628 0.202250
v 0.848446 0.714968 0.204213
v 0.827477 0.713166 0.213375
v 0.815271 0.696394 0.216721
v 0.797282 0.709513 0.227721
v 0.777991 0.701631 0.237276
v 0.766980 0.724440 0.245455
v 0.749204 0.735223 0.255722
v 0.728656 0.718078 0.266436
v 0.711066 0.720476 0.276335
v 0.699362 0.751338 0.282976
v 0.689468 0.750000 0.288190
v 0.675825 0.754594 0.294332
v 0.677965 0.740457 0.293493
v 0.679834 0.767992 0.272767
v 0.696757 0.753811 0.243949
v 0.703636 0.776803 0.224629
v 0.710268 0.793400 0.206385
v 0.722731 0.803019 0.184899
v 0.723020 0.817938 0.166328
v 0.728957 0.817756 0.145827
v 0.723236 0.823628 0.113936
v 0.731602 0.817351 0.106730
v 0.735693 0.819781 0.092190
v 0.747806 0.816093 0.068458
v 0.732654 0.820903 0.068655
v 0.724322 0.825806 0.035640
v 0.712669 0.831962 0.041248
v 0.730766 0.840432 0.015700
v 0.721956 0.845476 0.024926
v 0.740646 0.836337 0.009298
v 0.750745 0.833573 0.002800
v 0.747480 0.834589 -0.054594
v 0.759116 0.832886 -0.062284
v 0.777620 0.820565 -0.127526
v 0.770339 0.826451 -0.117616
v 0.789669 0.808903 -0.145823
v 0.797094 0.792582 -0.169421
v 0.812028 0.760832 -0.178199
v 0.817261 0.759045 -0.206948
v 0.799676 0.755907 -0.220039
v 0.793458 0.765003 -0.234807
v 0.780407 0.769835 -0.242737
v 0.769233 0.780785 -0.242413
v 0.759418 0.788949 -0.228684
v 0.758698 0.791855 -0.243679
v 0.751543 0.791554 -0.261116
v 0.727906 0.797132 -0.264033
v 0.721806 0.799512 -0.245456
v 0.700577 0.801024 -0.248198
v 0.685067 0.802334 -0.248533
v 0.658123 0.808596 -0.262523
v 0.641694 0.809542 -0.224662
v 0.594544 0.825593 -0.221377
v 0.571523 0.844581 -0.227183
v 0.567198 0.869640 -0.249873
v 0.557636 0.862537 -0.229221
v 0.538349 0.882356 -0.215098
v 0.528567 0.897452 -0.217454
v 0.519796 0.915684 -0.215366
v 0.500296 0.935050 -0.232428
v 0.500440 0.942397 -0.256006
v 0.525859 0.942153 -0.267419
v 0.520668 0.956004 -0.295562
v 0.513673 0.970661 -0.309358
v 0.523819 0.998470 -0.299110
v 0.541947 1.008291 -0.289331
v 0.538853 1.004854 -0.307477
v 0.531167 1.009876 -0.320610
v 0.530399 1.035222 -0.326875
v 0.519717 1.036400 -0.338101
v 0.515216 1.016680 -0.335700
v 0.518183 0.998325 -0.351691
v 0.524950 0.974610 -0.374594
v 0.518878 0.974803 -0.347956
v 0.523180 0.998961 -0.374793
v 0.544528 0.977984 -0.402778
v 0.570732 1.005573 -0.437198
v 0.572427 1.033979 -0.437350
v 0.587246 1.019549 -0.457737
v 0.585153 1.051137 -0.450063
v 0.603850 1.032382 -0.473083
v 0.628747 1.027851 -0.494454
v 0.666794 1.009337 -0.514625
v 0.719834 0.969400 -0.524198
v 0.745462 0.959139 -0.526326
v 0.770768 0.943305 -0.524473
v 0.805330 0.923904 -0.520038
v 0.860053 0.883478 -0.489761
v 0.903117 0.886308 -0.470986
v 0.934726 0.895121 -0.451963
v 0.943308 0.883825 -0.435002
v 0.968003 0.899391 -0.413025
v 0.986413 0.907149 -0.376138
v 0.989187 0.926708 -0.384892
v 0.995241 0.923950 -0.365883
v 1.008714 0.937957 -0.330566
v 1.013358 0.977813 -0.331370
v 1.013370 0.991449 -0.319641
v 1.011926 0.992120 -0.278887
v 1.010039 1.006386 -0.260053
v 1.006515 1.020655 -0.252878
v 1.002253 1.033389 -0.248525
v 0.996081 1.047716 -0.230975
v 0.992835 1.059166 -0.229354
v 0.982417 1.078878 -0.216332
v 0.976379 1.078383 -0.198676
v 0.973325 1.096365 -0.210171
v 0.966719 1.098736 -0.194017
v 0.957324 1.105677 -0.183785
v 0.937247 1.135108 -0.184167
v 0.937059 1.115809 -0.157469
v 0.914040 1.149093 -0.161185
v 0.901535 1.153698 -0.149641
v 0.890432 1.148403 -0.124622
v 0.878816 1.150770 -0.113152
v 0.867701 1.150959 -0.098846
v 0.854609 1.154752 -0.090840
v 0.838886 1.163430 -0.098843
v 0.817786 1.166101 -0.085652
v 0.807889 1.166478 -0.078617
v 0.802454 1.164444 -0.060645
v 0.784664 1.164485 -0.006181
v 0.770616 1.164329 -0.008471
v 0.760838 1.164782 0.032258
v 0.754136 1.161975 0.038355
v 0.747079 1.159953 0.043525
v 0.739426 1.156169 0.047658
v 0.712162 1.164398 0.077084
v 0.710593 1.162774 0.090725
v 0.701489 1.148625 0.089915
v 0.695132 1.149619 0.117322
v 0.689231 1.143843 0.124979
v 0.685585 1.139787 0.134806
v 0.678767 1.132337 0.153716
v 0.672000 1.123621 0.156897
v 0.669459 1.121976 0.170032
v 0.666340 1.108423 0.181735
v 0.660858 1.083061 0.218209
v 0.655964 1.059760 0.232351
v 0.653821 1.045968 0.253725
v 0.653608 1.033936 0.253372
v 0.654039 1.021896 0.253292
v 0.647478 1.022050 0.273452
v 0.648247 1.009742 0.273376
v 0.645976 0.996943 0.281778
v 0.644539 0.984097 0.288812
v 0.643973 0.971226 0.293489
v 0.645226 0.959398 0.292599
v 0.642841 0.947384 0.303398
v 0.645325 0.934586 0.303914
v 0.662851 0.914251 0.300194
v 0.654013 0.900866 0.302961
v 0.669994 0.897945 0.297065
v 0.686286 0.876001 0.289669
v 0.690220 0.850911 0.287828
v 0.700911 0.865543 0.282749
v 0.708787 0.851857 0.278921
v 0.707086 0.831643 0.279601
v 0.723150 0.842882 0.271964
v 0.719411 0.817874 0.273456
v 0.730921 0.800218 0.267448
v 0.747231 0.789675 0.259061
v 0.758251 0.784508 0.253354
v 0.764539 0.766601 0.249353
v 0.791141 0.750914 0.235011
v 0.801686 0.739666 0.228803
v 0.811868 0.728355 0.222669
v 0.786768 0.726512 0.235108
v 0.776567 0.753126 0.242481
v 0.744196 0.758404 0.259423
v 0.725487 0.742977 0.268870
v 0.713225 0.755850 0.275667
v 0.714099 0.777522 0.275554
v 0.700189 0.777736 0.282686
v 0.687937 0.776888 0.288974
v 0.677595 0.789972 0.294107
v 0.670936 0.791157 0.287733
v 0.671369 0.782899 0.294311
v 0.675359 0.769198 0.295161
v 0.667664 0.768731 0.292011
v 0.676158 0.762715 0.282806
v 0.670497 0.784114 0.282741
v 0.689682 0.783407 0.247770
v 0.686545 0.766548 0.260725
v 0.696456 0.780869 0.236240
v 0.687286 0.806538 0.244710
v 0.697671 0.805488 0.225188
v 0.708218 0.825297 0.199795
v 0.702217 0.821800 0.212141
v 0.717212 0.819620 0.185326
v 0.707777 0.837161 0.169064
v 0.707623 0.837162 0.144665
v 0.710425 0.835081 0.129867
v 0.717175 0.827870 0.122444
v 0.716993 0.829208 0.087610
v 0.714154 0.829503 0.064121
v 0.696986 0.839004 0.060650
v 0.701246 0.838504 0.047310
v 0.705481 0.859752 0.039717
v 0.712644 0.852152 0.032553
v 0.708043 0.852573 0.000054
v 0.708905 0.849100 -0.021545
v 0.715723 0.844200 -0.032276
v 0.706819 0.841102 -0.050202
v 0.721697 0.840628 -0.047071
v 0.726254 0.836372 -0.068362
v 0.734416 0.835505 -0.077199
v 0.728080 0.829814 -0.093151
v 0.741322 0.832370 -0.095184
v 0.753592 0.832020 -0.098873
v 0.763078 0.830428 -0.107843
v 0.760282 0.813734 -0.117380
v 0.772946 0.811435 -0.125191
v 0.785821 0.800869 -0.140671
v 0.785038 0.804813 -0.129348
v 0.805404 0.777121 -0.163602
v 0.797858 0.782856 -0.145242
v 0.802485 0.765306 -0.157762
v 0.802218 0.756432 -0.204906
v 0.802303 0.769627 -0.212150
v 0.788528 0.778677 -0.227782
v 0.783954 0.787003 -0.219986
v 0.773099 0.803851 -0.174056
v 0.759690 0.804608 -0.186816
v 0.761578 0.798768 -0.151530
v 0.754959 0.794832 -0.140818
v 0.744346 0.804102 -0.155506
v 0.734403 0.802148 -0.152623
v 0.738815 0.799611 -0.174918
v 0.730829 0.802239 -0.217747
v 0.746728 0.798627 -0.229216
v 0.714978 0.799469 -0.227060
v 0.696700 0.799054 -0.222486
v 0.672267 0.802710 -0.239471
v 0.677232 0.800819 -0.217672
v 0.656744 0.805872 -0.237342
v 0.658851 0.804252 -0.210128
v 0.627820 0.812887 -0.209856
v 0.629629 0.812818 -0.184933
v 0.613105 0.817069 -0.203182
v 0.595067 0.824868 -0.197609
v 0.575835 0.837656 -0.205003
v 0.558509 0.852207 -0.196258
v 0.547854 0.864176 -0.207434
v 0.525561 0.882207 -0.190652
v 0.517787 0.902016 -0.176453
v 0.523773 0.880840 -0.156809
v 0.509819 0.912141 -0.165587
v 0.505565 0.935232 -0.185093
v 0.489678 0.952212 -0.187768
v 0.498114 0.945392 -0.189894
v 0.495007 0.930307 -0.200639
v 0.513085 0.927607 -0.213877
v 0.489913 0.928445 -0.215426
v 0.464063 0.942389 -0.230311
v 0.475889 0.944546 -0.245976
v 0.499131 0.950832 -0.274294
v 0.484414 0.964453 -0.276584
v 0.503507 0.968965 -0.296903
v 0.500901 0.985348 -0.294344
v 0.483093 0.989693 -0.265896
v 0.507467 1.001691 -0.278480
v 0.521746 1.016040 -0.271413
v 0.493427 1.001369 -0.259647
v 0.505704 1.014398 -0.254548
v 0.510927 1.029257 -0.244604
v 0.520457 1.058930 -0.235917
v 0.517574 1.080727 -0.215371
v 0.507387 1.054009 -0.219889
v 0.506803 1.071929 -0.202773
v 0.517025 1.097314 -0.186796
v 0.501828 1.062768 -0.193336
v 0.504544 1.084728 -0.170112
v 0.527764 1.119211 -0.147126
v 0.512801 1.104141 -0.156686
v 0.516421 1.111435 -0.129008
v 0.534859 1.123074 -0.099567
v 0.510210 1.102694 -0.109087
v 0.526644 1.113142 -0.082031
v 0.552508 1.132130 -0.068744
v 0.531247 1.110490 -0.058383
v 0.516037 1.095442 -0.052900
v 0.543386 1.106860 -0.031814
v 0.516484 1.072942 -0.013494
v 0.544905 1.068303 -0.000651
v 0.540626 1.086107 -0.010818
v 0.532008 1.060196 0.001118
v 0.538794 1.038985 0.011768
v 0.564990 1.030664 0.025992
v 0.543890 1.023274 0.025881
v 0.575308 1.022867 0.037798
v 0.553378 1.013877 0.034455
v 0.577223 1.009134 0.044781
v 0.584053 0.996757 0.048256
v 0.616792 0.986970 0.076485
v 0.622535 0.970573 0.076278
v 0.639743 0.980287 0.094219
v 0.652631 0.968485 0.098432
v 0.640695 0.952737 0.078238
v 0.665523 0.941988 0.093220
v 0.666777 0.934769 0.084820
v 0.661580 0.930193 0.071331
v 0.681663 0.916402 0.087945
v 0.677625 0.914666 0.074440
v 0.689883 0.896722 0.075568
v 0.692919 0.888662 0.070093
v 0.690736 0.885051 0.077682
v 0.690864 0.875749 0.068203
v 0.668708 0.867838 0.070326
v 0.678854 0.858154 0.062345
v 0.663402 0.857408 0.081014
v 0.657134 0.866540 0.079213
v 0.666847 0.856565 0.093810
v 0.654405 0.861377 0.097587
v 0.662694 0.873142 0.125679
v 0.668771 0.883114 0.143489
v 0.691180 0.860052 0.126333
v 0.685007 0.872664 0.140367
v 0.697439 0.847499 0.149423
v 0.679779 0.864309 0.166212
v 0.688042 0.856624 0.156337
v 0.694430 0.856264 0.181881
v 0.689458 0.859651 0.211431
v 0.698993 0.843362 0.200708
v 0.694387 0.838439 0.219990
v 0.684344 0.848533 0.235933
v 0.681353 0.832911 0.247452
v 0.690587 0.822670 0.233059
v 0.680473 0.791736 0.262119
v 0.677183 0.807037 0.264219
v 0.673485 0.822290 0.267200
v 0.667485 0.811089 0.282742
v 0.667296 0.830937 0.278022
v 0.667891 0.797386 0.284669
v 0.671854 0.798061 0.291996
v 0.671092 0.809637 0.292535
v 0.668417 0.820770 0.296596
v 0.674250 0.808042 0.295232
v 0.683870 0.815566 0.290828
v 0.691610 0.828679 0.287098
v 0.694707 0.796878 0.285533
v 0.701368 0.810177 0.282264
v 0.711047 0.798236 0.277358
v 0.732603 0.775521 0.265999
v 0.678459 0.851785 0.293490
v 0.674253 0.832803 0.295605
v 0.664021 0.838919 0.299195
v 0.660419 0.846444 0.287574
v 0.667899 0.834644 0.290516
v 0.665733 0.826581 0.285239
v 0.674294 0.845950 0.257687
v 0.680469 0.876395 0.228077
v 0.673958 0.870074 0.248626
v 0.678470 0.880858 0.208106
v 0.670116 0.900401 0.221941
v 0.672268 0.897614 0.205576
v 0.671350 0.896223 0.238498
v 0.668195 0.891258 0.252067
v 0.663870 0.880541 0.266907
v 0.666707 0.856112 0.270099
v 0.661523 0.871735 0.277059
v 0.655803 0.877207 0.288512
v 0.658593 0.857785 0.287972
v 0.657453 0.867180 0.301914
v 0.672311 0.874908 0.296261
v 0.657061 0.878827 0.301998
v 0.661035 0.854682 0.301337
v 0.655243 0.889581 0.302302
v 0.652338 0.897158 0.292844
v 0.654970 0.898535 0.282944
v 0.660193 0.900168 0.267522
v 0.664202 0.912020 0.251133
v 0.665179 0.922463 0.238620
v 0.665307 0.921214 0.224113
v 0.661657 0.938668 0.235373
v 0.659371 0.955859 0.229278
v 0.664795 0.938826 0.213734
v 0.660835 0.954980 0.213494
v 0.657905 0.931701 0.198120
v 0.660598 0.914949 0.191179
v 0.662633 0.902376 0.186271
v 0.665446 0.894123 0.173280
v 0.664273 0.896641 0.165346
v 0.664527 0.891682 0.164150
v 0.658688 0.879631 0.136153
v 0.650479 0.866943 0.113170
v 0.646501 0.869111 0.093105
v 0.648167 0.878222 0.087260
v 0.667258 0.876935 0.076440
v 0.664926 0.887572 0.084450
v 0.686634 0.890110 0.090369
v 0.694538 0.894426 0.089314
v 0.695672 0.898012 0.099412
v 0.685999 0.917383 0.103333
v 0.689166 0.921627 0.118564
v 0.664792 0.949651 0.101169
v 0.665544 0.957409 0.110532
v 0.629932 0.995984 0.091685
v 0.611381 1.000616 0.073495
v 0.620159 1.016840 0.079006
v 0.600979 1.010431 0.061943
v 0.612099 1.025809 0.066301
v 0.591455 1.018659 0.050867
v 0.604618 1.032770 0.051930
v 0.594551 1.036043 0.038093
v 0.570317 1.038182 0.019848
v 0.600453 1.049061 0.024172
v 0.564879 1.048428 0.009489
v 0.579449 1.056223 0.008596
v 0.582801 1.066988 0.003294
v 0.552728 1.095414 -0.013584
v 0.566545 1.109315 -0.022460
v 0.555961 1.123666 -0.046256
v 0.553323 1.137293 -0.089700
v 0.549632 1.135816 -0.109251
v 0.544776 1.133511 -0.127827
v 0.554881 1.142040 -0.147866
v 0.539864 1.126709 -0.168653
v 0.532753 1.114537 -0.190357
v 0.532234 1.107770 -0.209389
v 0.531127 1.098774 -0.223753
v 0.530739 1.081510 -0.237273
v 0.532674 1.061747 -0.249307
v 0.539325 1.091664 -0.249628
v 0.541930 1.072173 -0.267140
v 0.544015 1.053912 -0.282296
v 0.547026 1.043198 -0.303105
v 0.551757 1.035914 -0.293205
v 0.551716 1.027777 -0.307915
v 0.545165 1.058231 -0.306271
v 0.550712 1.076706 -0.294427
v 0.548618 1.090263 -0.302683
v 0.554808 1.091203 -0.274393
v 0.558386 1.104945 -0.261675
v 0.553043 1.118425 -0.250053
v 0.543595 1.116857 -0.236069
v 0.557112 1.133043 -0.237048
v 0.545470 1.124975 -0.217580
v 0.561844 1.143342 -0.212574
v 0.570384 1.152970 -0.175452
v 0.552489 1.136397 -0.190288
v 0.558338 1.144048 -0.166005
v 0.584996 1.158772 -0.132896
v 0.567565 1.148477 -0.120560
v 0.586734 1.157777 -0.102118
v 0.567425 1.146794 -0.091580
v 0.589452 1.154399 -0.082099
v 0.570066 1.143202 -0.072073
v 0.591974 1.146464 -0.063211
v 0.574279 1.135435 -0.051956
v 0.596089 1.132827 -0.042472
v 0.581307 1.122065 -0.031640
v 0.589234 1.103792 -0.017734
v 0.589176 1.090354 -0.009093
v 0.582281 1.080266 -0.003122
v 0.612265 1.081015 0.001146
v 0.615273 1.061082 0.021235
v 0.611924 1.070525 0.009499
v 0.612749 1.046826 0.039739
v 0.635453 1.057857 0.051945
v 0.624421 1.045991 0.056675
v 0.630643 1.039513 0.071932
v 0.631914 1.026638 0.084519
v 0.646162 1.016291 0.101146
v 0.635014 1.006266 0.095361
v 0.656815 1.004595 0.117180
v 0.648912 0.994512 0.106928
v 0.666289 0.988624 0.130365
v 0.658695 0.981091 0.114720
v 0.671700 0.973078 0.134418
v 0.666320 0.966144 0.120091
v 0.682939 0.944385 0.132911
v 0.678854 0.957673 0.135987
v 0.686989 0.931650 0.127857
v 0.697801 0.902984 0.112931
v 0.690336 0.900046 0.114473
v 0.689515 0.893572 0.101838
v 0.670152 0.894816 0.093513
v 0.650258 0.894370 0.094532
v 0.637300 0.871859 0.106976
v 0.632523 0.883486 0.101613
v 0.643345 0.872782 0.124485
v 0.635335 0.880206 0.136778
v 0.644989 0.881968 0.140767
v 0.653394 0.887240 0.148738
v 0.628327 0.877168 0.120488
v 0.629920 0.906405 0.110667
v 0.639393 0.899025 0.102243
v 0.662967 0.901614 0.102450
v 0.689505 0.908583 0.128165
v 0.687923 0.917965 0.140820
v 0.684933 0.926016 0.152504
v 0.684132 0.943684 0.155699
v 0.682434 0.962321 0.151967
v 0.677886 0.980063 0.147792
v 0.684052 0.988265 0.160681
v 0.680732 1.002844 0.155746
v 0.692380 1.000286 0.176279
v 0.685954 1.015343 0.161089
v 0.693831 1.029564 0.168984
v 0.694030 1.047301 0.162374
v 0.693848 1.046465 0.174542
v 0.698523 1.036553 0.186299
v 0.690901 1.044217 0.184839
v 0.685655 1.044225 0.199452
v 0.693707 1.035773 0.205460
v 0.673481 1.042822 0.206711
v 0.671852 1.029364 0.209472
v 0.667063 1.018033 0.207420
v 0.658415 1.010923 0.202450
v 0.655884 1.020744 0.204092
v 0.659212 0.999371 0.203611
v 0.653609 0.988677 0.205920
v 0.653440 0.964483 0.200350
v 0.654254 0.998983 0.207335
v 0.660623 1.009538 0.216703
v 0.654939 1.010178 0.207006
v 0.657842 1.031072 0.202153
v 0.658019 1.040739 0.201080
v 0.669617 1.050832 0.200337
v 0.673966 1.065408 0.193798
v 0.678071 1.076412 0.188727
v 0.679787 1.088855 0.185457
v 0.681888 1.070151 0.184615
v 0.686319 1.084231 0.178963
v 0.688387 1.098169 0.171196
v 0.682876 1.082563 0.168618
v 0.673890 1.075030 0.164130
v 0.675986 1.081776 0.160398
v 0.672293 1.093964 0.142164
v 0.675794 1.086253 0.150121
v 0.678746 1.098572 0.136557
v 0.690331 1.078086 0.150904
v 0.689928 1.062139 0.173215
v 0.696167 1.069237 0.144649
v 0.694483 1.059713 0.157896
v 0.686517 1.050620 0.134374
v 0.688709 1.040570 0.150643
v 0.668695 1.040736 0.114600
v 0.665566 1.023742 0.123394
v 0.652848 1.030090 0.100204
v 0.651072 1.040915 0.089223
v 0.654918 1.053908 0.080002
v 0.639663 1.065166 0.045001
v 0.635352 1.071149 0.029560
v 0.634138 1.078331 0.017616
v 0.636905 1.086971 0.008793
v 0.615147 1.090374 -0.008211
v 0.612698 1.102919 -0.019858
v 0.614550 1.120672 -0.033552
v 0.617314 1.137860 -0.048340
v 0.616160 1.150592 -0.063815
v 0.615022 1.164746 -0.094974
v 0.602348 1.168366 -0.151367
v 0.585751 1.160118 -0.163367
v 0.597113 1.165450 -0.184935
v 0.577093 1.155541 -0.194540
v 0.572173 1.147449 -0.231478
v 0.575260 1.136874 -0.256921
v 0.573032 1.111363 -0.278504
v 0.559000 1.095699 -0.291432
v 0.605965 1.159380 -0.266923
v 0.590519 1.153696 -0.252255
v 0.608054 1.166115 -0.239349
v 0.590077 1.159417 -0.218135
v 0.612972 1.171533 -0.205184
v 0.619491 1.176562 -0.171179
v 0.641488 1.182597 -0.155166
v 0.655449 1.186104 -0.155752
v 0.658884 1.180241 -0.126620
v 0.663512 1.193016 -0.117108
v 0.671316 1.204284 -0.117991
v 0.690377 1.210854 -0.107349
v 0.681085 1.204574 -0.105375
v 0.704246 1.213262 -0.106907
v 0.717209 1.216048 -0.112345
v 0.743056 1.227324 -0.142782
v 0.730929 1.201673 -0.142172
v 0.737671 1.207887 -0.148149
v 0.747417 1.215713 -0.158834
v 0.752108 1.204664 -0.161720
v 0.763099 1.206984 -0.170365
v 0.780749 1.212590 -0.196767
v 0.780115 1.203815 -0.162204
v 0.789760 1.206758 -0.171252
v 0.798605 1.208416 -0.181729
v 0.800381 1.213440 -0.206128
v 0.816004 1.214115 -0.217542
v 0.817458 1.209771 -0.199224
v 0.835022 1.209198 -0.206921
v 0.840161 1.212658 -0.240835
v 0.848284 1.208402 -0.219710
v 0.858361 1.209322 -0.252804
v 0.870034 1.207127 -0.272476
v 0.888339 1.198917 -0.277529
v 0.895132 1.198068 -0.295433
v 0.911628 1.191054 -0.303667
v 0.928666 1.179426 -0.297437
v 0.920536 1.186375 -0.334965
v 0.939317 1.173053 -0.309994
v 0.929085 1.177842 -0.348141
v 0.941080 1.170462 -0.338321
v 0.948250 1.158624 -0.349354
v 0.952712 1.145171 -0.382984
v 0.940347 1.160559 -0.371668
v 0.962886 1.134594 -0.370191
v 0.965174 1.114192 -0.407587
v 0.969302 1.092994 -0.420959
v 0.975598 1.082159 -0.411208
v 0.966685 1.074844 -0.434060
v 0.963650 1.061621 -0.441108
v 0.975432 1.051321 -0.425588
v 0.959960 1.049202 -0.448010
v 0.954830 1.033048 -0.456682
v 0.952864 1.012842 -0.463632
v 0.971383 1.009752 -0.444098
v 0.964329 0.994270 -0.456873
v 0.946993 1.000197 -0.471359
v 0.933909 0.993928 -0.482211
v 0.948626 0.981059 -0.472964
v 0.920664 0.999431 -0.490916
v 0.927523 0.977313 -0.487534
v 0.896468 1.005282 -0.506177
v 0.911681 0.983324 -0.495871
v 0.892690 0.975563 -0.504371
v 0.886139 0.987646 -0.508655
v 0.854010 0.997166 -0.521629
v 0.832783 0.993380 -0.526548
v 0.833016 1.010656 -0.527839
v 0.829253 1.029248 -0.527629
v 0.872162 1.006135 -0.516842
v 0.886187 1.024358 -0.511634
v 0.903001 1.027880 -0.502464
v 0.912536 1.018116 -0.496521
v 0.932500 1.011112 -0.481875
v 0.942134 1.028083 -0.470779
v 0.943441 1.057945 -0.463228
v 0.947548 1.078495 -0.454150
v 0.949711 1.092833 -0.447343
v 0.958062 1.107625 -0.429442
v 0.942633 1.117769 -0.440877
v 0.942992 1.134296 -0.422579
v 0.952383 1.135320 -0.404554
v 0.936619 1.151492 -0.408096
v 0.929213 1.163148 -0.397889
v 0.919115 1.171914 -0.387198
v 0.906369 1.187208 -0.366037
v 0.897613 1.194747 -0.353084
v 0.904985 1.194005 -0.331149
v 0.895105 1.198683 -0.316921
v 0.873808 1.207091 -0.295440
v 0.854009 1.212386 -0.276304
v 0.836325 1.215860 -0.288361
v 0.836361 1.215070 -0.264002
v 0.823559 1.215851 -0.241054
v 0.802802 1.218204 -0.239484
v 0.792196 1.218786 -0.224969
v 0.784275 1.216898 -0.211703
v 0.773038 1.225925 -0.207638
v 0.767467 1.216345 -0.184762
v 0.756152 1.219762 -0.171551
v 0.758476 1.236618 -0.165021
v 0.752510 1.232475 -0.155730
v 0.728828 1.218592 -0.124844
v 0.725600 1.227016 -0.125176
v 0.708783 1.222159 -0.120642
v 0.689021 1.213255 -0.121312
v 0.676380 1.191237 -0.133368
v 0.668508 1.184064 -0.141872
v 0.682359 1.187413 -0.154657
v 0.666012 1.187608 -0.164519
v 0.682722 1.191407 -0.170550
v 0.674971 1.189563 -0.193745
v 0.647155 1.185986 -0.219334
v 0.637130 1.182902 -0.206004
v 0.635816 1.176785 -0.252645
v 0.620629 1.174025 -0.227636
v 0.619682 1.167124 -0.263763
v 0.632763 1.170128 -0.276827
v 0.614228 1.157851 -0.297665
v 0.627617 1.154247 -0.338733
v 0.612744 1.146732 -0.334964
v 0.620505 1.143039 -0.372940
v 0.632798 1.147037 -0.387803
v 0.618428 1.131399 -0.402779
v 0.624843 1.125446 -0.424420
v 0.618960 1.110339 -0.439883
v 0.636304 1.117489 -0.449595
v 0.625755 1.095000 -0.463270
v 0.645292 1.099927 -0.471368
v 0.641216 1.068635 -0.487150
v 0.653594 1.082716 -0.486302
v 0.671890 1.068408 -0.499075
v 0.655278 1.041753 -0.504044
v 0.680241 1.051173 -0.511796
v 0.681223 1.022439 -0.517204
v 0.695591 1.041428 -0.518238
v 0.705474 1.015321 -0.522010
v 0.705225 0.991594 -0.521583
v 0.737160 0.982410 -0.527850
v 0.738067 1.005654 -0.528817
v 0.765440 0.994197 -0.529667
v 0.770250 0.971474 -0.528122
v 0.794659 0.957883 -0.525207
v 0.813900 0.942875 -0.522055
v 0.834384 0.933443 -0.516341
v 0.835454 0.910613 -0.511085
v 0.867527 0.922565 -0.505636
v 0.865822 0.904360 -0.500226
v 0.894343 0.909522 -0.488881
v 0.920126 0.911897 -0.474877
v 0.942598 0.915008 -0.455924
v 0.958360 0.905180 -0.433831
v 0.970838 0.925970 -0.428042
v 0.978064 0.917653 -0.407882
v 0.989198 0.943473 -0.392627
v 0.995723 0.964070 -0.379052
v 1.001148 0.947912 -0.360413
v 1.009877 0.965163 -0.342933
v 1.010458 1.005545 -0.300018
v 1.007333 1.019357 -0.286142
v 1.001913 1.046239 -0.278369
v 0.999103 1.059318 -0.279753
v 0.998031 1.059678 -0.253844
v 0.993452 1.072639 -0.255585
v 0.987618 1.078297 -0.237966
v 0.978054 1.096823 -0.234727
v 0.972015 1.108669 -0.236735
v 0.966139 1.113848 -0.225843
v 0.956980 1.123405 -0.213217
v 0.948469 1.126951 -0.195319
v 0.927912 1.139516 -0.172468
v 0.882201 1.162458 -0.142646
v 0.871246 1.163415 -0.132529
v 0.856696 1.172182 -0.137422
v 0.858068 1.163917 -0.120919
v 0.843614 1.167397 -0.116248
v 0.825198 1.175737 -0.118454
v 0.818506 1.173838 -0.109818
v 0.800395 1.178868 -0.113154
v 0.795536 1.194933 -0.142664
v 0.809168 1.192045 -0.142241
v 0.828404 1.185603 -0.140033
v 0.815787 1.197147 -0.156274
v 0.853436 1.192925 -0.178203
v 0.871494 1.187853 -0.184444
v 0.908665 1.178897 -0.227955
v 0.923782 1.164479 -0.213336
v 0.935212 1.156978 -0.226445
v 0.933235 1.167787 -0.264168
v 0.939958 1.156619 -0.241229
v 0.970427 1.128873 -0.277789
v 0.977483 1.117273 -0.296283
v 0.983239 1.104465 -0.300102
v 0.986416 1.097320 -0.310992
v 0.992199 1.070015 -0.331441
v 0.993989 1.056723 -0.342032
v 0.991925 1.043735 -0.364405
v 0.992045 1.025892 -0.377677
v 0.993170 1.006911 -0.387248
v 0.990400 0.996270 -0.399336
v 0.985779 0.982258 -0.420130
v 0.981853 0.996871 -0.430940
v 0.974021 0.977263 -0.444587
v 0.958902 0.971208 -0.462849
v 0.965074 0.958586 -0.451927
v 0.951268 0.949973 -0.463245
v 0.936941 0.961524 -0.480638
v 0.917135 0.952057 -0.491667
v 0.903802 0.962787 -0.499192
v 0.894554 0.940453 -0.501283
v 0.879469 0.957532 -0.507103
v 0.865766 0.969068 -0.513277
v 0.859182 0.984146 -0.518184
v 0.843227 0.958717 -0.518947
v 0.836586 0.976394 -0.523239
v 0.812118 1.003929 -0.529950
v 0.805336 1.021988 -0.529439
v 0.805174 1.040237 -0.528018
v 0.850978 1.037239 -0.522564
v 0.874111 1.036803 -0.515729
v 0.901325 1.044500 -0.502080
v 0.927288 1.041665 -0.482129
v 0.925413 1.024309 -0.486654
v 0.926663 1.060645 -0.478987
v 0.927802 1.077661 -0.473556
v 0.928400 1.092904 -0.468693
v 0.927505 1.107925 -0.462753
v 0.923037 1.134331 -0.445122
v 0.917832 1.147247 -0.434804
v 0.910657 1.159086 -0.426100
v 0.903432 1.170320 -0.416303
v 0.904945 1.180437 -0.387883
v 0.879977 1.197213 -0.379583
v 0.874092 1.203566 -0.363908
v 0.878513 1.203826 -0.345114
v 0.869440 1.207378 -0.330210
v 0.860451 1.210979 -0.315811
v 0.849537 1.213948 -0.303109
v 0.818806 1.217555 -0.269621
v 0.804365 1.219658 -0.266442
v 0.781331 1.220591 -0.246069
v 0.774014 1.221073 -0.225818
v 0.766928 1.235794 -0.225979
v 0.770422 1.243063 -0.202961
v 0.766044 1.236243 -0.181131
v 0.759266 1.245298 -0.180056
v 0.746692 1.242822 -0.161490
v 0.736924 1.234606 -0.142845
v 0.719634 1.224613 -0.131783
v 0.699651 1.217322 -0.120681
v 0.710727 1.206102 -0.131422
v 0.688248 1.202410 -0.129872
v 0.716442 1.202136 -0.149882
v 0.719384 1.195428 -0.176648
v 0.710709 1.192084 -0.199570
v 0.693034 1.189441 -0.218092
v 0.693982 1.192628 -0.196070
v 0.711937 1.196071 -0.222068
v 0.668297 1.189559 -0.220731
v 0.694724 1.189167 -0.235015
v 0.672766 1.187928 -0.246668
v 0.654392 1.183888 -0.245724
v 0.650919 1.176426 -0.276257
v 0.636790 1.168419 -0.297714
v 0.664966 1.176240 -0.296946
v 0.634978 1.164483 -0.314993
v 0.662290 1.171195 -0.327047
v 0.645486 1.163067 -0.342164
v 0.648120 1.159057 -0.373418
v 0.663026 1.168849 -0.359881
v 0.654060 1.156795 -0.395242
v 0.647661 1.146554 -0.410802
v 0.646516 1.134935 -0.431231
v 0.672074 1.150405 -0.425741
v 0.664638 1.132000 -0.448689
v 0.669265 1.113024 -0.471950
v 0.687837 1.127405 -0.464477
v 0.677842 1.091831 -0.489442
v 0.701665 1.104844 -0.488805
v 0.705063 1.081505 -0.504136
v 0.710621 1.063266 -0.515897
v 0.722745 1.043265 -0.524330
v 0.737597 1.028862 -0.527645
v 0.752749 1.046184 -0.527507
v 0.767671 1.017620 -0.529841
v 0.789297 1.004963 -0.530138
v 0.791753 0.983625 -0.529556
v 0.815373 0.979180 -0.527414
v 0.824701 0.955796 -0.522901
v 0.855205 0.944768 -0.512616
v 0.875606 0.940466 -0.506619
v 0.909290 0.927388 -0.488721
v 0.926148 0.931320 -0.478429
v 0.938960 0.940285 -0.470876
v 0.960765 0.934819 -0.447446
v 0.975048 0.950693 -0.433296
v 0.982034 0.943057 -0.413388
v 0.987496 0.966838 -0.409308
v 0.996709 0.981172 -0.379890
v 1.004591 0.991827 -0.353594
v 0.997794 0.999651 -0.371254
v 1.007577 1.004764 -0.334788
v 1.004122 1.018020 -0.334206
v 0.998141 1.030741 -0.345608
v 1.004472 1.032692 -0.299572
v 0.999282 1.044282 -0.322247
v 0.998195 1.057524 -0.308514
v 0.991572 1.078593 -0.319359
v 0.993842 1.078327 -0.289162
v 0.989540 1.085287 -0.270759
v 0.982141 1.097674 -0.260730
v 0.976735 1.109704 -0.262006
v 0.968636 1.120983 -0.250687
v 0.960939 1.139350 -0.259197
v 0.959387 1.124669 -0.226802
v 0.950346 1.150412 -0.252534
v 0.949783 1.135043 -0.215383
v 0.938912 1.144831 -0.204443
v 0.927088 1.152725 -0.192680
v 0.913866 1.169876 -0.202215
v 0.914463 1.158681 -0.180321
v 0.900211 1.179510 -0.201270
v 0.901602 1.162751 -0.167656
v 0.886193 1.182626 -0.188388
v 0.887712 1.165715 -0.156102
v 0.868558 1.177765 -0.160898
v 0.847285 1.187490 -0.160989
v 0.841915 1.180867 -0.142190
v 0.778674 1.038002 -0.528978
v 0.824942 1.050993 -0.527094
v 0.813243 1.064485 -0.524983
v 0.840384 1.067600 -0.520100
v 0.845079 1.050303 -0.522304
v 0.866010 1.055808 -0.515605
v 0.909536 1.057901 -0.494605
v 0.907832 1.082529 -0.492486
v 0.908154 1.101749 -0.481235
v 0.902950 1.115743 -0.472906
v 0.917442 1.124952 -0.458821
v 0.896558 1.133649 -0.461606
v 0.883750 1.148126 -0.454059
v 0.874683 1.176574 -0.427484
v 0.886843 1.183872 -0.409754
v 0.853346 1.190924 -0.412986
v 0.879992 1.191680 -0.396581
v 0.851338 1.199840 -0.391813
v 0.853928 1.208695 -0.356015
v 0.844318 1.213236 -0.342954
v 0.835630 1.215568 -0.328596
v 0.825611 1.216951 -0.314847
v 0.815648 1.217843 -0.301437
v 0.805076 1.218190 -0.288358
v 0.782319 1.218764 -0.281373
v 0.787973 1.220572 -0.260795
v 0.768193 1.220757 -0.254777
v 0.767997 1.227642 -0.243671
v 0.766351 1.250278 -0.220780
v 0.764218 1.249672 -0.198773
v 0.741312 1.237147 -0.176191
v 0.728772 1.229420 -0.146577
v 0.720741 1.214208 -0.138384
v 0.735271 1.234019 -0.165360
v 0.743735 1.232937 -0.201377
v 0.752799 1.244633 -0.179539
v 0.754905 1.251134 -0.224128
v 0.764293 1.246636 -0.233917
v 0.758436 1.243031 -0.246342
v 0.757024 1.228405 -0.252897
v 0.755831 1.216432 -0.264719
v 0.767796 1.216634 -0.279236
v 0.784645 1.216377 -0.298310
v 0.793587 1.215572 -0.311700
v 0.802086 1.215973 -0.325691
v 0.810846 1.215144 -0.339311
v 0.818374 1.214337 -0.353763
v 0.826488 1.211095 -0.367893
v 0.816217 1.206451 -0.386659
v 0.838658 1.204613 -0.386125
v 0.835681 1.185708 -0.425736
v 0.842025 1.176779 -0.437513
v 0.876836 1.163127 -0.442186
v 0.869211 1.132674 -0.474715
v 0.875394 1.114758 -0.488166
v 0.892355 1.081882 -0.502079
v 0.885036 1.064298 -0.508824
v 0.860807 1.078078 -0.511786
v 0.864511 1.096605 -0.503402
v 0.851594 1.109694 -0.499185
v 0.840547 1.125539 -0.486168
v 0.852269 1.144421 -0.468639
v 0.821480 1.146393 -0.469229
v 0.847259 1.161237 -0.454039
v 0.816421 1.163604 -0.454337
v 0.810921 1.172889 -0.444065
v 0.804106 1.180556 -0.431652
v 0.818611 1.192571 -0.415685
v 0.811603 1.198866 -0.403322
v 0.789452 1.190431 -0.414575
v 0.799336 1.209347 -0.375773
v 0.781176 1.202266 -0.389112
v 0.791751 1.210903 -0.363138
v 0.766803 1.206990 -0.360737
v 0.782245 1.212293 -0.341700
v 0.771719 1.212126 -0.320977
v 0.763103 1.212107 -0.310069
v 0.755032 1.211319 -0.293369
v 0.744864 1.216851 -0.261957
v 0.747333 1.236667 -0.255940
v 0.737542 1.226632 -0.259907
v 0.740598 1.241359 -0.248053
v 0.753246 1.238999 -0.221866
v 0.754050 1.249094 -0.200827
v 0.735028 1.227890 -0.190059
v 0.723742 1.217309 -0.167484
v 0.728876 1.219420 -0.184090
v 0.732898 1.200024 -0.174489
v 0.730947 1.212136 -0.198619
v 0.727647 1.196153 -0.190500
v 0.734773 1.207513 -0.217818
v 0.723804 1.197000 -0.205031
v 0.723229 1.206477 -0.233380
v 0.707087 1.192575 -0.245578
v 0.722587 1.201292 -0.256889
v 0.708734 1.194368 -0.263510
v 0.687768 1.187860 -0.259609
v 0.691524 1.186311 -0.279118
v 0.674513 1.182931 -0.276057
v 0.703888 1.190283 -0.282764
v 0.692195 1.183832 -0.304036
v 0.703414 1.187124 -0.325431
v 0.689515 1.181265 -0.337682
v 0.677415 1.178090 -0.315295
v 0.706990 1.187521 -0.356541
v 0.692399 1.180620 -0.370135
v 0.675721 1.174945 -0.346517
v 0.672680 1.170949 -0.378456
v 0.675002 1.168499 -0.394221
v 0.704294 1.179281 -0.397522
v 0.720455 1.172427 -0.419190
v 0.686277 1.165708 -0.412901
v 0.706394 1.162267 -0.428542
v 0.738377 1.164396 -0.436542
v 0.695117 1.148024 -0.442116
v 0.736944 1.146265 -0.457526
v 0.716502 1.144176 -0.454897
v 0.708505 1.129473 -0.466932
v 0.725057 1.120420 -0.479936
v 0.749076 1.126307 -0.478637
v 0.729821 1.106896 -0.493389
v 0.738510 1.095882 -0.502269
v 0.762325 1.105595 -0.498361
v 0.732843 1.078691 -0.511927
v 0.769049 1.085415 -0.512163
v 0.742855 1.067051 -0.519966
v 0.773815 1.058755 -0.526601
v 0.794610 1.075756 -0.520524
v 0.831250 1.082486 -0.516763
v 0.825387 1.094152 -0.510748
v 0.822518 1.111111 -0.498451
v 0.801725 1.130763 -0.481099
v 0.793309 1.153555 -0.460461
v 0.783426 1.170062 -0.441446
v 0.767728 1.180037 -0.424136
v 0.765675 1.192789 -0.403230
v 0.754316 1.200374 -0.380013
v 0.740263 1.199961 -0.356293
v 0.754178 1.206320 -0.336895
v 0.744795 1.205199 -0.320179
v 0.732562 1.199789 -0.328764
v 0.734698 1.202335 -0.306433
v 0.732675 1.202174 -0.292265
v 0.741903 1.208695 -0.277592
v 0.732876 1.208369 -0.265203
v 0.742456 1.233578 -0.240062
v 0.741920 1.218622 -0.234010
v 0.738665 1.216287 -0.209666
v 0.728983 1.222160 -0.254385
v 0.723765 1.212270 -0.247510
v 0.721298 1.198565 -0.279556
v 0.712189 1.192336 -0.301422
v 0.717958 1.193617 -0.327713
v 0.722039 1.193827 -0.350685
v 0.714281 1.189041 -0.377078
v 0.734458 1.194175 -0.383140
v 0.738658 1.186126 -0.403264
v 0.743904 1.179328 -0.417250
v 0.761512 1.158442 -0.449194
v 0.768183 1.146110 -0.464615
v 0.773978 1.135352 -0.474503
v 0.775907 1.119243 -0.488170
v 0.796181 1.110522 -0.496713
v 0.800411 1.095740 -0.508108
v 0.720972 1.209762 -0.158488
v 0.985956 1.010594 -0.415583
v 0.971273 1.027124 -0.438206
v 0.989202 1.021188 -0.404173
v 0.984583 1.033640 -0.413329
v 0.986124 1.050142 -0.402858
v 0.989977 1.057267 -0.372128
v 0.981733 1.070003 -0.402079
v 0.989050 1.070245 -0.361668
v 0.985011 1.083533 -0.369284
v 0.978390 1.095966 -0.381941
v 0.984377 1.097019 -0.340765
v 0.975301 1.109331 -0.372312
v 0.980107 1.110114 -0.336424
v 0.971438 1.122821 -0.362027
v 0.974748 1.123163 -0.325611
v 0.962449 1.141099 -0.345925
v 0.969102 1.135755 -0.307649
v 0.959347 1.147788 -0.329129
v 0.962492 1.148477 -0.297574
v 0.954794 1.159914 -0.303260
v 0.942374 1.164657 -0.278657
v 0.915921 1.183181 -0.278864
v 0.921511 1.172279 -0.247235
v 0.909342 1.180749 -0.247308
v 0.898268 1.191567 -0.265528
v 0.889200 1.195194 -0.251329
v 0.898328 1.186470 -0.228379
v 0.877006 1.199615 -0.238143
v 0.885027 1.191476 -0.216016
v 0.863580 1.203681 -0.226728
v 0.871321 1.194287 -0.203156
v 0.857324 1.196520 -0.190577
v 0.838283 1.199862 -0.180892
v 0.827996 1.197325 -0.166407
v 0.814324 1.206020 -0.182107
v 0.776208 1.196572 -0.144892
v 0.764237 1.187980 -0.132233
v 0.748176 1.183751 -0.131414
v 0.723091 1.175171 -0.119406
v 0.751448 1.169631 -0.087429
v 0.746262 1.166542 -0.073232
v 0.743236 1.165159 -0.055774
v 0.734206 1.161491 -0.026612
v 0.723209 1.157503 -0.025510
v 0.721163 1.154520 -0.010237
v 0.718634 1.151630 0.004167
v 0.715761 1.148162 0.017149
v 0.710188 1.142139 0.023497
v 0.704317 1.135062 0.028936
v 0.707361 1.124228 0.072643
v 0.710407 1.119429 0.100052
v 0.704862 1.114436 0.109661
v 0.700605 1.109798 0.119043
v 0.694459 1.100714 0.130171
v 0.684885 1.129829 0.113419
v 0.690744 1.135540 0.105024
v 0.695090 1.144903 0.098655
v 0.711883 1.128156 0.096894
v 0.718165 1.133880 0.088857
v 0.708029 1.154335 0.082715
v 0.721992 1.138299 0.077238
v 0.726585 1.143888 0.072631
v 0.732454 1.152362 0.061757
v 0.720597 1.142735 0.052471
v 0.725982 1.148344 0.046064
v 0.731372 1.154730 0.023535
v 0.738778 1.157786 0.017402
v 0.745892 1.160407 0.010744
v 0.755331 1.162484 0.006253
v 0.764726 1.163744 0.001520
v 0.741147 1.163763 -0.036171
v 0.756400 1.164810 -0.031553
v 0.765955 1.165173 -0.036628
v 0.776597 1.165091 -0.040300
v 0.776653 1.166502 -0.054612
v 0.787462 1.166964 -0.068856
v 0.679558 1.123819 0.121918
v 0.677826 1.114508 0.129662
v 0.677947 1.132195 0.140381
v 0.670387 1.109662 0.159220
v 0.679196 1.109670 0.168374
v 0.686040 1.101695 0.179345
v 0.664211 1.087308 0.187268
v 0.665306 1.097672 0.184436
v 0.664123 1.079036 0.189677
v 0.661245 1.069860 0.193831
v 0.661358 1.061140 0.194844
v 0.658953 1.051209 0.200319
v 0.663190 1.063311 0.206424
v 0.663114 1.042259 0.214341
v 0.661694 1.020500 0.216801
v 0.655283 0.997466 0.234544
v 0.660463 0.979467 0.222980
v 0.655171 0.979522 0.236813
v 0.658358 0.956339 0.249183
v 0.655232 0.979775 0.251822
v 0.660576 0.933669 0.252607
v 0.653700 0.944092 0.269263
v 0.656401 0.921658 0.267618
v 0.650956 0.920398 0.283616
v 0.647346 0.936198 0.290327
v 0.649269 0.913420 0.293733
v 0.646260 0.924196 0.301976
v 0.649525 0.911690 0.303169
v 0.648017 0.948523 0.286160
v 0.651392 0.967384 0.271261
v 0.649817 0.985255 0.272503
v 0.652177 0.997727 0.263344
v 0.654393 1.005952 0.251727
v 0.654956 1.009621 0.235785
v 0.654563 1.021576 0.235861
v 0.654821 1.038754 0.234240
v 0.662106 1.032121 0.214633
v 0.661804 1.059490 0.218738
v 0.663404 1.052921 0.209964
v 0.664593 1.073344 0.207898
v 0.666086 1.082245 0.203067
v 0.667323 1.090821 0.200780
v 0.697430 1.083797 0.136060
v 0.688030 1.060362 0.126929
v 0.690527 1.069917 0.120074
v 0.700353 1.086897 0.124197
v 0.682169 1.071061 0.100291
v 0.672065 1.055256 0.104203
v 0.661741 1.063030 0.077483
v 0.657415 1.068945 0.062672
v 0.654487 1.078411 0.043746
v 0.657191 1.089075 0.029633
v 0.658674 1.096308 0.019057
v 0.637541 1.094767 -0.002674
v 0.664339 1.103825 0.012661
v 0.637056 1.104171 -0.015465
v 0.636576 1.114159 -0.027053
v 0.652566 1.124518 -0.035483
v 0.643749 1.138828 -0.051224
v 0.624547 1.156385 -0.073227
v 0.640736 1.157483 -0.076225
v 0.641610 1.167312 -0.094033
v 0.676635 1.145375 -0.060733
v 0.664649 1.132234 -0.041852
v 0.656068 1.117638 -0.023206
v 0.657288 1.109973 -0.008159
v 0.676773 1.100974 0.040736
v 0.675380 1.094613 0.051177
v 0.672909 1.085593 0.061490
v 0.674731 1.077795 0.076123
v 0.689743 1.096618 0.081499
v 0.688962 1.082469 0.099453
v 0.691705 1.091439 0.093681
v 0.704257 1.107319 0.099930
v 0.703250 1.097850 0.114980
v 0.708312 1.120984 0.084664
v 0.691985 1.104398 0.074613
v 0.691280 1.109227 0.061899
v 0.689624 1.112557 0.046537
v 0.682641 1.114699 0.023287
v 0.683536 1.120529 0.011593
v 0.679353 1.124827 -0.009147
v 0.685498 1.131470 -0.015618
v 0.671810 1.137655 -0.049001
v 0.683353 1.150856 -0.068206
v 0.701227 1.157022 -0.079441
v 0.717916 1.159296 -0.074832
v 0.721432 1.162609 -0.089387
v 0.708488 1.166544 -0.104603
v 0.697853 1.163218 -0.101220
v 0.695850 1.177550 -0.111295
v 0.683008 1.181465 -0.105209
v 0.696555 1.194667 -0.107650
v 0.705625 1.181763 -0.116675
v 0.735390 1.177491 -0.122665
v 0.733176 1.187407 -0.134888
v 0.722180 1.193601 -0.131690
v 0.745574 1.197550 -0.150009
v 0.759899 1.197816 -0.154407
v 0.713604 1.196870 -0.122017
v 0.724402 1.167568 -0.103275
v 0.714537 1.156550 -0.059736
v 0.701288 1.151918 -0.061644
v 0.699252 1.148089 -0.046176
v 0.700273 1.144540 -0.026210
v 0.696833 1.139986 -0.014690
v 0.705694 1.129800 0.048838
v 0.630139 1.052943 -0.486838
v 0.609588 1.053577 -0.472466
v 0.614377 1.074787 -0.467618
v 0.607172 1.091785 -0.449428
v 0.591942 1.089236 -0.432587
v 0.604141 1.112922 -0.418442
v 0.586223 1.110277 -0.400251
v 0.597514 1.126520 -0.378999
v 0.608893 1.138330 -0.360308
v 0.597770 1.146644 -0.290756
v 0.590025 1.131304 -0.343506
v 0.564539 1.113019 -0.353259
v 0.557549 1.093521 -0.378127
v 0.577622 1.115311 -0.373571
v 0.568261 1.095896 -0.393125
v 0.575204 1.086115 -0.412929
v 0.576815 1.069016 -0.430580
v 0.594610 1.068466 -0.454165
v 0.566950 1.052824 -0.423651
v 0.547315 1.048994 -0.399035
v 0.562247 1.064574 -0.409966
v 0.557766 1.076506 -0.395638
v 0.545406 1.067169 -0.383849
v 0.537861 1.085798 -0.349324
v 0.548550 1.099698 -0.349497
v 0.545909 1.100489 -0.329602
v 0.559286 1.118217 -0.325848
v 0.540948 1.074377 -0.314841
v 0.552294 1.095640 -0.313333
v 0.532102 1.072995 -0.337039
v 0.527974 1.062912 -0.348726
v 0.523711 1.036941 -0.363062
v 0.533897 1.054068 -0.373704
v 0.526342 1.025015 -0.380404
v 0.556494 1.030508 -0.413421
v 0.544861 1.014558 -0.403162
v 0.538932 0.998982 -0.397230
v 0.654591 0.957384 0.193129
v 0.647121 0.955704 0.182899
v 0.654774 0.947900 0.199863
v 0.665402 0.938729 0.190328
v 0.671719 0.923335 0.184599
v 0.677466 0.917342 0.177404
v 0.676769 0.907863 0.162939
v 0.669714 0.911700 0.158293
v 0.674124 0.891148 0.151379
v 0.668948 0.887503 0.142862
v 0.681762 0.895042 0.140653
v 0.680824 0.890838 0.121632
v 0.677363 0.897269 0.133792
v 0.665977 0.905960 0.142107
v 0.676387 0.903098 0.145872
v 0.645151 0.925804 0.155508
v 0.650919 0.916014 0.140830
v 0.640824 0.932069 0.149299
v 0.656002 0.904046 0.131207
v 0.659403 0.887933 0.134359
v 0.648458 0.887034 0.140998
v 0.643281 0.887475 0.129222
v 0.639168 0.885423 0.135118
v 0.630748 0.889600 0.127573
v 0.619546 0.891875 0.118075
v 0.622591 0.883108 0.129379
v 0.630324 0.907466 0.117395
v 0.633690 0.922717 0.126258
v 0.630017 0.933684 0.140672
v 0.627866 0.944379 0.150587
v 0.632892 0.939650 0.141391
v 0.630738 0.929209 0.131677
v 0.644693 0.949823 0.174395
v 0.645654 0.943499 0.168586
v 0.654917 0.946260 0.183591
v 0.664073 0.932922 0.178463
v 0.656027 0.922835 0.165346
v 0.643181 0.939145 0.162807
v 0.644204 0.968686 0.183835
v 0.638814 0.962592 0.174602
v 0.632592 0.954781 0.163529
v 0.637251 0.950614 0.157426
v 0.646951 0.923254 0.130521
v 0.644951 0.936041 0.149334
v 0.663896 0.922403 0.145699
v 0.672054 0.915665 0.137296
v 0.673680 0.932684 0.162843
v 0.677420 0.953388 0.164634
v 0.684507 0.970548 0.161037
v 0.687269 0.979003 0.173557
v 0.694220 0.991261 0.191452
v 0.694971 1.014822 0.179648
v 0.695075 1.007371 0.192612
v 0.692004 1.007881 0.204491
v 0.680544 0.981332 0.188293
v 0.688981 1.022349 0.207748
v 0.649571 0.944148 0.163821
v 0.658720 0.951332 0.175722
v 0.655430 0.933444 0.156781
v 0.656129 0.964111 0.180071
v 0.665061 0.975372 0.192550
v 0.649124 0.971312 0.188639
v 0.654424 0.978362 0.196819
v 0.645173 0.959229 0.170960
v 0.643982 0.914299 0.132068
v 0.634794 0.916750 0.122082
v 0.642668 0.906131 0.123359
v 0.643367 0.895380 0.124738
v 0.690284 0.856500 0.102740
v 0.679952 0.864661 0.113486
v 0.696112 0.849980 0.094164
v 0.700098 0.843727 0.083099
v 0.679793 0.846949 0.070344
v 0.696033 0.879316 0.059714
v 0.699138 0.872247 0.039488
v 0.700419 0.860961 0.007879
v 0.692704 0.870427 0.013542
v 0.696253 0.855666 -0.022788
v 0.697606 0.846470 -0.042586
v 0.683616 0.865285 -0.020461
v 0.660300 0.857334 -0.040244
v 0.665454 0.874633 -0.023332
v 0.674420 0.849785 -0.047556
v 0.658538 0.828480 -0.077912
v 0.678845 0.824588 -0.085106
v 0.692500 0.822515 -0.091903
v 0.701227 0.815566 -0.109740
v 0.708328 0.801822 -0.118348
v 0.698491 0.809336 -0.126648
v 0.721454 0.793121 -0.111810
v 0.732797 0.793344 -0.121609
v 0.745941 0.791264 -0.130183
v 0.764472 0.788091 -0.142673
v 0.772224 0.797699 -0.160666
v 0.776208 0.786398 -0.176880
v 0.760134 0.788968 -0.128271
v 0.746082 0.782855 -0.105715
v 0.731447 0.787380 -0.102925
v 0.756149 0.795144 -0.098995
v 0.741810 0.802493 -0.095524
v 0.751501 0.812205 -0.102935
v 0.766262 0.792357 -0.106912
v 0.758251 0.778901 -0.111016
v 0.772001 0.781690 -0.114399
v 0.791374 0.772029 -0.137298
v 0.766053 0.778753 -0.120752
v 0.774910 0.775487 -0.126078
v 0.780668 0.771583 -0.136130
v 0.784304 0.770836 -0.145883
v 0.790243 0.770931 -0.162295
v 0.798411 0.770000 -0.187624
v 0.783629 0.775395 -0.178387
v 0.787063 0.778740 -0.197160
v 0.800711 0.758380 -0.186247
v 0.794410 0.762633 -0.165484
v 0.793680 0.785134 -0.132473
v 0.778870 0.787371 -0.119387
v 0.730909 0.797523 -0.138220
v 0.707400 0.804201 -0.148304
v 0.719530 0.800790 -0.166875
v 0.729738 0.802521 -0.192290
v 0.706442 0.800279 -0.180811
v 0.711455 0.799202 -0.206972
v 0.690138 0.799081 -0.196630
v 0.673062 0.801329 -0.194182
v 0.664806 0.804702 -0.173115
v 0.649753 0.807003 -0.187968
v 0.645626 0.809537 -0.165343
v 0.631735 0.814919 -0.152572
v 0.608503 0.819976 -0.172074
v 0.590181 0.828250 -0.178373
v 0.571916 0.841322 -0.186219
v 0.534818 0.868503 -0.178623
v 0.557373 0.852214 -0.165954
v 0.544474 0.859203 -0.150985
v 0.520900 0.895389 -0.147225
v 0.507828 0.903917 -0.139795
v 0.495856 0.921400 -0.162387
v 0.485881 0.938784 -0.169110
v 0.481947 0.960696 -0.188712
v 0.478530 0.970458 -0.191047
v 0.477458 0.965936 -0.197293
v 0.480530 0.952402 -0.203410
v 0.477647 0.938484 -0.203761
v 0.460497 0.948945 -0.206138
v 0.461307 0.941703 -0.213648
v 0.460702 0.955920 -0.246993
v 0.440267 0.968799 -0.226920
v 0.466580 0.968742 -0.258970
v 0.460056 0.981235 -0.249804
v 0.478312 0.980700 -0.271620
v 0.471474 0.998160 -0.246198
v 0.489687 1.012811 -0.235148
v 0.467245 1.007920 -0.228630
v 0.501259 1.027004 -0.223311
v 0.505200 1.037542 -0.206475
v 0.486984 1.023934 -0.199680
v 0.489330 1.002293 -0.189334
v 0.481870 1.018009 -0.169705
v 0.488076 1.039062 -0.164390
v 0.468809 1.019045 -0.148409
v 0.488007 1.059101 -0.138128
v 0.478955 1.037029 -0.146388
v 0.497959 1.076747 -0.114094
v 0.490546 1.051017 -0.112821
v 0.482510 1.051139 -0.095534
v 0.490700 1.064541 -0.084580
v 0.500409 1.078918 -0.084086
v 0.495015 1.069788 -0.065290
v 0.486376 1.057743 -0.049165
v 0.503469 1.079092 -0.048559
v 0.482022 1.053320 -0.032846
v 0.497994 1.067720 -0.028528
v 0.488261 1.045943 -0.004306
v 0.489323 1.011343 0.011728
v 0.504954 1.009817 0.017557
v 0.494852 0.983557 0.014724
v 0.515759 0.985633 0.025429
v 0.537419 0.986186 0.034190
v 0.538200 0.966678 0.031329
v 0.556794 0.969777 0.035748
v 0.557294 0.949161 0.021740
v 0.574754 0.959681 0.032659
v 0.595021 0.955148 0.035014
v 0.599709 0.943816 0.023079
v 0.622533 0.943630 0.041017
v 0.618947 0.932931 0.021463
v 0.633865 0.924309 0.023045
v 0.657285 0.912566 0.032534
v 0.677761 0.898113 0.039908
v 0.682413 0.888938 0.031712
v 0.666425 0.885815 -0.005087
v 0.662670 0.894614 0.008107
v 0.645327 0.879065 -0.021179
v 0.642766 0.892222 -0.010294
v 0.627926 0.853465 -0.038712
v 0.630569 0.842892 -0.052127
v 0.637250 0.832370 -0.070327
v 0.639361 0.821270 -0.101863
v 0.659060 0.817401 -0.104255
v 0.669970 0.813554 -0.113732
v 0.683332 0.811049 -0.118795
v 0.683763 0.804939 -0.145265
v 0.716387 0.804320 -0.136827
v 0.690209 0.801089 -0.167965
v 0.664568 0.808439 -0.142332
v 0.652781 0.811909 -0.135753
v 0.638053 0.817095 -0.125729
v 0.620066 0.823922 -0.114517
v 0.611898 0.823423 -0.138148
v 0.593709 0.828480 -0.147711
v 0.576331 0.838561 -0.157625
v 0.537033 0.863407 -0.127575
v 0.528977 0.874584 -0.119361
v 0.515211 0.897878 -0.120685
v 0.495680 0.915526 -0.136471
v 0.471874 0.942491 -0.146585
v 0.470021 0.976911 -0.174266
v 0.483169 0.992111 -0.191468
v 0.477745 0.981062 -0.195701
v 0.472055 0.991773 -0.201953
v 0.472519 1.003249 -0.204810
v 0.459464 1.007362 -0.215912
v 0.439543 0.983461 -0.223766
v 0.446194 0.954640 -0.222180
v 0.447407 0.997418 -0.224388
v 0.471806 1.016435 -0.207483
v 0.482628 1.024483 -0.214064
v 0.467956 1.001064 -0.166145
v 0.461697 1.000116 -0.151445
v 0.476148 1.028417 -0.126774
v 0.471915 1.034341 -0.106996
v 0.472047 1.039271 -0.086920
v 0.468146 1.028243 -0.078419
v 0.481466 1.053347 -0.068090
v 0.472991 1.036082 -0.058056
v 0.471548 1.042662 -0.028651
v 0.463435 1.027648 -0.041193
v 0.470703 1.034123 -0.008220
v 0.469952 1.019297 -0.001754
v 0.472140 0.994194 0.003589
v 0.513548 0.966879 0.022285
v 0.514078 0.954259 0.018642
v 0.527190 0.944749 0.018320
v 0.544315 0.931750 0.013790
v 0.579386 0.936216 0.012244
v 0.589042 0.919268 0.005765
v 0.656314 0.904558 0.017337
v 0.635413 0.902169 -0.000524
v 0.627058 0.911143 0.005880
v 0.600475 0.878926 -0.011109
v 0.601834 0.864119 -0.022671
v 0.609351 0.855410 -0.033338
v 0.607355 0.844530 -0.051437
v 0.611525 0.834797 -0.072651
v 0.610521 0.828575 -0.101118
v 0.592728 0.836851 -0.087664
v 0.589768 0.835662 -0.121309
v 0.570999 0.842930 -0.132662
v 0.556779 0.851540 -0.124157
v 0.555570 0.853329 -0.101693
v 0.538110 0.864443 -0.094347
v 0.524422 0.880072 -0.097974
v 0.515821 0.901415 -0.104440
v 0.507055 0.916484 -0.115048
v 0.491921 0.928646 -0.119711
v 0.479574 0.930914 -0.139480
v 0.477807 0.944570 -0.123648
v 0.465478 0.959705 -0.127596
v 0.464920 0.954070 -0.152691
v 0.460910 0.974427 -0.149294
v 0.467444 1.008554 -0.130708
v 0.455534 1.015350 -0.112838
v 0.458586 1.017857 -0.097068
v 0.466382 1.015513 -0.064092
v 0.459717 1.013645 -0.052123
v 0.453475 1.010757 -0.029268
v 0.450161 0.984030 -0.033669
v 0.457109 0.993364 -0.013211
v 0.466806 0.972829 0.001173
v 0.481946 0.953263 0.008559
v 0.494977 0.932112 0.006016
v 0.516178 0.913506 0.000154
v 0.519085 0.926420 0.009552
v 0.541658 0.913589 0.005563
v 0.563603 0.919441 0.007275
v 0.603649 0.912592 0.003958
v 0.585290 0.883978 -0.006514
v 0.574251 0.854854 -0.046704
v 0.585553 0.845159 -0.060697
v 0.576582 0.842635 -0.102788
v 0.567339 0.850370 -0.077342
v 0.552094 0.859444 -0.072171
v 0.536479 0.869657 -0.072848
v 0.527814 0.881153 -0.066034
v 0.519589 0.891260 -0.082290
v 0.507391 0.902486 -0.080497
v 0.495651 0.918646 -0.098590
v 0.476735 0.933968 -0.110803
v 0.462297 0.944597 -0.109211
v 0.463068 0.971086 -0.129181
v 0.461720 0.982066 -0.130664
v 0.463422 0.992903 -0.131850
v 0.447982 0.977247 -0.116392
v 0.454267 0.955025 -0.108553
v 0.448954 0.970222 -0.105771
v 0.460598 0.982604 -0.082849
v 0.448723 0.998981 -0.102935
v 0.461359 1.007990 -0.081348
v 0.461034 0.995874 -0.067605
v 0.451975 0.999402 -0.046630
v 0.456243 0.977485 -0.058774
v 0.451621 0.967500 -0.028311
v 0.459554 0.956846 -0.014599
v 0.462414 0.945762 -0.040342
v 0.466621 0.938346 -0.026702
v 0.474227 0.933910 -0.009786
v 0.496146 0.916196 -0.009554
v 0.505708 0.907369 -0.017447
v 0.522689 0.893992 -0.027388
v 0.535577 0.894039 -0.011984
v 0.554051 0.880450 -0.018037
v 0.564640 0.895092 -0.001406
v 0.562022 0.871053 -0.026836
v 0.576773 0.863742 -0.027635
v 0.555445 0.863910 -0.049726
v 0.538785 0.877384 -0.043397
v 0.521759 0.889201 -0.053860
v 0.477779 0.932202 -0.091029
v 0.467154 0.952724 -0.083359
v 0.459038 0.965028 -0.091930
v 0.465774 0.966381 -0.074156
v 0.476748 0.940472 -0.070041
v 0.489163 0.920400 -0.075195
v 0.481345 0.931458 -0.051929
v 0.499782 0.911158 -0.056907
v 0.488247 0.918543 -0.033034
v 0.511016 0.900490 -0.042677
v 0.470253 0.952460 -0.064372
v 0.678496 0.903180 0.053437
v 0.669486 0.914465 0.056375
v 0.656771 0.925821 0.056780
v 0.637219 0.943658 0.061588
v 0.620198 0.956505 0.061157
v 0.596696 0.962405 0.045095
v 0.602774 0.973925 0.059130
v 0.583344 0.973726 0.044510
v 0.582435 0.987494 0.046375
v 0.552043 0.999172 0.037530
v 0.526735 1.009103 0.027809
v 0.507669 1.027433 0.013023
v 0.516471 1.043850 0.005956
v 0.497533 1.057467 -0.009138
v 0.514942 1.085355 -0.031339
v 0.505164 1.094147 -0.086020
v 0.502843 1.086760 -0.128960
v 0.500554 1.075662 -0.145001
v 0.704571 0.831182 -0.073889
v 0.605268 0.926781 -0.461242
v 0.635681 0.905439 -0.475462
v 0.652604 0.886544 -0.475900
v 0.695073 0.859587 -0.479330
v 0.756247 0.843859 -0.473016
v 0.797090 0.833837 -0.458642
v 0.822520 0.816741 -0.435600
v 0.867593 0.806728 -0.400557
v 0.882944 0.807050 -0.388492
v 0.921548 0.823191 -0.354896
v 0.940747 0.837702 -0.322824
v 0.950593 0.846907 -0.297732
v 0.962960 0.860112 -0.295438
v 0.968605 0.870035 -0.280472
v 0.972667 0.880505 -0.266160
v 0.977277 0.890740 -0.251891
v 0.977397 0.903096 -0.224239
v 0.980584 0.914031 -0.212031
v 0.986040 0.926069 -0.210300
v 0.986099 0.939337 -0.197739
v 0.982364 0.960811 -0.173326
v 0.977271 0.979363 -0.158704
v 0.972009 0.991813 -0.148433
v 0.970638 1.003849 -0.148850
v 0.965593 1.003826 -0.138769
v 0.965593 1.003826 -0.138769
v 0.959454 1.015430 -0.129008
v 0.960394 1.003895 -0.128897
v 0.953580 1.031931 -0.118697
v 0.951134 1.031900 -0.107888
v 0.946733 1.043224 -0.097731
v 0.940463 1.061531 -0.095795
v 0.931611 1.072660 -0.080238
v 0.931889 1.069704 -0.067998
v 0.929395 1.097519 -0.065263
v 0.950882 1.056252 -0.040679
v 0.958969 1.065632 -0.027344
v 0.963141 1.067682 -0.016975
v 0.960596 1.090328 -0.016629
v 0.959766 1.105281 -0.011295
v 0.962738 1.106750 0.000540
v 0.965963 1.114285 0.011006
v 0.969683 1.122086 0.021403
v 0.959701 1.130379 0.010706
v 0.970884 1.141381 0.030887
v 0.961173 1.143394 0.021755
v 0.974276 1.162057 0.037315
v 0.982309 1.180615 0.041122
v 0.988416 1.203494 0.048952
v 1.011883 1.218688 0.066829
v 0.992257 1.218760 0.054667
v 0.999162 1.231576 0.064393
v 1.007522 1.245340 0.072392
v 1.022693 1.249398 0.081687
v 1.028674 1.270398 0.090106
v 1.047278 1.276746 0.104908
v 1.034451 1.291569 0.098503
v 1.045948 1.297801 0.113267
v 1.036274 1.322519 0.117861
v 1.044673 1.322880 0.125067
v 1.043617 1.342302 0.133818
v 1.017216 1.386607 0.145476
v 1.011255 1.404009 0.146576
v 1.001198 1.396477 0.151561
v 0.972091 1.410227 0.163349
v 0.965548 1.437612 0.166117
v 0.951237 1.427919 0.171196
v 0.938856 1.454444 0.175192
v 0.913549 1.459446 0.181668
v 0.894246 1.472239 0.185148
v 0.913596 1.480607 0.178266
v 0.932200 1.473688 0.177077
v 0.957302 1.461038 0.169721
v 0.977281 1.441127 0.161875
v 0.993137 1.417234 0.154955
v 1.033529 1.373412 0.137251
v 1.034386 1.354739 0.129192
v 1.028425 1.346245 0.122057
v 1.022905 1.333224 0.112174
v 1.025643 1.311639 0.101957
v 1.012178 1.295851 0.086787
v 1.006533 1.270114 0.078530
v 0.991195 1.255556 0.066834
v 0.983452 1.242146 0.057611
v 0.974546 1.234186 0.048270
v 0.971800 1.202345 0.040668
v 0.964639 1.184294 0.042421
v 0.951320 1.174571 0.030510
v 0.960884 1.158147 0.029630
v 0.949645 1.150879 0.012384
v 0.955113 1.128730 -0.000863
v 0.992401 1.291709 0.077701
v 1.004155 1.318466 0.089319
v 1.011043 1.333868 0.102249
v 1.010551 1.352860 0.111261
v 1.017403 1.369276 0.122210
v 1.018726 1.388997 0.132338
v 1.021788 1.397653 0.137570
v 1.011241 1.416074 0.140295
v 1.000921 1.424136 0.150825
v 0.987703 1.440559 0.157579
v 0.968326 1.463564 0.166000
v 0.953874 1.476050 0.171845
v 0.943204 1.485180 0.176086
v 0.933599 1.487736 0.177607
v 0.950958 1.493353 0.173114
v 0.967611 1.481001 0.166758
v 0.975345 1.473864 0.162489
v 0.970789 1.481246 0.160257
v 0.982138 1.461851 0.156037
v 0.983930 1.446646 0.149478
v 0.985539 1.432771 0.138788
v 0.976281 1.422847 0.125365
v 0.989203 1.411309 0.124354
v 0.972415 1.403239 0.111612
v 0.965985 1.390757 0.100743
v 0.953645 1.379725 0.086638
v 0.976064 1.368701 0.095306
v 0.951711 1.358914 0.077891
v 0.968380 1.347195 0.082069
v 0.983713 1.320661 0.080807
v 0.990301 1.338980 0.091446
v 0.997405 1.352360 0.101926
v 0.992780 1.380863 0.111088
v 1.006901 1.390124 0.124854
v 1.000192 1.413862 0.131859
v 0.999650 1.432508 0.149993
v 0.984513 1.455146 0.158591
v 0.939452 1.397741 0.094617
v 0.948640 1.409851 0.104386
v 0.956580 1.421758 0.115045
v 0.963833 1.433728 0.125864
v 0.970333 1.448177 0.140072
v 0.967878 1.471236 0.151445
v 0.965311 1.491282 0.162800
v 0.960592 1.489283 0.169729
v 0.959692 1.497936 0.167217
v 0.943070 1.491723 0.173797
v 0.945412 1.492346 0.161447
v 0.932605 1.486300 0.145193
v 0.951373 1.480816 0.147517
v 0.931490 1.473007 0.135041
v 0.943026 1.446725 0.125887
v 0.939753 1.430787 0.114408
v 0.952267 1.454666 0.133836
v 0.955234 1.467259 0.141198
v 0.562695 0.881141 -0.378899
v 0.563196 0.866876 -0.351942
v 0.574339 0.849474 -0.335631
v 0.607670 0.838141 -0.348700
v 0.627739 0.829620 -0.336388
v 0.647907 0.822646 -0.341501
v 0.663581 0.813976 -0.318279
v 0.668131 0.814239 -0.338464
v 0.693433 0.805941 -0.342174
v 0.704719 0.803519 -0.321619
v 0.726295 0.798356 -0.318449
v 0.719348 0.799663 -0.340988
v 0.747677 0.792427 -0.333299
v 0.746397 0.792605 -0.311943
v 0.764566 0.788027 -0.302982
v 0.781194 0.784460 -0.292121
v 0.804648 0.783589 -0.291213
v 0.807659 0.782611 -0.260500
v 0.820365 0.784017 -0.231655
v 0.833919 0.787129 -0.246894
v 0.838064 0.793927 -0.220836
v 0.823998 0.788919 -0.216696
v 0.843082 0.804291 -0.195303
v 0.842988 0.810079 -0.175918
v 0.857341 0.818965 -0.163502
v 0.854914 0.827260 -0.139684
v 0.871802 0.838060 -0.136717
v 0.886149 0.858681 -0.114374
v 0.887876 0.849201 -0.135893
v 0.897826 0.866306 -0.113643
v 0.913624 0.877818 -0.113170
v 0.922488 0.878355 -0.129579
v 0.927714 0.890446 -0.112340
v 0.935594 0.899000 -0.112295
v 0.909179 0.865502 -0.134714
v 0.918433 0.865786 -0.145269
v 0.907764 0.848978 -0.157500
v 0.898104 0.848987 -0.146339
v 0.902457 0.833259 -0.182674
v 0.892554 0.831550 -0.170981
v 0.895043 0.821332 -0.203248
v 0.882499 0.815623 -0.199046
v 0.885371 0.813656 -0.224947
v 0.870074 0.806123 -0.228101
v 0.872042 0.803457 -0.254451
v 0.860457 0.797313 -0.269126
v 0.848688 0.792507 -0.290522
v 0.827124 0.787104 -0.321409
v 0.811405 0.785244 -0.334905
v 0.764783 0.790229 -0.366612
v 0.751719 0.797404 -0.392483
v 0.749382 0.791873 -0.356232
v 0.731390 0.798107 -0.384392
v 0.702491 0.805196 -0.380794
v 0.677732 0.815937 -0.389160
v 0.654677 0.826331 -0.392592
v 0.631712 0.833374 -0.383896
v 0.589922 0.860915 -0.391137
v 0.589233 0.848816 -0.358373
v 0.576301 0.864219 -0.370816
v 0.607445 0.842003 -0.373202
v 0.632159 0.830073 -0.357215
v 0.652273 0.822543 -0.362621
v 0.672324 0.813391 -0.359041
v 0.687479 0.807991 -0.363627
v 0.716970 0.799425 -0.363125
v 0.735037 0.795333 -0.360612
v 0.766561 0.788252 -0.333224
v 0.778844 0.786920 -0.341872
v 0.786222 0.784193 -0.313677
v 0.790981 0.785855 -0.345915
v 0.809416 0.784525 -0.313747
v 0.819733 0.785825 -0.284771
v 0.830371 0.787693 -0.298304
v 0.832801 0.787530 -0.274450
v 0.845469 0.792171 -0.265487
v 0.850135 0.794792 -0.244771
v 0.853053 0.799783 -0.225414
v 0.858373 0.804120 -0.211313
v 0.863422 0.809416 -0.197100
v 0.868585 0.816324 -0.182683
v 0.870508 0.824974 -0.163058
v 0.881640 0.831444 -0.160435
v 0.958806 0.600134 0.124903
v 0.943036 0.626688 0.110852
v 0.969421 0.621220 0.122145
v 0.977847 0.654751 0.113362
v 0.994321 0.654039 0.123416
v 1.005836 0.675590 0.122219
v 1.018281 0.673699 0.129819
v 1.017787 0.692506 0.124655
v 1.024298 0.719963 0.120386
v 1.035150 0.714875 0.129873
v 1.039777 0.738212 0.127078
v 1.047248 0.743960 0.133837
v 1.044270 0.782605 0.134297
v 1.035133 0.772497 0.138216
v 1.033420 0.808751 0.138810
v 1.026827 0.821654 0.141461
v 1.017662 0.798773 0.144908
v 1.019463 0.834621 0.144437
v 1.006532 0.818479 0.149342
v 1.010370 0.841689 0.148069
v 0.998301 0.831500 0.152685
v 1.001814 0.854720 0.151574
v 0.992738 0.867759 0.155330
v 0.980354 0.857484 0.160130
v 0.983220 0.880761 0.159307
v 0.970754 0.870391 0.164179
v 0.973319 0.893670 0.163489
v 0.960795 0.883197 0.168425
v 0.963090 0.906458 0.167843
v 0.950531 0.895887 0.172836
v 0.952583 0.919110 0.172346
v 0.939999 0.908451 0.177396
v 0.941828 0.931620 0.176985
v 0.917542 0.921732 0.186998
v 0.930851 0.943987 0.181748
v 0.906448 0.933949 0.191887
v 0.918955 0.944729 0.186765
v 0.895170 0.946048 0.196874
v 0.907685 0.956878 0.191705
v 0.883729 0.958044 0.201944
v 0.896245 0.968910 0.196734
v 0.872143 0.969946 0.207085
v 0.884655 0.980842 0.201839
v 0.860433 0.981769 0.212291
v 0.872936 0.992688 0.207009
v 0.861110 1.004466 0.212233
v 0.848898 1.004812 0.217533
v 0.849306 1.021701 0.217495
v 0.836973 1.016511 0.222821
v 0.824808 1.022444 0.228173
v 0.837304 1.033392 0.222793
v 0.825028 1.033771 0.228148
v 0.812803 1.034139 0.233496
v 0.812803 1.034139 0.233496
v 0.824630 1.034925 0.228331
v 0.800803 1.045868 0.238816
v 0.800643 1.034490 0.238832
v 0.813214 1.051215 0.233402
v 0.788836 1.057660 0.244117
v 0.788682 1.046239 0.244143
v 0.800504 1.040284 0.238923
v 0.801283 1.062708 0.238669
v 0.789310 1.080128 0.243966
v 0.777178 1.080610 0.249299
v 0.765451 1.098854 0.254475
v 0.753567 1.099475 0.259713
v 0.741867 1.100174 0.264875
v 0.753991 1.122948 0.259520
v 0.730476 1.112847 0.269905
v 0.719399 1.119649 0.274801
v 0.730708 1.137035 0.269789
v 0.707899 1.145395 0.279883
v 0.719257 1.150457 0.274846
v 0.707884 1.164327 0.279884
v 0.691983 1.167026 0.286957
v 0.696739 1.178735 0.284841
v 0.674028 1.198390 0.295028
v 0.686265 1.193623 0.289528
v 0.673400 1.216769 0.295297
v 0.659178 1.212328 0.301765
v 0.672856 1.236359 0.295484
v 0.655175 1.235550 0.302078
v 0.663174 1.248734 0.299733
v 0.837178 1.035407 0.222862
v 0.849620 1.033005 0.217436
v 0.675119 1.288671 0.274447
v 0.677483 1.304992 0.270749
v 0.679663 1.325730 0.263024
v 0.685785 1.307156 0.245218
v 0.692282 1.328779 0.242619
v 0.708082 1.326158 0.213979
v 0.717751 1.348320 0.204787
v 0.672719 1.282537 0.289466
v 0.862422 1.158651 -0.028640
v 0.858343 1.153775 -0.024034
v 0.870512 1.154755 -0.018254
v 0.867249 1.156265 -0.012433
v 0.858612 1.161802 -0.022699
v 0.677022 0.885042 0.133986
v 0.635775 1.177781 0.308564
v 0.635972 1.174972 0.309134
v 0.636068 1.174706 0.311854
v 0.637181 1.176301 0.311733
v 0.636611 1.176581 0.311928
v 0.636699 1.178348 0.311836
v 0.635546 1.178299 0.310809
v 0.636266 1.180579 0.311944
v 0.635719 1.183011 0.310311
vn 0.2600 -0.9337 0.2462
vn 0.1431 -0.9247 0.3529
vn 0.3334 -0.8638 0.3778
vn 0.3822 -0.8800 0.2819
vn 0.0155 -0.9585 0.2846
vn 0.0894 -0.9850 0.1477
vn 0.0981 0.0601 -0.9934
vn -0.1971 -0.4857 -0.8516
vn 0.0408 -0.5370 -0.8426
vn -0.3237 -0.2231 -0.9195
vn -0.9254 0.3485 0.1490
vn -0.9747 0.1003 0.1997
vn -0.9966 -0.0452 -0.0687
vn -0.9957 -0.0603 -0.0702
vn -0.9762 0.0399 -0.2133
vn -0.8323 0.4174 -0.3648
vn -0.4911 0.8061 -0.3301
vn -0.6481 0.2920 0.7033
vn 0.4201 0.2448 0.8738
vn 0.0492 0.9982 -0.0355
vn -0.0401 0.9339 -0.3553
vn 0.6434 0.7637 0.0526
vn -0.2329 0.8529 0.4673
vn -0.4656 0.0153 0.8849
vn -0.3625 -0.7718 -0.5223
vn -0.3798 -0.7349 -0.5619
vn -0.7594 -0.4469 -0.4728
vn -0.7248 -0.5336 -0.4358
vn -0.9146 -0.1856 -0.3592
vn -0.9988 -0.0061 0.0476
vn -0.1122 -0.7872 -0.6064
vn -0.7076 0.4442 0.5496
vn -0.8071 0.3912 0.4423
vn -0.9511 -0.1960 -0.2386
vn -0.6260 -0.1118 0.7718
vn -0.4012 0.8415 0.3619
vn -0.3189 -0.5181 0.7936
vn -0.7408 0.6703 0.0442
vn -0.7943 0.5571 -0.2423
vn -0.4910 0.7825 -0.3829
vn -0.5425 0.3813 -0.7485
vn 0.1766 0.4120 -0.8939
vn -0.0243 0.6869 -0.7263
vn -0.8391 0.1213 -0.5302
vn -0.2621 0.4625 -0.8470
vn -0.4107 0.7248 -0.5532
vn -0.0844 0.9798 -0.1815
vn -0.0569 0.7970 -0.6013
vn 0.4020 0.8672 -0.2939
vn -0.2616 0.9246 -0.2770
vn -0.2405 0.9706 -0.0059
vn -0.3951 0.8232 -0.4078
vn -0.4787 0.8260 -0.2976
vn -0.0981 0.9946 0.0334
vn -0.7354 0.6693 0.1061
vn -0.8370 0.5152 -0.1843
vn -0.7871 0.5857 -0.1935
vn -0.6409 0.7468 -0.1775
vn -0.5688 0.8133 -0.1223
vn -0.5227 0.8522 -0.0238
vn -0.6690 -0.2475 0.7008
vn -0.8887 -0.2302 0.3965
vn -0.9705 -0.1303 0.2029
vn -0.7117 0.6100 0.3485
vn -0.8664 0.2632 0.4243
vn 0.1855 0.0708 0.9801
vn 0.2888 -0.0054 0.9574
vn -0.4067 -0.5364 -0.7395
vn -0.7431 0.0555 -0.6669
vn -0.7887 -0.2503 -0.5616
vn -0.6728 -0.3059 -0.6736
vn -0.2799 -0.2554 -0.9254
vn -0.2488 -0.3483 -0.9037
vn -0.0013 0.3650 -0.9310
vn 0.0194 0.2094 -0.9776
vn 0.0808 0.1977 -0.9769
vn 0.1976 0.3870 -0.9007
vn 0.0067 0.6020 -0.7984
vn -0.2350 0.4788 -0.8459
vn -0.6249 -0.6729 0.3960
vn -0.5324 -0.4056 0.7430
vn -0.4196 -0.7028 0.5744
vn -0.5153 -0.7823 0.3498
vn -0.9796 -0.1908 0.0634
vn -0.8633 0.0215 -0.5042
vn -0.7621 -0.3429 -0.5492
vn -0.8332 -0.1234 0.5391
vn -0.8798 -0.2654 0.3943
vn -0.9517 0.2762 -0.1341
vn -0.7745 -0.5786 -0.2557
vn -0.8582 -0.3320 -0.3915
vn -0.9236 -0.3793 0.0554
vn -0.8115 -0.4693 -0.3482
vn -0.7276 -0.4552 -0.5131
vn -0.9865 -0.0715 -0.1475
vn -0.8587 0.1475 0.4907
vn -0.9780 -0.0056 0.2086
vn -0.9315 0.2276 0.2838
vn -0.9518 0.0599 0.3007
vn -0.5504 0.1534 0.8207
vn -0.6794 0.0191 0.7336
vn -0.8980 -0.1885 0.3976
vn -0.0013 0.6389 0.7693
vn 0.2304 0.1650 0.9590
vn -0.5238 0.3861 0.7593
vn -0.6695 0.5290 0.5215
vn -0.1217 0.9148 0.3851
vn -0.0256 0.8909 0.4535
vn 0.6329 0.4903 0.5992
vn 0.7010 0.0684 0.7099
vn 0.6719 0.1236 0.7303
vn 0.4311 -0.0582 0.9004
vn 0.5293 -0.2219 0.8189
vn 0.7941 0.3482 -0.4983
vn 0.6018 0.3438 -0.7209
vn 0.3898 0.4664 -0.7941
vn 0.6694 0.4565 -0.5861
vn 0.7944 0.4727 -0.3814
vn 0.7975 0.4459 -0.4065
vn -0.4662 0.8263 0.3159
vn -0.9315 -0.1065 -0.3477
vn -0.8977 -0.1695 0.4067
vn 0.2780 0.4374 -0.8552
vn -0.1592 -0.9709 0.1788
vn -0.3106 -0.9429 0.1198
vn -0.4478 -0.8686 0.2123
vn -0.5698 -0.8172 0.0865
vn -0.6733 -0.7245 0.1475
vn -0.8662 -0.4989 0.0288
vn -0.9697 -0.2402 -0.0443
vn -0.7488 -0.4143 0.5173
vn -0.8387 0.2491 0.4843
vn -0.7891 0.3145 0.5276
vn -0.8562 0.0270 0.5160
vn -0.8624 0.0785 0.5001
vn -0.8488 0.2058 0.4871
vn -0.8080 0.3942 0.4378
vn -0.1587 0.9809 -0.1129
vn -0.2878 0.8039 0.5205
vn -0.4943 -0.1408 0.8578
vn -0.7004 0.7077 0.0929
vn -0.8200 -0.5518 -0.1522
vn -0.6438 -0.7411 -0.1908
vn -0.6385 -0.7546 -0.1512
vn -0.9426 -0.3290 -0.0575
vn -0.6074 -0.7876 -0.1036
vn -0.4042 -0.9124 -0.0639
vn -0.4205 -0.9008 -0.1084
vn -0.6299 -0.7476 0.2106
vn -0.7383 -0.6484 -0.1855
vn -0.8885 0.4514 -0.0825
vn -0.2691 0.7636 0.5869
vn 0.4415 -0.4066 0.7998
vn -0.6255 -0.5306 0.5721
vn -0.0065 0.7686 -0.6397
vn 0.0512 0.7558 -0.6527
vn -0.5553 0.6164 -0.5584
vn -0.9767 0.1524 0.1512
vn -0.7080 0.4557 -0.5395
vn 0.3134 0.8047 -0.5042
vn -0.0791 0.3703 -0.9255
vn -0.2719 0.4900 -0.8282
vn -0.2150 0.7541 -0.6205
vn -0.7143 0.5207 -0.4676
vn -0.3578 -0.0004 -0.9338
vn 0.1804 0.1165 -0.9767
vn -0.0319 0.1351 -0.9903
vn 0.2910 0.0769 -0.9536
vn -0.0289 0.9420 0.3345
vn 0.0726 0.9666 0.2459
vn 0.1148 0.9178 0.3800
vn -0.0072 0.8917 0.4526
vn -0.1014 0.8824 0.4594
vn -0.1659 0.3752 -0.9120
vn 0.1444 0.8749 -0.4622
vn -0.5370 0.7643 -0.3571
vn -0.0090 0.1619 -0.9868
vn 0.2962 0.6294 -0.7185
vn -0.6070 0.5453 -0.5781
vn -0.3998 0.6569 -0.6393
vn -0.5399 0.5046 -0.6737
vn -0.5433 0.5982 -0.5890
vn 0.1540 0.7892 -0.5945
vn -0.1540 0.9823 -0.1071
vn 0.2863 0.9403 0.1840
vn 0.7252 0.5898 -0.3552
vn -0.7265 -0.5747 0.3768
vn -0.5977 -0.7403 0.3078
vn -0.7453 -0.5130 0.4257
vn -0.7296 -0.6388 0.2440
vn -0.6906 -0.3889 0.6097
vn -0.7634 -0.1990 0.6146
vn -0.7386 -0.5264 0.4212
vn -0.7879 0.5535 0.2698
vn -0.8225 0.5073 0.2569
vn -0.8441 0.4528 0.2871
vn -0.8728 0.2574 0.4148
vn -0.8671 0.4696 -0.1661
vn -0.8016 0.4943 -0.3364
vn -0.7955 0.5566 -0.2396
vn -0.9441 -0.2454 0.2199
vn -0.9733 -0.0691 -0.2187
vn -0.9772 -0.0150 -0.2116
vn -0.9355 -0.3217 0.1464
vn -0.9554 -0.2931 -0.0350
vn -0.9834 -0.1709 -0.0615
vn -0.4336 0.8941 0.1124
vn -0.2584 0.9548 0.1469
vn -0.2806 0.9458 0.1638
vn -0.0240 0.9138 0.4055
vn -0.1591 -0.2173 0.9631
vn -0.3795 -0.7606 0.5268
vn -0.5294 -0.5307 0.6619
vn 0.2295 -0.7261 0.6482
vn 0.0347 -0.8247 0.5645
vn 0.5260 0.6923 -0.4940
vn 0.4997 0.5916 -0.6327
vn 0.3751 0.7270 -0.5752
vn 0.2698 0.7433 -0.6122
vn 0.2717 0.8588 -0.4344
vn 0.2418 0.8349 -0.4944
vn 0.1146 0.7999 -0.5891
vn -0.0796 -0.8590 0.5058
vn 0.0333 -0.9197 0.3911
vn -0.1345 -0.9254 0.3544
vn -0.2646 -0.8825 0.3888
vn -0.1621 -0.8153 0.5559
vn 0.0048 -0.9080 0.4190
vn 0.0311 -0.9813 -0.1899
vn 0.1615 -0.9852 -0.0579
vn -0.0518 -0.9910 0.1232
vn 0.5633 -0.5939 -0.5744
vn 0.4813 -0.6783 -0.5552
vn 0.6359 -0.5396 -0.5518
vn 0.5997 -0.4694 -0.6481
vn 0.4327 -0.4647 -0.7725
vn 0.4149 -0.5471 -0.7269
vn 0.2991 -0.6042 -0.7386
vn 0.3408 -0.7711 -0.5379
vn -0.8600 -0.5104 0.0019
vn -0.6293 -0.7720 0.0891
vn -0.7937 -0.5977 -0.1129
vn -0.8616 -0.4768 0.1741
vn -0.9839 -0.1586 0.0820
vn -0.6782 0.0212 -0.7346
vn -0.6229 0.4964 -0.6046
vn -0.9765 -0.1667 -0.1365
vn -0.7557 -0.1965 -0.6248
vn -0.7537 0.0784 -0.6526
vn -0.8232 0.1597 -0.5448
vn -0.6029 0.0520 -0.7961
vn -0.9741 -0.0159 0.2257
vn -0.9983 -0.0455 -0.0374
vn -0.9837 0.0146 0.1791
vn -0.9767 -0.0832 0.1977
vn -0.9409 -0.1610 0.2978
vn -0.6308 -0.4974 0.5956
vn -0.7023 -0.4763 0.5291
vn -0.6653 -0.5024 0.5522
vn -0.6874 -0.4630 0.5595
vn 0.6027 0.2253 0.7655
vn 0.3161 -0.0464 0.9476
vn 0.5906 0.2197 0.7765
vn -0.4353 -0.1602 -0.8859
vn -0.8485 0.4060 -0.3393
vn -0.5387 -0.6406 -0.5472
vn -0.2108 -0.4308 -0.8775
vn -0.5453 -0.6459 -0.5343
vn -0.7794 -0.0827 0.6210
vn 0.0067 0.1610 -0.9869
vn 0.1885 0.2969 -0.9361
vn 0.0764 0.3686 -0.9265
vn -0.7529 0.2967 -0.5875
vn -0.5071 0.4371 -0.7428
vn -0.4460 0.6524 -0.6128
vn -0.7231 0.4985 -0.4782
vn -0.7517 0.3590 -0.5533
vn -0.8421 0.2436 -0.4812
vn -0.8287 -0.5569 -0.0557
vn -0.7180 -0.6155 -0.3250
vn -0.6796 -0.6974 -0.2273
vn -0.9475 -0.3028 -0.1028
vn -0.9467 -0.2510 -0.2018
vn -0.8983 0.3168 -0.3044
vn -0.9657 0.2418 -0.0946
vn -0.6022 0.7933 0.0893
vn -0.8187 0.4809 0.3139
vn -0.4926 0.2611 0.8302
vn -0.8576 0.1522 0.4913
vn -0.4785 0.3140 0.8200
vn -0.2396 -0.2431 0.9399
vn -0.6524 -0.2039 0.7299
vn -0.9055 -0.3091 -0.2907
vn -0.8248 -0.5456 -0.1485
vn -0.9581 -0.2053 0.1995
vn -0.9918 0.0636 -0.1112
vn -0.9479 0.2492 0.1985
vn -0.8236 0.3110 -0.4743
vn -0.7764 -0.2581 0.5750
vn -0.4567 -0.4535 0.7653
vn -0.2761 0.9610 0.0135
vn -0.3664 0.9303 0.0178
vn -0.2560 0.9593 0.1190
vn -0.1409 0.9824 0.1226
vn -0.1322 0.9848 0.1130
vn -0.1860 0.9824 0.0191
vn -0.3452 0.9384 -0.0152
vn 0.5699 -0.2764 0.7738
vn 0.2811 -0.1287 0.9510
vn 0.4125 0.2603 0.8730
vn 0.7158 -0.1505 0.6819
vn -0.4935 0.7102 -0.5020
vn -0.3204 0.6917 -0.6472
vn -0.1981 0.9772 0.0765
vn -0.8541 -0.2511 0.4555
vn -0.9667 -0.1300 -0.2203
vn -0.5849 -0.7787 -0.2268
vn -0.8763 -0.2436 -0.4157
vn -0.7287 -0.6837 0.0398
vn -0.3006 -0.4912 -0.8175
vn -0.9456 0.0151 -0.3250
vn -0.9983 -0.0429 -0.0390
vn -0.9320 0.2780 -0.2324
vn -0.6698 0.6434 0.3707
vn -0.8417 -0.4808 -0.2457
vn -0.4417 -0.4633 -0.7683
vn -0.4916 -0.0442 -0.8697
vn -0.5115 0.8510 0.1195
vn -0.5837 0.6474 0.4900
vn -0.7947 0.3504 -0.4957
vn -0.2709 0.4272 0.8626
vn -0.7159 0.1971 -0.6698
vn -0.7424 0.1499 -0.6530
vn -0.7543 0.1498 -0.6392
vn -0.7345 0.2341 -0.6370
vn -0.6829 0.2292 -0.6936
vn -0.6807 0.1950 -0.7061
vn -0.7070 0.1831 -0.6831
vn -0.7252 0.1822 -0.6640
vn -0.1939 0.7817 -0.5927
vn -0.3842 0.3896 -0.8370
vn 0.0311 0.7652 -0.6430
vn -0.3210 0.7179 -0.6177
vn -0.0997 0.8106 -0.5771
vn -0.3978 0.7686 -0.5010
vn -0.1596 -0.8918 -0.4233
vn 0.6358 -0.4130 0.6521
vn -0.5533 -0.8055 0.2121
vn 0.7961 0.0143 0.6050
vn 0.7485 0.0306 0.6625
vn 0.3823 -0.0036 0.9240
vn -0.9989 0.0117 -0.0449
vn -0.8496 0.0980 -0.5182
vn -0.6050 -0.3775 -0.7011
vn 0.6998 0.1653 -0.6950
vn 0.7446 0.0895 -0.6615
vn 0.6394 0.1190 -0.7596
vn 0.3740 -0.3865 -0.8430
vn 0.1993 -0.6821 -0.7036
vn 0.2394 -0.2839 -0.9285
vn -0.8103 0.2941 -0.5069
vn -0.7878 0.3475 -0.5085
vn -0.7238 0.3488 -0.5953
vn -0.8578 0.2578 -0.4448
vn -0.8436 0.3138 -0.4357
vn -0.8875 0.3048 -0.3455
vn -0.8208 0.3942 -0.4134
vn -0.8533 0.4037 -0.3299
vn -0.8798 0.4703 0.0693
vn -0.7741 0.5858 0.2399
vn -0.7838 0.4836 -0.3896
vn -0.7895 0.6048 -0.1045
vn -0.2466 0.4727 0.8460
vn -0.4495 0.6513 0.6113
vn -0.7772 0.6131 -0.1416
vn -0.1429 0.4307 0.8911
vn 0.3518 0.0779 0.9328
vn 0.3826 0.0187 0.9237
vn 0.1405 0.1763 0.9743
vn 0.3981 0.0014 0.9173
vn 0.4075 0.0023 0.9132
vn 0.3474 0.0022 0.9377
vn 0.3815 0.0009 0.9244
vn 0.4019 0.0026 0.9157
vn 0.3986 0.0068 0.9171
vn 0.4026 0.0092 0.9153
vn 0.4042 0.0060 0.9146
vn 0.4002 0.0137 0.9163
vn 0.4043 0.0104 0.9146
vn 0.4047 0.0091 0.9144
vn 0.4047 0.0089 0.9144
vn 0.4044 0.0085 0.9145
vn 0.4047 0.0094 0.9144
vn 0.4061 0.0086 0.9138
vn 0.4037 0.0079 0.9148
vn 0.4041 0.0095 0.9147
vn 0.4054 0.0074 0.9141
vn 0.4029 0.0072 0.9152
vn 0.4032 0.0091 0.9151
vn 0.4046 0.0064 0.9145
vn 0.4019 0.0064 0.9157
vn 0.4022 0.0084 0.9155
vn 0.4037 0.0056 0.9149
vn 0.4027 0.0049 0.9153
vn 0.4009 0.0054 0.9161
vn 0.4012 0.0075 0.9160
vn 0.4001 0.0067 0.9164
vn 0.4018 0.0043 0.9157
vn 0.4000 0.0048 0.9165
vn 0.3992 0.0040 0.9169
vn 0.3992 0.0062 0.9169
vn 0.4008 0.0033 0.9161
vn 0.3983 0.0031 0.9172
vn 0.3982 0.0055 0.9173
vn 0.3997 0.0032 0.9166
vn 0.3975 0.0024 0.9176
vn 0.3972 0.0047 0.9177
vn 0.3964 0.0038 0.9181
vn 0.3966 0.0017 0.9180
vn 0.3958 0.0008 0.9183
vn 0.3956 0.0030 0.9184
vn 0.3976 0.0002 0.9175
vn 0.3950 -0.0001 0.9187
vn 0.3948 0.0022 0.9188
vn 0.3969 -0.0000 0.9179
vn 0.3943 -0.0001 0.9190
vn 0.3940 0.0015 0.9191
vn 0.3942 -0.0014 0.9190
vn 0.3934 -0.0014 0.9194
vn 0.3933 0.0006 0.9194
vn 0.3926 -0.0007 0.9197
vn 0.3927 -0.0020 0.9197
vn 0.3920 -0.0019 0.9200
vn 0.3920 -0.0007 0.9200
vn 0.3934 -0.0027 0.9194
vn 0.3913 -0.0023 0.9203
vn 0.3914 -0.0013 0.9202
vn 0.3925 -0.0033 0.9197
vn 0.3918 -0.0030 0.9201
vn 0.3906 -0.0025 0.9206
vn 0.3909 -0.0017 0.9204
vn 0.3909 -0.0034 0.9204
vn 0.3902 -0.0033 0.9207
vn 0.3897 -0.0027 0.9210
vn 0.3903 -0.0020 0.9207
vn 0.3895 -0.0020 0.9210
vn 0.3897 -0.0032 0.9210
vn 0.3890 -0.0023 0.9212
vn 0.3888 -0.0015 0.9213
vn 0.3885 -0.0026 0.9215
vn 0.3888 -0.0036 0.9213
vn 0.3877 -0.0032 0.9218
vn 0.3877 -0.0020 0.9218
vn 0.3881 -0.0013 0.9216
vn 0.3879 -0.0014 0.9217
vn 0.3864 -0.0029 0.9223
vn 0.3858 -0.0019 0.9226
vn 0.3858 -0.0003 0.9226
vn 0.3877 -0.0003 0.9218
vn 0.3846 0.0003 0.9231
vn 0.3870 0.0016 0.9221
vn 0.3838 -0.0013 0.9234
vn 0.3823 -0.0004 0.9240
vn 0.3827 0.0016 0.9239
vn 0.3855 0.0013 0.9227
vn 0.3868 0.0021 0.9222
vn 0.3823 0.0061 0.9240
vn 0.3989 0.0026 0.9170
vn 0.3786 0.0014 0.9256
vn 0.3779 0.0036 0.9258
vn 0.3966 -0.0004 0.9180
vn 0.4729 -0.0014 0.8811
vn 0.8106 -0.1068 0.5757
vn 0.4508 -0.0216 0.8923
vn 0.9494 -0.1667 0.2663
vn 0.5523 -0.0130 0.8335
vn 0.9892 -0.1098 0.0974
vn 0.9087 -0.1954 -0.3690
vn 0.8970 -0.1674 -0.4091
vn 0.8358 -0.2495 -0.4890
vn 0.8155 -0.1943 -0.5452
vn 0.7977 -0.2277 -0.5584
vn 0.7976 -0.2724 -0.5382
vn 0.8095 -0.2682 -0.5222
vn 0.7774 -0.2225 -0.5883
vn 0.7584 -0.2568 -0.5991
vn 0.6618 -0.2582 -0.7038
vn 0.7224 -0.2548 -0.6428
vn 0.5748 -0.2282 -0.7859
vn 0.7110 -0.2987 -0.6366
vn 0.6154 -0.3122 -0.7237
vn 0.3852 -0.2214 -0.8959
vn 0.5094 -0.2884 -0.8108
vn 0.3091 -0.2255 -0.9239
vn 0.2449 -0.2031 -0.9480
vn 0.3546 -0.2571 -0.8990
vn 0.3871 -0.2583 -0.8851
vn 0.3171 -0.2589 -0.9124
vn 0.4189 -0.2852 -0.8621
vn 0.2865 -0.2769 -0.9172
vn 0.3604 -0.3305 -0.8723
vn 0.4037 -0.3390 -0.8498
vn 0.3236 -0.3681 -0.8716
vn 0.1277 -0.3190 -0.9391
vn 0.2489 -0.2987 -0.9213
vn 0.2889 -0.3385 -0.8955
vn 0.2130 -0.3706 -0.9040
vn 0.0776 -0.3386 -0.9377
vn 0.0967 -0.3580 -0.9287
vn -0.0110 -0.3107 -0.9504
vn 0.2200 -0.3310 -0.9176
vn -0.0094 -0.3585 -0.9335
vn -0.0870 -0.3094 -0.9470
vn 0.1399 -0.3486 -0.9268
vn -0.1235 -0.3454 -0.9303
vn -0.1973 -0.3285 -0.9237
vn 0.0527 -0.3540 -0.9338
vn -0.0136 -0.3372 -0.9413
vn -0.2145 -0.3263 -0.9206
vn -0.1712 -0.2989 -0.9388
vn -0.3082 -0.3015 -0.9023
vn -0.2808 -0.2421 -0.9287
vn -0.1223 -0.2309 -0.9653
vn -0.2232 -0.2739 -0.9355
vn -0.2728 -0.2254 -0.9353
vn -0.6516 -0.2488 -0.7166
vn -0.7764 -0.1259 -0.6175
vn -0.1940 -0.2110 -0.9580
vn -0.1048 -0.2619 -0.9594
vn -0.0257 -0.4921 -0.8701
vn -0.1685 -0.8433 -0.5104
vn -0.0989 -0.9841 -0.1474
vn -0.2526 -0.9566 -0.1450
vn -0.3893 -0.9187 -0.0660
vn -0.8051 -0.2922 -0.5162
vn -0.4900 -0.7687 -0.4110
vn -0.7197 -0.1430 -0.6794
vn -0.6435 -0.1389 -0.7527
vn -0.5438 -0.1363 -0.8281
vn -0.5488 -0.2520 -0.7971
vn -0.5780 -0.3167 -0.7521
vn -0.8136 -0.4112 -0.4111
vn -0.7022 -0.4192 -0.5755
vn -0.3463 -0.2817 -0.8948
vn -0.3221 -0.3043 -0.8965
vn -0.2777 -0.3148 -0.9076
vn -0.2998 -0.3195 -0.8989
vn -0.2258 -0.3164 -0.9214
vn -0.0747 -0.3229 -0.9435
vn -0.0213 -0.3150 -0.9488
vn 0.0902 -0.2522 -0.9635
vn 0.3804 -0.3024 -0.8740
vn 0.5429 -0.2667 -0.7963
vn 0.4678 -0.2382 -0.8512
vn 0.3326 -0.2658 -0.9048
vn 0.3803 -0.2124 -0.9002
vn 0.4797 -0.2198 -0.8495
vn 0.7239 -0.2487 -0.6435
vn 0.6103 -0.2254 -0.7594
vn 0.7999 -0.2541 -0.5436
vn 0.8835 -0.2529 -0.3943
vn 0.9302 -0.2047 -0.3046
vn 0.9706 -0.1419 0.1946
vn 0.5338 -0.0205 0.8454
vn 0.4745 -0.0062 0.8802
vn 0.3869 0.0030 0.9221
vn 0.4148 0.0083 0.9099
vn 0.3914 0.0042 0.9202
vn 0.3896 0.0023 0.9210
vn 0.3877 0.0009 0.9218
vn 0.3895 0.0019 0.9210
vn 0.3886 -0.0003 0.9214
vn 0.3893 0.0007 0.9211
vn 0.3893 -0.0001 0.9211
vn 0.3889 -0.0009 0.9213
vn 0.3897 -0.0008 0.9209
vn 0.3897 -0.0014 0.9210
vn 0.3900 -0.0016 0.9208
vn 0.3902 -0.0015 0.9207
vn 0.3902 -0.0014 0.9207
vn 0.3905 -0.0013 0.9206
vn 0.3908 -0.0009 0.9205
vn 0.3912 0.0002 0.9203
vn 0.3917 0.0011 0.9201
vn 0.3926 0.0004 0.9197
vn 0.3922 0.0020 0.9199
vn 0.3930 0.0026 0.9195
vn 0.3937 0.0035 0.9192
vn 0.3944 0.0044 0.9189
vn 0.3952 0.0053 0.9186
vn 0.3961 0.0062 0.9182
vn 0.3971 0.0071 0.9177
vn 0.3982 0.0077 0.9173
vn 0.3993 0.0085 0.9168
vn 0.4004 0.0092 0.9163
vn 0.4017 0.0098 0.9157
vn 0.4029 0.0103 0.9152
vn 0.4042 0.0106 0.9146
vn 0.4056 0.0103 0.9140
vn 0.4067 0.0095 0.9135
vn 0.4069 0.0078 0.9134
vn 0.4090 0.0058 0.9125
vn 0.4080 0.0027 0.9130
vn 0.4087 0.0006 0.9127
vn 0.3399 0.0296 0.9400
vn 0.0602 0.2364 0.9698
vn -0.0504 0.2961 0.9538
vn -0.7191 0.5555 0.4176
vn -0.8566 0.5004 -0.1256
vn -0.4760 0.8636 -0.1659
vn -0.6356 0.5076 -0.5817
vn -0.5870 0.5070 -0.6312
vn -0.7537 0.3022 -0.5836
vn -0.8060 0.3370 -0.4867
vn -0.7775 0.4080 -0.4786
vn -0.7826 0.4330 -0.4473
vn -0.7694 0.4349 -0.4679
vn -0.7937 0.4539 -0.4050
vn -0.7044 0.6003 0.3787
vn -0.2608 0.3401 0.9035
vn -0.3556 0.1726 0.9186
vn -0.0359 0.0262 0.9990
vn 0.3773 0.0254 0.9257
vn 0.4033 0.0216 0.9148
vn 0.4059 0.0145 0.9138
vn 0.4076 0.0103 0.9131
vn 0.4080 0.0070 0.9130
vn 0.4066 0.0056 0.9136
vn 0.4054 0.0047 0.9141
vn 0.4043 0.0040 0.9146
vn 0.4034 0.0035 0.9150
vn 0.4025 0.0029 0.9154
vn 0.4017 0.0025 0.9158
vn 0.4000 0.0019 0.9165
vn 0.3993 0.0019 0.9168
vn 0.3985 0.0012 0.9172
vn 0.3993 0.0004 0.9168
vn 0.3986 -0.0005 0.9171
vn 0.3971 -0.0013 0.9178
vn 0.3960 -0.0013 0.9182
vn 0.3952 -0.0021 0.9186
vn 0.3960 -0.0028 0.9182
vn 0.3943 -0.0032 0.9190
vn 0.3952 -0.0037 0.9186
vn 0.3932 -0.0042 0.9195
vn 0.3923 -0.0043 0.9198
vn 0.3914 -0.0040 0.9202
vn 0.3918 -0.0045 0.9201
vn 0.3906 -0.0039 0.9205
vn 0.3900 -0.0052 0.9208
vn 0.3893 -0.0045 0.9211
vn 0.3898 -0.0042 0.9209
vn 0.3892 -0.0058 0.9211
vn 0.3878 -0.0060 0.9217
vn 0.3878 -0.0045 0.9217
vn 0.3863 -0.0043 0.9224
vn 0.3861 -0.0061 0.9224
vn 0.3849 -0.0038 0.9230
vn 0.3845 -0.0058 0.9231
vn 0.3832 -0.0030 0.9237
vn 0.3825 -0.0053 0.9239
vn 0.3812 -0.0020 0.9245
vn 0.3804 -0.0046 0.9248
vn 0.3794 -0.0008 0.9252
vn 0.3779 -0.0037 0.9258
vn 0.3755 -0.0025 0.9268
vn 0.3756 -0.0005 0.9268
vn 0.3754 -0.0001 0.9268
vn 0.3732 -0.0023 0.9277
vn 0.4028 -0.0060 0.9152
vn 0.3898 -0.0010 0.9209
vn 0.4198 -0.0031 0.9076
vn 0.9533 -0.0927 0.2876
vn 0.9594 -0.0987 0.2641
vn 0.7485 -0.1698 -0.6410
vn 0.7148 -0.1842 -0.6747
vn 0.7146 -0.2228 -0.6631
vn 0.6633 -0.2503 -0.7053
vn 0.5767 -0.2920 -0.7630
vn 0.5073 -0.2904 -0.8114
vn 0.3917 -0.2863 -0.8744
vn 0.2917 -0.2859 -0.9128
vn 0.2272 -0.2934 -0.9286
vn 0.2160 -0.2689 -0.9386
vn 0.1655 -0.3021 -0.9388
vn 0.1171 -0.3221 -0.9394
vn -0.0223 -0.2986 -0.9541
vn 0.0683 -0.2819 -0.9570
vn -0.0657 -0.2832 -0.9568
vn -0.0382 -0.3054 -0.9515
vn 0.0480 -0.3065 -0.9507
vn 0.0563 -0.5368 -0.8418
vn -0.0280 -0.9468 -0.3206
vn -0.0033 -0.9423 -0.3347
vn 0.0783 -0.9839 0.1609
vn 0.0582 -0.7619 0.6451
vn 0.3649 -0.8191 0.4426
vn -0.4034 -0.7077 -0.5801
vn -0.5165 -0.1219 -0.8475
vn -0.3547 -0.9266 -0.1252
vn -0.4944 -0.8461 -0.1992
vn -0.8112 -0.3016 -0.5009
vn 0.5979 -0.5668 0.5668
vn -0.1355 -0.9859 0.0980
vn -0.8170 -0.3513 -0.4573
vn 0.0558 -0.9947 0.0860
vn 0.7260 -0.3488 0.5927
vn 0.8259 -0.1532 0.5427
vn 0.7106 -0.6429 0.2859
vn -0.5727 -0.3731 0.7299
vn -0.8386 -0.1715 -0.5171
vn -0.6846 -0.3268 -0.6516
vn -0.8409 -0.4037 -0.3605
vn -0.7729 -0.3115 -0.5528
vn -0.8425 -0.3102 -0.4404
vn -0.7836 -0.2067 -0.5859
vn -0.7769 -0.0422 -0.6282
vn -0.7244 -0.1271 -0.6775
vn -0.6842 -0.1873 -0.7048
vn -0.7025 -0.2915 -0.6492
vn -0.5854 -0.1982 -0.7862
vn -0.6224 -0.2875 -0.7280
vn -0.5890 -0.2528 -0.7676
vn -0.6390 -0.2981 -0.7091
vn -0.7791 -0.3653 -0.5095
vn -0.6675 -0.3343 -0.6653
vn -0.3576 -0.3005 -0.8842
vn -0.3421 -0.3071 -0.8881
vn -0.4199 -0.2538 -0.8713
vn -0.2651 -0.3657 -0.8922
vn -0.0688 -0.4015 -0.9132
vn 0.1349 -0.4212 -0.8969
vn 0.3570 -0.4958 -0.7917
vn 0.2017 -0.4117 -0.8887
vn 0.1768 -0.3795 -0.9081
vn 0.3149 -0.2845 -0.9055
vn 0.4476 -0.3093 -0.8390
vn 0.5427 -0.2557 -0.8000
vn 0.5175 -0.3066 -0.7989
vn 0.4222 -0.2675 -0.8662
vn 0.3916 -0.2504 -0.8854
vn 0.4511 -0.1953 -0.8709
vn 0.5225 -0.1995 -0.8290
vn 0.5751 -0.1752 -0.7991
vn 0.7257 -0.2310 -0.6480
vn 0.8737 -0.2373 -0.4247
vn 0.7398 -0.2382 -0.6293
vn 0.9414 -0.2214 -0.2543
vn 0.9620 -0.1589 -0.2222
vn 0.9556 -0.1705 -0.2403
vn 0.9396 -0.0896 0.3303
vn 0.9631 -0.0597 -0.2624
vn 0.9244 -0.0376 0.3795
vn 0.8870 0.0162 0.4615
vn 0.4680 0.0028 0.8837
vn 0.4044 0.0027 0.9146
vn 0.5096 0.0152 0.8603
vn 0.3953 0.0035 0.9185
vn 0.3932 0.0018 0.9195
vn 0.4024 0.0026 0.9155
vn 0.3946 0.0009 0.9188
vn 0.3912 0.0016 0.9203
vn 0.3927 0.0007 0.9197
vn 0.3905 0.0003 0.9206
vn 0.3904 -0.0007 0.9206
vn 0.3914 -0.0011 0.9202
vn 0.3903 -0.0014 0.9207
vn 0.3905 -0.0022 0.9206
vn 0.3898 -0.0020 0.9209
vn 0.3899 -0.0014 0.9209
vn 0.3902 -0.0006 0.9207
vn 0.3907 0.0001 0.9205
vn 0.3897 0.0005 0.9210
vn 0.3901 0.0013 0.9208
vn 0.3906 0.0021 0.9205
vn 0.3912 0.0030 0.9203
vn 0.3918 0.0038 0.9201
vn 0.3924 0.0048 0.9198
vn 0.3931 0.0057 0.9195
vn 0.3938 0.0067 0.9192
vn 0.3949 0.0078 0.9187
vn 0.3958 0.0086 0.9183
vn 0.3970 0.0096 0.9178
vn 0.3983 0.0106 0.9172
vn 0.3997 0.0114 0.9166
vn 0.4012 0.0121 0.9159
vn 0.4028 0.0125 0.9152
vn 0.4045 0.0125 0.9144
vn 0.4063 0.0121 0.9137
vn 0.4080 0.0110 0.9129
vn 0.4104 0.0099 0.9118
vn 0.4131 0.0072 0.9107
vn 0.4116 0.0032 0.9114
vn 0.4135 -0.0061 0.9105
vn 0.4078 -0.0118 0.9130
vn 0.0879 0.3372 0.9373
vn -0.4303 0.7264 0.5359
vn -0.1590 0.9234 0.3494
vn -0.4698 0.7970 -0.3796
vn -0.6640 0.3569 -0.6570
vn -0.6857 0.2899 -0.6677
vn -0.7083 0.3026 -0.6377
vn -0.7317 0.3149 -0.6045
vn -0.7679 0.3268 -0.5509
vn -0.7529 0.3760 -0.5401
vn -0.7552 0.3687 -0.5420
vn -0.8095 0.3478 -0.4729
vn -0.8075 0.3223 -0.4941
vn -0.8977 0.4293 -0.0995
vn -0.8538 0.1611 -0.4951
vn -0.9732 0.0365 0.2270
vn -0.7466 0.1728 0.6425
vn 0.3816 0.0484 0.9231
vn 0.3989 0.0377 0.9162
vn 0.4119 0.0188 0.9110
vn 0.4139 0.0143 0.9102
vn 0.4107 0.0116 0.9117
vn 0.4095 0.0082 0.9123
vn 0.4117 0.0074 0.9113
vn 0.4092 0.0048 0.9124
vn 0.4074 0.0038 0.9133
vn 0.4060 0.0032 0.9139
vn 0.4047 0.0024 0.9144
vn 0.4038 0.0020 0.9149
vn 0.4031 0.0018 0.9151
vn 0.4024 0.0013 0.9155
vn 0.4016 0.0013 0.9158
vn 0.4009 0.0013 0.9161
vn 0.4002 0.0008 0.9164
vn 0.4010 -0.0001 0.9161
vn 0.4003 -0.0009 0.9164
vn 0.3995 -0.0011 0.9168
vn 0.3987 -0.0019 0.9171
vn 0.3979 -0.0019 0.9174
vn 0.3970 -0.0032 0.9178
vn 0.3979 -0.0036 0.9174
vn 0.3961 -0.0045 0.9182
vn 0.3952 -0.0049 0.9186
vn 0.3941 -0.0047 0.9191
vn 0.3946 -0.0051 0.9189
vn 0.3931 -0.0047 0.9195
vn 0.3926 -0.0065 0.9197
vn 0.3918 -0.0061 0.9200
vn 0.3920 -0.0054 0.9199
vn 0.3912 -0.0058 0.9203
vn 0.3922 -0.0074 0.9199
vn 0.3909 -0.0082 0.9204
vn 0.3902 -0.0071 0.9207
vn 0.3882 -0.0079 0.9215
vn 0.3864 -0.0079 0.9223
vn 0.3845 -0.0077 0.9231
vn 0.3813 -0.0085 0.9244
vn 0.3787 -0.0080 0.9255
vn 0.3760 -0.0074 0.9266
vn 0.3733 -0.0066 0.9277
vn 0.3705 -0.0061 0.9288
vn 0.3689 -0.0059 0.9295
vn 0.3699 -0.0056 0.9291
vn 0.3766 -0.0082 0.9263
vn 0.3625 0.0037 0.9320
vn 0.9627 -0.1114 0.2464
vn 0.7171 -0.1280 -0.6851
vn 0.6762 -0.1554 -0.7201
vn 0.6428 -0.1994 -0.7396
vn 0.6124 -0.2543 -0.7485
vn 0.5664 -0.2519 -0.7847
vn 0.4994 -0.2712 -0.8228
vn 0.4110 -0.2858 -0.8657
vn 0.3125 -0.2748 -0.9093
vn 0.2866 -0.2980 -0.9105
vn 0.1839 -0.3191 -0.9297
vn 0.2097 -0.3201 -0.9239
vn 0.0869 -0.3023 -0.9492
vn 0.1009 -0.3199 -0.9421
vn 0.1171 -0.3122 -0.9428
vn 0.1200 -0.3590 -0.9256
vn 0.1154 -0.6828 -0.7214
vn -0.1186 -0.9929 -0.0072
vn -0.0355 -0.9372 0.3470
vn 0.1780 -0.7291 0.6609
vn 0.1579 -0.9363 0.3137
vn -0.0453 -0.7268 0.6854
vn -0.0333 -0.3378 0.9406
vn 0.3728 -0.5698 0.7323
vn 0.4975 -0.4654 0.7320
vn 0.6572 -0.3332 0.6761
vn 0.7510 -0.2282 0.6196
vn 0.7853 -0.0691 0.6153
vn -0.6990 -0.4892 0.5216
vn -0.9203 -0.2878 -0.2648
vn -0.8558 -0.1744 -0.4869
vn -0.7752 -0.1836 -0.6044
vn -0.9054 -0.1698 -0.3892
vn -0.8585 -0.2508 -0.4474
vn -0.7987 -0.1736 -0.5762
vn -0.8408 0.0763 -0.5360
vn -0.7306 -0.2597 -0.6314
vn -0.6681 -0.3172 -0.6731
vn -0.6305 -0.2667 -0.7289
vn -0.6014 -0.2735 -0.7507
vn -0.6218 -0.2321 -0.7480
vn -0.6276 -0.2725 -0.7293
vn -0.6466 -0.2605 -0.7170
vn -0.7844 -0.3164 -0.5335
vn -0.7186 -0.1601 -0.6768
vn -0.3808 -0.2418 -0.8925
vn -0.5120 -0.3200 -0.7972
vn -0.3886 -0.2811 -0.8775
vn -0.3973 -0.4073 -0.8224
vn -0.2681 -0.4428 -0.8556
vn -0.2915 -0.5028 -0.8138
vn -0.1351 -0.4871 -0.8628
vn 0.0594 -0.5567 -0.8286
vn -0.1308 -0.6688 -0.7318
vn 0.1335 -0.7903 -0.5980
vn 0.1756 -0.8269 -0.5342
vn 0.1741 -0.8868 -0.4282
vn 0.2233 -0.8401 -0.4943
vn 0.3928 -0.7968 -0.4591
vn 0.4464 -0.7180 -0.5341
vn 0.5709 -0.6042 -0.5560
vn 0.6555 -0.5213 -0.5464
vn 0.6925 -0.4963 -0.5237
vn 0.7602 -0.4073 -0.5062
vn 0.7152 -0.4191 -0.5593
vn 0.7371 -0.3375 -0.5855
vn 0.6468 -0.2436 -0.7227
vn 0.5819 -0.3287 -0.7438
vn 0.5336 -0.2531 -0.8070
vn 0.4627 -0.1856 -0.8669
vn 0.4061 -0.2077 -0.8899
vn 0.4440 -0.1753 -0.8787
vn 0.4732 -0.0751 -0.8778
vn 0.4746 -0.0768 -0.8768
vn 0.6286 -0.1852 -0.7553
vn 0.5209 -0.1591 -0.8387
vn 0.7047 -0.1553 -0.6923
vn 0.9173 -0.1894 -0.3502
vn 0.9578 -0.0579 -0.2814
vn 0.9664 -0.0352 -0.2547
vn 0.9971 -0.0412 -0.0647
vn 0.7838 0.0160 0.6208
vn 0.9970 -0.0335 0.0702
vn 0.4856 -0.0271 0.8738
vn 0.9114 -0.1069 0.3974
vn 0.6291 -0.0189 0.7771
vn 0.4249 0.0033 0.9052
vn 0.5501 0.0113 0.8350
vn 0.4009 0.0004 0.9161
vn 0.4595 0.0063 0.8882
vn 0.3982 0.0010 0.9173
vn 0.3945 -0.0032 0.9189
vn 0.3905 -0.0044 0.9206
vn 0.3887 -0.0028 0.9214
vn 0.3883 -0.0018 0.9215
vn 0.3889 -0.0010 0.9213
vn 0.3891 0.0001 0.9212
vn 0.3879 0.0005 0.9217
vn 0.3884 0.0016 0.9215
vn 0.3891 0.0019 0.9212
vn 0.3895 0.0031 0.9210
vn 0.3900 0.0040 0.9208
vn 0.3904 0.0049 0.9206
vn 0.3910 0.0059 0.9204
vn 0.3916 0.0069 0.9201
vn 0.3922 0.0084 0.9198
vn 0.3931 0.0094 0.9195
vn 0.3943 0.0105 0.9189
vn 0.3955 0.0118 0.9184
vn 0.3970 0.0131 0.9177
vn 0.3987 0.0142 0.9170
vn 0.4006 0.0151 0.9161
vn 0.4028 0.0157 0.9152
vn 0.4055 0.0158 0.9140
vn 0.4077 0.0152 0.9130
vn 0.4105 0.0137 0.9117
vn 0.4141 0.0128 0.9101
vn 0.4180 0.0101 0.9084
vn 0.4197 0.0018 0.9077
vn 0.4296 -0.0107 0.9030
vn 0.4313 -0.0191 0.9020
vn 0.4441 -0.0041 0.8960
vn 0.2365 0.5436 0.8053
vn 0.1151 0.9244 0.3636
vn -0.1505 0.9625 0.2255
vn -0.2232 0.9673 0.1206
vn -0.4437 0.6776 -0.5865
vn -0.4329 0.5785 -0.6913
vn -0.5330 0.4389 -0.7234
vn -0.6087 0.3283 -0.7222
vn -0.6467 0.2977 -0.7023
vn -0.6643 0.2742 -0.6953
vn -0.7107 0.2880 -0.6418
vn -0.7122 0.2965 -0.6363
vn -0.7294 0.3215 -0.6039
vn -0.7914 0.1932 -0.5800
vn -0.8513 0.1996 -0.4853
vn -0.8185 0.1995 -0.5387
vn -0.9064 0.0366 -0.4208
vn -0.9988 0.0004 0.0486
vn -0.9947 0.0540 -0.0870
vn -0.3672 0.1842 0.9117
vn 0.4067 0.0253 0.9132
vn 0.3974 0.0046 0.9176
vn 0.4108 0.0032 0.9117
vn 0.4077 0.0021 0.9131
vn 0.4063 0.0019 0.9138
vn 0.4051 0.0016 0.9143
vn 0.4040 0.0009 0.9148
vn 0.4035 0.0007 0.9150
vn 0.4030 0.0007 0.9152
vn 0.4028 0.0001 0.9153
vn 0.4017 -0.0000 0.9158
vn 0.4020 -0.0016 0.9156
vn 0.4012 -0.0014 0.9160
vn 0.4006 -0.0022 0.9163
vn 0.3999 -0.0026 0.9166
vn 0.3989 -0.0036 0.9170
vn 0.3988 -0.0045 0.9170
vn 0.3981 -0.0046 0.9173
vn 0.3970 -0.0048 0.9178
vn 0.3977 -0.0051 0.9175
vn 0.3961 -0.0051 0.9182
vn 0.3961 -0.0066 0.9182
vn 0.3972 -0.0069 0.9177
vn 0.3959 -0.0075 0.9182
vn 0.3951 -0.0069 0.9186
vn 0.3950 -0.0063 0.9187
vn 0.3943 -0.0068 0.9190
vn 0.3946 -0.0083 0.9188
vn 0.3934 -0.0085 0.9193
vn 0.3917 -0.0098 0.9200
vn 0.3900 -0.0105 0.9208
vn 0.3886 -0.0097 0.9213
vn 0.3868 -0.0099 0.9221
vn 0.3872 -0.0122 0.9219
vn 0.3846 -0.0100 0.9230
vn 0.3847 -0.0126 0.9229
vn 0.3821 -0.0102 0.9241
vn 0.3824 -0.0126 0.9239
vn 0.3800 -0.0125 0.9249
vn 0.3772 -0.0121 0.9260
vn 0.3742 -0.0115 0.9273
vn 0.3711 -0.0107 0.9285
vn 0.3682 -0.0098 0.9297
vn 0.3659 -0.0087 0.9306
vn 0.3653 -0.0069 0.9308
vn 0.3664 -0.0055 0.9304
vn 0.3734 -0.0024 0.9277
vn 0.3629 -0.0036 0.9318
vn 0.3915 0.0102 0.9201
vn 0.9693 -0.1200 0.2146
vn 0.9477 -0.1627 -0.2746
vn 0.6137 -0.1786 -0.7690
vn 0.5904 -0.2145 -0.7781
vn 0.5688 -0.2201 -0.7925
vn 0.5481 -0.2422 -0.8006
vn 0.5298 -0.2628 -0.8064
vn 0.4543 -0.2926 -0.8414
vn 0.4372 -0.3133 -0.8430
vn 0.3327 -0.3420 -0.8788
vn 0.1768 -0.3252 -0.9290
vn 0.1773 -0.4651 -0.8673
vn 0.1565 -0.4557 -0.8763
vn 0.0796 -0.8434 -0.5314
vn 0.0243 -0.9989 -0.0412
vn -0.1866 -0.7265 0.6614
vn -0.1666 -0.6212 0.7657
vn 0.1203 -0.3805 0.9169
vn 0.2319 -0.3670 0.9009
vn 0.1702 -0.4462 0.8786
vn 0.1887 -0.4357 0.8801
vn 0.7099 -0.1629 0.6852
vn 0.6750 0.0188 0.7376
vn 0.6354 0.0833 0.7677
vn -0.1989 -0.3036 0.9318
vn -0.8670 -0.3845 -0.3169
vn -0.7339 -0.2932 -0.6127
vn -0.7246 -0.2937 -0.6235
vn -0.9095 -0.2074 -0.3602
vn -0.8613 -0.2520 -0.4412
vn -0.9169 -0.1976 -0.3469
vn -0.8256 -0.2848 -0.4872
vn -0.7412 -0.1539 -0.6534
vn -0.8064 -0.3165 -0.4996
vn -0.6930 -0.3784 -0.6136
vn -0.7032 -0.2742 -0.6560
vn -0.6791 -0.2838 -0.6770
vn -0.7102 -0.1369 -0.6905
vn -0.7015 -0.2193 -0.6781
vn -0.6798 -0.2102 -0.7027
vn -0.6665 -0.2313 -0.7087
vn -0.7074 -0.2158 -0.6731
vn -0.8158 -0.0660 -0.5746
vn -0.5393 -0.0570 -0.8402
vn -0.5871 -0.3529 -0.7285
vn -0.2605 -0.7514 -0.6062
vn -0.2363 -0.7106 -0.6627
vn -0.1046 -0.8199 -0.5629
vn -0.0700 -0.8132 -0.5778
vn 0.0232 -0.8307 -0.5562
vn -0.0170 -0.8328 -0.5533
vn 0.0432 -0.8687 -0.4935
vn 0.1184 -0.9273 -0.3552
vn 0.2168 -0.9487 -0.2302
vn 0.2575 -0.9326 -0.2530
vn 0.1678 -0.7948 -0.5832
vn 0.3427 -0.8437 -0.4133
vn 0.3314 -0.7337 -0.5932
vn 0.4461 -0.7074 -0.5483
vn 0.5452 -0.6612 -0.5153
vn 0.6767 -0.5627 -0.4749
vn 0.7037 -0.5372 -0.4650
vn 0.7004 -0.5146 -0.4946
vn 0.7890 -0.4958 -0.3628
vn 0.8017 -0.4413 -0.4032
vn 0.7954 -0.3742 -0.4767
vn 0.8062 -0.3372 -0.4862
vn 0.7790 -0.2817 -0.5602
vn 0.6332 -0.2291 -0.7393
vn 0.5785 -0.1774 -0.7962
vn 0.4436 -0.1334 -0.8862
vn 0.4053 -0.1219 -0.9060
vn 0.4978 -0.0194 -0.8671
vn 0.4294 0.0354 -0.9024
vn 0.3224 -0.0297 -0.9461
vn 0.3908 -0.0773 -0.9172
vn 0.6158 -0.0384 -0.7870
vn 0.8634 -0.0766 -0.4986
vn 0.8490 -0.0550 -0.5255
vn 0.9689 -0.0318 -0.2456
vn 0.9723 -0.0091 -0.2337
vn 0.9651 -0.0299 -0.2600
vn 0.9645 0.0267 -0.2629
vn 0.9232 -0.2477 -0.2939
vn 0.9275 -0.2265 -0.2973
vn 0.9912 -0.1324 -0.0076
vn 0.9631 -0.0477 -0.2649
vn 0.9261 -0.0008 0.3772
vn 0.9862 0.0263 0.1635
vn 0.8488 0.0163 0.5285
vn 0.5388 0.0097 0.8424
vn 0.4356 -0.0102 0.9001
vn 0.4054 -0.0140 0.9140
vn 0.3899 -0.0079 0.9208
vn 0.3871 -0.0043 0.9220
vn 0.3842 -0.0035 0.9233
vn 0.3866 -0.0017 0.9222
vn 0.3850 -0.0006 0.9229
vn 0.3870 -0.0000 0.9221
vn 0.3856 0.0009 0.9226
vn 0.3865 0.0021 0.9223
vn 0.3873 0.0022 0.9220
vn 0.3881 0.0034 0.9216
vn 0.3886 0.0036 0.9214
vn 0.3889 0.0049 0.9213
vn 0.3890 0.0057 0.9212
vn 0.3895 0.0068 0.9210
vn 0.3900 0.0078 0.9208
vn 0.3905 0.0093 0.9206
vn 0.3913 0.0109 0.9202
vn 0.3923 0.0127 0.9197
vn 0.3936 0.0145 0.9192
vn 0.3952 0.0162 0.9184
vn 0.3977 0.0172 0.9173
vn 0.3996 0.0191 0.9165
vn 0.4030 0.0195 0.9150
vn 0.4074 0.0207 0.9130
vn 0.4144 0.0194 0.9099
vn 0.4201 0.0163 0.9073
vn 0.4253 0.0104 0.9050
vn 0.4320 -0.0003 0.9019
vn 0.4477 -0.0099 0.8941
vn 0.4954 -0.0206 0.8684
vn 0.4755 0.3129 0.8222
vn 0.3394 0.6375 0.6917
vn 0.3952 0.8512 0.3454
vn 0.1352 0.9694 -0.2048
vn 0.0351 0.8199 -0.5714
vn 0.0268 0.8667 -0.4980
vn -0.2991 0.5972 -0.7442
vn -0.4122 0.4450 -0.7951
vn -0.5507 0.3520 -0.7569
vn -0.5357 0.3317 -0.7766
vn -0.6139 0.2961 -0.7317
vn -0.5436 0.2937 -0.7863
vn -0.6360 0.2586 -0.7271
vn -0.6585 0.1999 -0.7255
vn -0.6608 0.1900 -0.7262
vn -0.6627 0.1687 -0.7297
vn -0.6306 0.2158 -0.7455
vn -0.6827 0.2756 -0.6767
vn -0.6487 0.2509 -0.7185
vn -0.7055 0.2520 -0.6624
vn -0.7506 0.2426 -0.6147
vn -0.7470 0.1811 -0.6397
vn -0.7649 0.1576 -0.6246
vn -0.7720 0.1508 -0.6175
vn -0.7649 0.1645 -0.6228
vn -0.7554 0.1624 -0.6348
vn -0.7884 0.1855 -0.5865
vn -0.8282 0.1596 -0.5372
vn -0.8381 0.2091 -0.5038
vn -0.8302 0.1991 -0.5207
vn -0.8912 0.1976 -0.4083
vn -0.9090 0.1552 -0.3868
vn -0.9519 0.1971 -0.2346
vn -0.9649 0.1421 -0.2210
vn -0.9813 0.1593 -0.1079
vn -0.9582 0.2281 -0.1729
vn -0.9624 0.2072 -0.1755
vn -0.9420 0.0898 -0.3233
vn -0.8978 0.2040 -0.3903
vn -0.9123 0.1740 -0.3707
vn -0.5987 0.1707 0.7826
vn -0.9378 0.2389 0.2519
vn -0.9932 0.1142 0.0216
vn 0.2465 0.0300 0.9687
vn -0.5442 0.0136 0.8388
vn 0.3702 -0.0119 0.9289
vn -0.4436 0.0315 0.8957
vn 0.3884 0.0067 0.9215
vn 0.2495 0.0171 0.9682
vn 0.4008 -0.0056 0.9161
vn 0.4045 -0.0012 0.9145
vn 0.4065 -0.0019 0.9136
vn 0.4060 -0.0012 0.9139
vn 0.4002 0.0001 0.9164
vn 0.4039 -0.0006 0.9148
vn 0.4052 -0.0004 0.9142
vn 0.4044 -0.0002 0.9146
vn 0.4047 -0.0002 0.9145
vn 0.4046 0.0001 0.9145
vn 0.4045 0.0001 0.9146
vn 0.4045 0.0001 0.9145
vn 0.4045 0.0003 0.9145
vn 0.4046 -0.0002 0.9145
vn 0.4043 -0.0003 0.9146
vn 0.4042 0.0002 0.9147
vn 0.4047 0.0001 0.9145
vn 0.4042 -0.0008 0.9147
vn 0.4039 -0.0001 0.9148
vn 0.4048 -0.0009 0.9144
vn 0.4046 -0.0013 0.9145
vn 0.4043 -0.0018 0.9146
vn 0.4039 -0.0011 0.9148
vn 0.4035 -0.0017 0.9150
vn 0.4050 -0.0013 0.9143
vn 0.4042 -0.0023 0.9147
vn 0.4032 -0.0025 0.9151
vn 0.4042 -0.0035 0.9147
vn 0.4037 -0.0041 0.9149
vn 0.4032 -0.0039 0.9151
vn 0.4028 -0.0045 0.9153
vn 0.4051 -0.0043 0.9143
vn 0.4046 -0.0054 0.9145
vn 0.4031 -0.0054 0.9151
vn 0.4024 -0.0055 0.9155
vn 0.4022 -0.0048 0.9155
vn 0.4029 -0.0069 0.9152
vn 0.4016 -0.0064 0.9158
vn 0.4042 -0.0072 0.9146
vn 0.4023 -0.0084 0.9155
vn 0.4009 -0.0078 0.9161
vn 0.4037 -0.0090 0.9148
vn 0.4014 -0.0100 0.9158
vn 0.4000 -0.0092 0.9165
vn 0.4030 -0.0108 0.9151
vn 0.4004 -0.0116 0.9163
vn 0.3988 -0.0105 0.9170
vn 0.4021 -0.0128 0.9155
vn 0.3991 -0.0133 0.9168
vn 0.3974 -0.0138 0.9176
vn 0.3973 -0.0107 0.9176
vn 0.4007 -0.0147 0.9161
vn 0.3955 -0.0151 0.9183
vn 0.3957 -0.0120 0.9183
vn 0.3994 -0.0169 0.9166
vn 0.3971 -0.0168 0.9176
vn 0.3932 -0.0166 0.9193
vn 0.3939 -0.0132 0.9190
vn 0.3954 -0.0205 0.9183
vn 0.3909 -0.0180 0.9203
vn 0.3920 -0.0144 0.9198
vn 0.3923 -0.0223 0.9196
vn 0.3885 -0.0193 0.9213
vn 0.3898 -0.0154 0.9208
vn 0.3893 -0.0240 0.9208
vn 0.3852 -0.0205 0.9226
vn 0.3875 -0.0159 0.9217
vn 0.3859 -0.0256 0.9222
vn 0.3818 -0.0271 0.9239
vn 0.3815 -0.0225 0.9241
vn 0.3847 -0.0168 0.9229
vn 0.3790 -0.0211 0.9251
vn 0.3777 -0.0279 0.9255
vn 0.3749 -0.0212 0.9268
vn 0.3731 -0.0276 0.9274
vn 0.3709 -0.0206 0.9285
vn 0.3680 -0.0272 0.9294
vn 0.3667 -0.0197 0.9301
vn 0.3628 -0.0265 0.9315
vn 0.3623 -0.0184 0.9319
vn 0.3597 -0.0161 0.9329
vn 0.3656 -0.0137 0.9307
vn 0.3568 -0.0249 0.9338
vn 0.3504 -0.0207 0.9364
vn 0.3546 -0.0131 0.9349
vn 0.3410 -0.0145 0.9399
vn 0.3507 -0.0087 0.9364
vn 0.3360 -0.0074 0.9418
vn 0.3470 -0.0034 0.9379
vn 0.3441 0.0016 0.9389
vn 0.3549 0.0009 0.9349
vn 0.3260 -0.0003 0.9454
vn 0.3453 0.0067 0.9385
vn 0.3263 0.0055 0.9452
vn 0.3436 0.0136 0.9390
vn 0.8516 -0.1426 0.5044
vn 0.9484 -0.2577 0.1849
vn 0.5857 -0.2255 -0.7785
vn 0.6421 -0.2228 -0.7336
vn 0.9441 -0.3067 -0.1207
vn 0.5222 -0.2333 -0.8203
vn 0.9852 -0.1556 0.0712
vn 0.5101 -0.2143 -0.8330
vn 0.6557 -0.2847 -0.6993
vn 0.4304 -0.2106 -0.8777
vn 0.4355 -0.2040 -0.8768
vn 0.4320 -0.2039 -0.8785
vn 0.3217 -0.1989 -0.9257
vn 0.3876 -0.2503 -0.8872
vn 0.2453 -0.2051 -0.9475
vn 0.2634 -0.2621 -0.9284
vn 0.0714 -0.9118 -0.4043
vn 0.0443 -0.9934 0.1054
vn -0.1008 -0.1149 0.9882
vn -0.0306 -0.3429 0.9389
vn 0.0932 -0.1592 0.9828
vn 0.1906 -0.2030 0.9605
vn 0.1684 -0.2251 0.9597
vn 0.3788 -0.3691 0.8487
vn 0.5281 -0.3796 0.7596
vn 0.5673 -0.3176 0.7598
vn 0.6493 -0.2526 0.7173
vn 0.6330 -0.1781 0.7534
vn 0.7112 -0.0684 0.6997
vn 0.6457 -0.0771 0.7597
vn 0.6078 -0.0185 0.7939
vn 0.5883 0.0422 0.8076
vn 0.5104 0.0246 0.8596
vn -0.6063 -0.3368 0.7204
vn -0.9063 -0.2791 -0.3173
vn -0.8640 -0.1629 -0.4763
vn -0.7959 -0.2570 -0.5482
vn -0.8631 -0.3038 -0.4034
vn -0.8686 -0.3288 -0.3707
vn -0.8210 -0.3334 -0.4635
vn -0.7962 -0.3844 -0.4673
vn -0.8104 -0.2275 -0.5400
vn -0.7551 -0.1419 -0.6401
vn -0.7436 -0.1629 -0.6485
vn -0.7291 -0.2146 -0.6499
vn -0.7283 -0.2346 -0.6438
vn -0.6598 -0.2445 -0.7106
vn -0.6234 -0.2326 -0.7465
vn -0.6555 -0.4126 -0.6325
vn -0.6409 -0.3213 -0.6972
vn -0.5981 -0.2946 -0.7453
vn -0.2797 -0.7696 -0.5740
vn -0.2203 -0.8067 -0.5484
vn -0.0553 -0.9026 -0.4270
vn 0.0391 -0.9139 -0.4040
vn 0.1016 -0.9026 -0.4183
vn -0.0466 -0.8761 -0.4799
vn 0.0120 -0.8305 -0.5569
vn 0.0683 -0.8017 -0.5938
vn 0.2112 -0.8928 -0.3978
vn 0.2226 -0.8917 -0.3941
vn 0.1767 -0.7137 -0.6778
vn 0.3631 -0.8473 -0.3876
vn 0.4000 -0.8053 -0.4375
vn 0.4616 -0.8153 -0.3495
vn 0.5993 -0.7347 -0.3178
vn 0.7136 -0.6575 -0.2419
vn 0.7734 -0.5636 -0.2903
vn 0.7245 -0.4923 -0.4825
vn 0.7467 -0.4228 -0.5135
vn 0.7570 -0.4197 -0.5008
vn 0.8172 -0.3060 -0.4885
vn 0.8546 -0.3518 -0.3820
vn 0.8415 -0.3341 -0.4245
vn 0.8570 -0.2985 -0.4201
vn 0.8605 -0.2681 -0.4332
vn 0.7676 -0.2400 -0.5943
vn 0.7485 -0.1428 -0.6476
vn 0.6061 -0.0395 -0.7944
vn 0.5647 0.0211 -0.8250
vn 0.4947 -0.0413 -0.8681
vn 0.3078 -0.0354 -0.9508
vn 0.2924 -0.0804 -0.9529
vn 0.3451 -0.0556 -0.9369
vn 0.5063 -0.0451 -0.8612
vn 0.6207 -0.0630 -0.7815
vn 0.5156 -0.0771 -0.8534
vn 0.5946 -0.1025 -0.7975
vn 0.8497 -0.0630 -0.5235
vn 0.7581 -0.0709 -0.6483
vn 0.9774 -0.1353 -0.1625
vn 0.8434 -0.0393 -0.5359
vn 0.9593 -0.0545 -0.2771
vn 0.9576 -0.1724 -0.2307
vn 0.9668 0.0093 -0.2554
vn 0.9920 0.0418 0.1189
vn 0.8206 -0.0082 0.5714
vn 0.9525 -0.0126 0.3044
vn 0.5060 -0.0362 0.8618
vn 0.4848 -0.0145 0.8745
vn 0.3959 -0.0058 0.9183
vn 0.3909 -0.0001 0.9204
vn 0.3839 0.0021 0.9234
vn 0.3853 0.0033 0.9228
vn 0.3859 0.0040 0.9225
vn 0.3868 0.0043 0.9222
vn 0.3874 0.0042 0.9219
vn 0.3878 0.0047 0.9217
vn 0.3879 0.0051 0.9217
vn 0.3878 0.0059 0.9217
vn 0.3877 0.0071 0.9217
vn 0.3875 0.0089 0.9218
vn 0.3881 0.0107 0.9216
vn 0.3886 0.0129 0.9213
vn 0.3903 0.0146 0.9206
vn 0.3909 0.0176 0.9203
vn 0.3934 0.0204 0.9191
vn 0.3977 0.0217 0.9173
vn 0.4034 0.0256 0.9147
vn 0.4170 0.0298 0.9084
vn 0.4260 0.0214 0.9045
vn 0.4390 0.0098 0.8984
vn 0.4540 0.0108 0.8910
vn 0.4739 -0.0039 0.8806
vn 0.5087 0.0313 0.8604
vn 0.5704 0.1580 0.8060
vn 0.6619 0.5352 0.5249
vn 0.5643 0.8145 0.1348
vn 0.2758 0.9429 -0.1867
vn 0.1949 0.9604 -0.1992
vn -0.0330 0.7550 -0.6549
vn -0.0726 0.5163 -0.8534
vn -0.0947 0.4769 -0.8738
vn -0.3669 0.4164 -0.8319
vn -0.4254 0.3354 -0.8406
vn -0.2797 0.3297 -0.9017
vn -0.4577 0.2873 -0.8414
vn -0.5846 0.2673 -0.7660
vn -0.6776 0.2144 -0.7035
vn -0.6011 0.1927 -0.7756
vn -0.6894 0.1756 -0.7028
vn -0.5186 0.1975 -0.8319
vn -0.6077 0.2858 -0.7410
vn -0.5658 0.4074 -0.7169
vn -0.6646 0.4201 -0.6179
vn -0.6865 0.3962 -0.6098
vn -0.6814 0.3884 -0.6204
vn -0.7377 0.3623 -0.5696
vn -0.7817 0.2983 -0.5477
vn -0.7708 0.2145 -0.5999
vn -0.8057 0.2264 -0.5474
vn -0.7700 0.1668 -0.6159
vn -0.7794 0.1564 -0.6067
vn -0.7812 0.1440 -0.6074
vn -0.8672 0.0759 -0.4922
vn -0.9343 0.0236 -0.3556
vn -0.9302 -0.0072 -0.3670
vn -0.8882 0.1005 -0.4484
vn -0.8776 0.0580 -0.4759
vn -0.8903 0.0102 -0.4553
vn -0.9081 0.0798 -0.4110
vn -0.9474 0.1517 0.2819
vn -0.8962 0.3051 0.3222
vn 0.2992 0.0415 0.9533
vn 0.3489 0.0207 0.9369
vn 0.3929 0.0005 0.9196
vn 0.4030 -0.0001 0.9152
vn 0.3914 0.0041 0.9202
vn 0.4040 -0.0001 0.9148
vn 0.4033 0.0003 0.9151
vn 0.4040 0.0002 0.9148
vn 0.4043 0.0002 0.9146
vn 0.4041 0.0006 0.9147
vn 0.4044 0.0005 0.9146
vn 0.4048 0.0006 0.9144
vn 0.4051 0.0007 0.9143
vn 0.4050 0.0001 0.9143
vn 0.4053 0.0005 0.9142
vn 0.4054 0.0001 0.9141
vn 0.4053 -0.0004 0.9142
vn 0.4056 -0.0002 0.9141
vn 0.4061 -0.0017 0.9138
vn 0.4056 -0.0023 0.9140
vn 0.4051 -0.0021 0.9143
vn 0.4048 -0.0028 0.9144
vn 0.4070 -0.0023 0.9134
vn 0.4064 -0.0027 0.9137
vn 0.4058 -0.0036 0.9140
vn 0.4071 -0.0036 0.9134
vn 0.4070 -0.0051 0.9134
vn 0.4058 -0.0059 0.9139
vn 0.4060 -0.0075 0.9139
vn 0.4054 -0.0094 0.9141
vn 0.4048 -0.0114 0.9144
vn 0.4041 -0.0136 0.9146
vn 0.4034 -0.0173 0.9149
vn 0.4017 -0.0200 0.9156
vn 0.3996 -0.0228 0.9164
vn 0.3977 -0.0202 0.9173
vn 0.3975 -0.0255 0.9172
vn 0.3944 -0.0275 0.9185
vn 0.3911 -0.0298 0.9199
vn 0.3868 -0.0321 0.9216
vn 0.3825 -0.0339 0.9233
vn 0.3771 -0.0350 0.9255
vn 0.3720 -0.0348 0.9276
vn 0.3659 -0.0350 0.9300
vn 0.3594 -0.0347 0.9325
vn 0.3522 -0.0332 0.9353
vn 0.3449 -0.0300 0.9381
vn 0.3347 -0.0234 0.9420
vn 0.3225 -0.0135 0.9465
vn 0.3086 -0.0049 0.9512
vn 0.2990 0.0026 0.9542
vn 0.3371 -0.0142 0.9414
vn 0.4038 0.0131 0.9148
vn 0.9716 -0.2293 -0.0588
vn 0.6500 -0.1167 0.7509
vn 0.9641 -0.2433 -0.1064
vn 0.8741 -0.2188 -0.4336
vn 0.0074 -0.9916 -0.1293
vn 0.1184 -0.4910 0.8631
vn -0.0146 -0.0048 0.9999
vn 0.0512 -0.0384 0.9979
vn 0.1428 -0.0785 0.9866
vn 0.1800 -0.1375 0.9740
vn 0.2142 -0.1707 0.9618
vn 0.2403 -0.2134 0.9469
vn 0.2369 -0.2756 0.9316
vn 0.2942 -0.2616 0.9192
vn 0.3534 -0.3015 0.8856
vn 0.4666 -0.3181 0.8253
vn 0.5515 -0.2637 0.7914
vn 0.4864 -0.2393 0.8404
vn 0.5505 -0.2077 0.8086
vn 0.5740 -0.1393 0.8069
vn 0.5877 -0.0736 0.8057
vn 0.5449 -0.0473 0.8372
vn 0.5529 -0.0007 0.8333
vn 0.4402 -0.0123 0.8978
vn -0.9184 -0.3956 0.0014
vn -0.8430 -0.2567 -0.4727
vn -0.7941 -0.1968 -0.5751
vn -0.8122 -0.1747 -0.5566
vn -0.8015 -0.1567 -0.5771
vn -0.9040 -0.3239 -0.2790
vn -0.8917 -0.2787 -0.3568
vn -0.8498 -0.3618 -0.3832
vn -0.7947 -0.1645 -0.5844
vn -0.8098 -0.1381 -0.5703
vn -0.7884 -0.1712 -0.5909
vn -0.7569 -0.2293 -0.6120
vn -0.6974 -0.2265 -0.6800
vn -0.7220 -0.3799 -0.5783
vn -0.6594 -0.4944 -0.5664
vn -0.4710 -0.6514 -0.5949
vn -0.2652 -0.8291 -0.4922
vn -0.3066 -0.8685 -0.3894
vn -0.1026 -0.9389 -0.3285
vn 0.0253 -0.9310 -0.3641
vn -0.0094 -0.9302 -0.3669
vn -0.0688 -0.9571 -0.2816
vn -0.0815 -0.9085 -0.4098
vn -0.2787 -0.8129 -0.5115
vn -0.1802 -0.8299 -0.5279
vn -0.0876 -0.9097 -0.4060
vn 0.0570 -0.9693 -0.2391
vn 0.0238 -0.8237 -0.5665
vn 0.2664 -0.9621 0.0576
vn 0.3664 -0.9226 0.1204
vn 0.4084 -0.9058 0.1133
vn 0.4350 -0.8884 0.1466
vn 0.3198 -0.9129 -0.2535
vn 0.4093 -0.9011 0.1434
vn 0.4922 -0.8636 0.1090
vn 0.5578 -0.8240 0.0997
vn 0.6612 -0.7448 0.0894
vn 0.7608 -0.6488 0.0167
vn 0.7871 -0.6054 -0.1181
vn 0.8810 -0.4709 -0.0461
vn 0.8287 -0.4101 -0.3808
vn 0.8757 -0.2507 -0.4127
vn 0.8021 -0.2512 -0.5419
vn 0.8493 -0.2585 -0.4603
vn 0.9145 -0.2197 -0.3397
vn 0.9116 -0.1768 -0.3711
vn 0.9030 -0.1725 -0.3934
vn 0.8553 -0.1833 -0.4846
vn 0.8455 -0.1317 -0.5175
vn 0.8072 -0.1176 -0.5784
vn 0.6806 -0.0536 -0.7307
vn 0.7469 -0.0415 -0.6637
vn 0.4780 -0.0297 -0.8779
vn 0.3107 -0.0228 -0.9502
vn 0.2560 -0.0372 -0.9660
vn 0.2564 0.0076 -0.9666
vn 0.3361 -0.0337 -0.9412
vn 0.2938 0.0008 -0.9559
vn 0.4421 -0.0645 -0.8947
vn 0.5364 -0.0401 -0.8430
vn 0.2822 -0.0339 -0.9588
vn 0.4717 -0.0288 -0.8813
vn 0.6341 -0.0250 -0.7729
vn 0.6445 0.0256 -0.7641
vn 0.8279 0.0326 -0.5599
vn 0.8067 0.1168 -0.5793
vn 0.9219 0.0478 -0.3845
vn 0.8725 0.1082 -0.4765
vn 0.9174 0.0735 -0.3911
vn 0.8557 0.1281 -0.5013
vn 0.9297 0.0873 -0.3579
vn 0.8782 0.0928 -0.4692
vn 0.9910 0.1048 0.0829
vn 0.4760 0.0269 0.8791
vn 0.4498 0.0181 0.8929
vn 0.4172 0.0119 0.9087
vn 0.3879 0.0064 0.9217
vn 0.3869 0.0063 0.9221
vn 0.3875 0.0061 0.9219
vn 0.3883 0.0050 0.9215
vn 0.3873 0.0040 0.9220
vn 0.3859 0.0053 0.9225
vn 0.3851 0.0070 0.9228
vn 0.3847 0.0093 0.9230
vn 0.3847 0.0118 0.9230
vn 0.3849 0.0147 0.9228
vn 0.3868 0.0185 0.9220
vn 0.3897 0.0254 0.9206
vn 0.3981 0.0304 0.9168
vn 0.4081 0.0349 0.9123
vn 0.4174 0.0407 0.9078
vn 0.4381 0.0421 0.8980
vn 0.4394 0.0269 0.8979
vn 0.4672 0.0340 0.8835
vn 0.4874 0.0748 0.8700
vn 0.5436 0.1042 0.8328
vn 0.6089 0.3352 0.7189
vn 0.3957 0.4821 0.7817
vn 0.2766 0.9453 0.1730
vn 0.1761 0.8191 -0.5459
vn 0.0707 0.5177 -0.8526
vn 0.0612 0.4774 -0.8765
vn 0.0427 0.4552 -0.8893
vn -0.1348 0.4027 -0.9053
vn -0.0188 0.3865 -0.9221
vn -0.0663 0.3928 -0.9172
vn -0.1833 0.3455 -0.9203
vn -0.0680 0.3443 -0.9364
vn -0.2609 0.3005 -0.9174
vn -0.4549 0.2629 -0.8509
vn -0.4776 0.1968 -0.8562
vn -0.4782 0.1609 -0.8634
vn -0.4518 0.2085 -0.8674
vn -0.3126 0.4656 -0.8279
vn -0.3637 0.3785 -0.8512
vn -0.5902 0.6112 -0.5273
vn -0.7194 0.4985 -0.4837
vn -0.7198 0.5420 -0.4338
vn -0.6673 0.4544 -0.5901
vn -0.7102 0.4200 -0.5650
vn -0.7646 0.3784 -0.5217
vn -0.7967 0.3284 -0.5074
vn -0.7997 0.3041 -0.5177
vn -0.8231 0.2746 -0.4971
vn -0.8063 0.2294 -0.5452
vn -0.8538 0.1417 -0.5009
vn -0.9201 0.0475 -0.3888
vn -0.9179 -0.0309 -0.3957
vn -0.9239 0.0162 -0.3822
vn -0.9143 0.0345 -0.4036
vn -0.9114 0.0480 -0.4086
vn -0.8963 0.0634 -0.4388
vn -0.9044 0.1289 -0.4067
vn -0.2298 0.2849 0.9306
vn -0.9744 0.2243 0.0158
vn 0.2869 0.0495 0.9567
vn -0.2537 0.0248 0.9670
vn 0.3003 -0.0139 0.9537
vn 0.4012 0.0010 0.9160
vn 0.3801 -0.0012 0.9249
vn 0.4036 0.0009 0.9149
vn 0.4027 0.0016 0.9153
vn 0.4040 0.0015 0.9147
vn 0.4039 0.0010 0.9148
vn 0.4045 0.0011 0.9145
vn 0.4040 0.0025 0.9148
vn 0.4049 0.0021 0.9144
vn 0.4049 0.0010 0.9144
vn 0.4056 0.0014 0.9141
vn 0.4057 0.0023 0.9140
vn 0.4064 0.0015 0.9137
vn 0.4060 0.0008 0.9139
vn 0.4057 0.0005 0.9140
vn 0.4064 -0.0001 0.9137
vn 0.4072 0.0005 0.9133
vn 0.4078 -0.0006 0.9131
vn 0.4070 -0.0012 0.9134
vn 0.4059 -0.0010 0.9139
vn 0.4082 -0.0018 0.9129
vn 0.4085 -0.0033 0.9128
vn 0.4091 -0.0050 0.9125
vn 0.4094 -0.0071 0.9123
vn 0.4076 -0.0076 0.9131
vn 0.4074 -0.0097 0.9132
vn 0.4095 -0.0096 0.9123
vn 0.4068 -0.0119 0.9134
vn 0.4092 -0.0120 0.9124
vn 0.4060 -0.0142 0.9137
vn 0.4089 -0.0148 0.9125
vn 0.4051 -0.0166 0.9141
vn 0.4079 -0.0177 0.9128
vn 0.4068 -0.0205 0.9133
vn 0.4054 -0.0236 0.9139
vn 0.4033 -0.0271 0.9147
vn 0.4000 -0.0304 0.9160
vn 0.3970 -0.0329 0.9172
vn 0.3930 -0.0358 0.9188
vn 0.3886 -0.0388 0.9206
vn 0.3833 -0.0414 0.9227
vn 0.3771 -0.0435 0.9252
vn 0.3705 -0.0448 0.9278
vn 0.3630 -0.0456 0.9307
vn 0.3548 -0.0455 0.9338
vn 0.3470 -0.0429 0.9369
vn 0.3369 -0.0413 0.9407
vn 0.3256 -0.0348 0.9449
vn 0.3152 -0.0265 0.9487
vn 0.3024 -0.0173 0.9530
vn 0.2890 -0.0061 0.9573
vn 0.2886 0.0165 0.9573
vn 0.6137 -0.0652 0.7868
vn 0.9223 -0.3778 -0.0811
vn 0.7181 -0.6830 0.1338
vn 0.3676 -0.8880 0.2762
vn 0.3990 -0.0876 0.9127
vn 0.2381 0.0559 0.9696
vn 0.1009 0.0639 0.9928
vn 0.2085 0.1032 0.9726
vn 0.1285 0.0015 0.9917
vn 0.1808 -0.0401 0.9827
vn 0.1994 -0.0951 0.9753
vn 0.2277 -0.1384 0.9639
vn 0.2712 -0.1667 0.9480
vn 0.3076 -0.2149 0.9269
vn 0.3495 -0.2473 0.9037
vn 0.4169 -0.2524 0.8732
vn 0.4438 -0.1883 0.8761
vn 0.5087 -0.1732 0.8433
vn 0.5112 -0.1185 0.8513
vn 0.5467 -0.0894 0.8325
vn 0.5128 -0.0223 0.8582
vn 0.5142 0.0031 0.8577
vn 0.4813 0.0008 0.8766
vn -0.3585 -0.2498 0.8995
vn -0.8589 -0.1334 -0.4945
vn -0.8377 -0.2272 -0.4967
vn -0.8456 -0.2103 -0.4907
vn -0.9136 -0.2559 -0.3158
vn -0.8544 -0.3775 -0.3570
vn -0.8738 -0.3978 -0.2798
vn -0.8252 -0.1837 -0.5341
vn -0.8295 -0.1514 -0.5376
vn -0.8234 -0.1433 -0.5490
vn -0.8175 -0.1871 -0.5447
vn -0.8025 -0.2063 -0.5599
vn -0.7858 -0.2002 -0.5852
vn -0.7391 -0.2155 -0.6381
vn -0.7063 -0.2259 -0.6709
vn -0.7402 -0.4492 -0.5003
vn -0.6221 -0.7427 -0.2476
vn -0.5359 -0.8010 -0.2668
vn -0.4750 -0.8378 -0.2693
vn -0.3587 -0.8667 -0.3467
vn -0.1736 -0.9228 -0.3441
vn -0.2751 -0.9363 -0.2183
vn -0.2979 -0.8743 -0.3833
vn -0.3280 -0.8654 -0.3789
vn -0.3195 -0.8679 -0.3803
vn -0.1405 -0.9563 -0.2566
vn -0.1749 -0.8474 -0.5014
vn -0.0152 -0.9998 -0.0097
vn 0.0223 -0.9995 0.0208
vn 0.0857 -0.9944 0.0620
vn 0.4057 -0.8697 0.2810
vn 0.4186 -0.8627 0.2836
vn 0.4732 -0.8456 0.2473
vn 0.5219 -0.8209 0.2320
vn 0.5327 -0.8118 0.2392
vn 0.5920 -0.7694 0.2401
vn 0.6583 -0.7149 0.2359
vn 0.7395 -0.6441 0.1956
vn 0.7403 -0.6160 0.2693
vn 0.8559 -0.4753 0.2036
vn 0.9330 -0.3358 0.1293
vn 0.9476 -0.2992 -0.1118
vn 0.9218 -0.2665 -0.2815
vn 0.8633 -0.2373 -0.4454
vn 0.8152 -0.2363 -0.5287
vn 0.9245 -0.2107 -0.3176
vn 0.9448 -0.1910 -0.2661
vn 0.9076 -0.1848 -0.3769
vn 0.8850 -0.1687 -0.4340
vn 0.9245 -0.0803 -0.3728
vn 0.8705 -0.0479 -0.4898
vn 0.8325 -0.0103 -0.5539
vn 0.6426 0.0099 -0.7662
vn 0.6762 -0.0084 -0.7367
vn 0.4310 0.0001 -0.9024
vn 0.5445 -0.0328 -0.8381
vn 0.2699 0.0448 -0.9618
vn 0.4323 0.0377 -0.9009
vn 0.3374 0.0091 -0.9413
vn 0.1691 0.0146 -0.9855
vn 0.1907 -0.0328 -0.9811
vn 0.2080 -0.0090 -0.9781
vn 0.2063 0.0061 -0.9785
vn 0.4286 0.0674 -0.9010
vn 0.6013 0.1249 -0.7892
vn 0.4529 0.1343 -0.8814
vn 0.5795 0.1426 -0.8024
vn 0.7476 0.1572 -0.6453
vn 0.8047 0.1606 -0.5716
vn 0.8452 0.1229 -0.5201
vn 0.8104 0.1660 -0.5618
vn 0.7972 0.1543 -0.5836
vn 0.9547 0.1187 0.2727
vn 0.9702 0.1474 -0.1921
vn 0.6326 0.0547 0.7725
vn 0.6084 0.0308 0.7930
vn 0.4172 0.0088 0.9088
vn 0.4555 0.0278 0.8898
vn 0.4069 0.0156 0.9133
vn 0.3888 0.0045 0.9213
vn 0.3870 0.0020 0.9221
vn 0.3835 0.0035 0.9235
vn 0.3811 0.0066 0.9245
vn 0.3806 0.0098 0.9247
vn 0.3804 0.0129 0.9247
vn 0.3801 0.0164 0.9248
vn 0.3803 0.0205 0.9246
vn 0.3832 0.0264 0.9233
vn 0.3863 0.0310 0.9219
vn 0.3917 0.0363 0.9194
vn 0.3946 0.0532 0.9173
vn 0.4058 0.0435 0.9129
vn 0.4116 0.0536 0.9098
vn 0.4273 0.0593 0.9022
vn 0.4541 0.0633 0.8887
vn 0.4961 0.1572 0.8539
vn 0.4507 0.2357 0.8610
vn 0.2750 0.3065 0.9113
vn 0.2303 0.7202 0.6544
vn 0.2468 0.9680 -0.0449
vn 0.1298 0.9825 -0.1337
vn 0.1702 0.7159 -0.6771
vn 0.0969 0.4840 -0.8697
vn 0.1055 0.4796 -0.8711
vn 0.0788 0.4680 -0.8802
vn 0.0037 0.4277 -0.9039
vn 0.0086 0.4132 -0.9106
vn -0.0460 0.3098 -0.9497
vn -0.0507 0.3068 -0.9504
vn -0.0331 0.2996 -0.9535
vn -0.2348 0.2646 -0.9353
vn 0.0127 0.2846 -0.9586
vn -0.2885 0.2112 -0.9339
vn -0.0529 0.2452 -0.9680
vn -0.0214 0.2945 -0.9554
vn -0.0765 0.1996 -0.9769
vn 0.1251 0.3089 -0.9428
vn 0.1916 0.2760 -0.9419
vn -0.0423 0.1554 -0.9869
vn 0.2925 0.2631 -0.9194
vn 0.4067 0.3257 -0.8535
vn -0.0752 0.0774 -0.9942
vn 0.0666 0.1933 -0.9789
vn 0.4109 0.4413 -0.7977
vn 0.4166 0.5523 -0.7221
vn 0.4798 0.6581 -0.5802
vn 0.4329 0.4252 -0.7949
vn 0.6254 0.5292 -0.5734
vn 0.5967 0.6065 -0.5254
vn 0.5263 0.4279 -0.7348
vn 0.6450 0.5536 -0.5267
vn 0.7085 0.5374 -0.4575
vn 0.6303 0.5672 -0.5302
vn 0.7411 0.4631 -0.4861
vn 0.7135 0.5649 -0.4145
vn 0.5967 0.6785 -0.4285
vn 0.7684 0.4797 -0.4236
vn 0.7782 0.5028 -0.3764
vn 0.7141 0.5035 -0.4864
vn 0.6446 0.6178 -0.4502
vn 0.7824 0.4821 -0.3943
vn 0.4029 0.3263 -0.8551
vn 0.2696 0.3348 -0.9029
vn 0.1381 0.4307 -0.8919
vn 0.4623 0.8053 -0.3712
vn 0.3094 0.6999 -0.6437
vn 0.5448 0.5510 -0.6321
vn 0.7537 0.5748 -0.3186
vn 0.6353 0.7722 -0.0130
vn 0.7746 0.2129 -0.5955
vn 0.8635 0.3446 -0.3683
vn 0.8810 0.4728 0.0145
vn 0.7888 0.6138 0.0321
vn 0.8014 0.5724 0.1736
vn 0.8511 0.4849 0.2014
vn 0.8909 0.4291 0.1489
vn 0.8751 0.4376 0.2067
vn 0.8583 0.4516 0.2436
vn 0.9085 0.3635 0.2063
vn 0.8910 0.3820 0.2453
vn 0.9419 0.2825 0.1815
vn 0.9269 0.2817 0.2481
vn 0.8835 0.3433 0.3187
vn 0.8846 0.2862 0.3681
vn 0.9431 0.1634 0.2896
vn 0.9164 0.1863 0.3543
vn 0.8919 0.2214 0.3942
vn 0.9016 0.1649 0.3999
vn 0.8959 0.1988 0.3972
vn 0.8958 0.2036 0.3952
vn 0.8938 0.1652 0.4170
vn 0.9042 0.1799 0.3875
vn 0.9004 0.1972 0.3879
vn 0.9029 0.1883 0.3863
vn 0.9013 0.1963 0.3863
vn 0.8940 0.1541 0.4206
vn 0.9059 0.1700 0.3879
vn 0.9121 0.1622 0.3764
vn 0.9213 0.1168 0.3708
vn 0.9069 0.1614 0.3892
vn 0.9266 0.1131 0.3586
vn 0.9136 0.0930 0.3960
vn 0.9275 0.0828 0.3646
vn 0.9398 0.0632 0.3358
vn 0.9466 0.0268 0.3213
vn 0.9412 0.0751 0.3294
vn 0.9357 0.0082 0.3526
vn 0.9492 -0.0027 0.3148
vn 0.9454 0.0132 0.3257
vn 0.9453 -0.0415 0.3235
vn 0.9455 -0.0494 0.3219
vn 0.9529 -0.0353 0.3013
vn 0.9248 -0.1529 0.3483
vn 0.9603 -0.1334 0.2449
vn 0.8942 -0.2755 0.3528
vn 0.8978 -0.2800 0.3398
vn 0.9501 -0.2640 0.1662
vn 0.8647 -0.3777 0.3310
vn 0.8642 -0.3904 0.3173
vn 0.9267 -0.3466 0.1454
vn 0.7701 -0.5891 0.2450
vn 0.8382 -0.5392 0.0821
vn 0.8240 -0.5647 0.0471
vn 0.8416 -0.5400 -0.0119
vn 0.7664 -0.6110 0.1983
vn 0.8580 -0.5137 -0.0017
vn 0.8437 -0.5361 0.0283
vn 0.8115 -0.5623 0.1589
vn 0.8567 -0.5142 0.0421
vn 0.8273 -0.5533 0.0974
vn 0.8684 -0.4957 0.0118
vn 0.8397 -0.5315 -0.1116
vn 0.7860 -0.6122 0.0864
vn 0.8137 -0.5813 0.0085
vn 0.7087 -0.7031 -0.0586
vn 0.7508 -0.6196 -0.2290
vn 0.6842 -0.7061 -0.1827
vn 0.6103 -0.7863 -0.0962
vn 0.6445 -0.6860 -0.3376
vn 0.5559 -0.7711 -0.3105
vn 0.4837 -0.8352 -0.2618
vn 0.4824 -0.6714 -0.5626
vn 0.3587 -0.7870 -0.5019
vn 0.3094 -0.8331 -0.4584
vn 0.1967 -0.7500 -0.6315
vn 0.2969 -0.6957 -0.6541
vn 0.2522 -0.6706 -0.6976
vn 0.1834 -0.8653 -0.4666
vn 0.1711 -0.6832 -0.7099
vn 0.1087 -0.7273 -0.6776
vn 0.0858 -0.6978 -0.7111
vn 0.0647 -0.7447 -0.6642
vn 0.0796 -0.6896 -0.7199
vn 0.0748 -0.6952 -0.7149
vn 0.0444 -0.6584 -0.7513
vn -0.0376 -0.6654 -0.7455
vn -0.0849 -0.5301 -0.8437
vn -0.1351 -0.6423 -0.7544
vn -0.2357 -0.5500 -0.8013
vn -0.1819 -0.3898 -0.9028
vn -0.4238 -0.5393 -0.7277
vn -0.3806 -0.4401 -0.8133
vn -0.2480 -0.2810 -0.9271
vn -0.5248 -0.4599 -0.7163
vn -0.4396 -0.2945 -0.8485
vn -0.5926 -0.3721 -0.7144
vn -0.5638 -0.4269 -0.7071
vn -0.6210 -0.3380 -0.7072
vn -0.6523 -0.2790 -0.7047
vn -0.5791 -0.2150 -0.7864
vn -0.7162 -0.1820 -0.6738
vn -0.6880 -0.2370 -0.6860
vn -0.7283 -0.1293 -0.6730
vn -0.7587 -0.0234 -0.6510
vn -0.6621 -0.0701 -0.7462
vn -0.5253 0.0562 -0.8491
vn -0.4488 -0.0872 -0.8894
vn -0.3089 -0.0648 -0.9489
vn -0.2040 -0.1253 -0.9709
vn -0.1267 -0.2364 -0.9634
vn -0.0642 -0.3284 -0.9423
vn -0.0453 -0.3723 -0.9270
vn 0.0044 -0.4618 -0.8870
vn 0.0847 -0.5969 -0.7979
vn 0.1643 -0.6257 -0.7626
vn 0.1234 -0.6654 -0.7363
vn 0.2015 -0.6254 -0.7539
vn 0.2561 -0.6295 -0.7336
vn 0.3549 -0.6392 -0.6823
vn 0.5390 -0.6149 -0.5757
vn 0.6650 -0.6451 -0.3762
vn 0.6606 -0.5778 -0.4794
vn 0.7614 -0.5757 -0.2981
vn 0.7858 -0.5731 -0.2324
vn 0.8159 -0.5484 -0.1830
vn 0.8457 -0.5158 -0.1368
vn 0.8423 -0.5353 -0.0636
vn 0.8438 -0.5366 -0.0068
vn 0.8930 -0.4500 0.0083
vn 0.9468 -0.3204 0.0300
vn 0.9858 -0.1499 0.0758
vn 0.9898 -0.0428 0.1362
vn 0.9719 -0.0032 0.2356
vn 0.9691 0.0241 0.2453
vn 0.9473 0.0845 0.3090
vn 0.9427 0.1326 0.3060
vn 0.9218 0.1422 0.3607
vn 0.9138 0.1658 0.3709
vn 0.9007 0.1846 0.3932
vn 0.8994 0.1886 0.3943
vn 0.9057 0.1876 0.3801
vn 0.8764 0.2526 0.4101
vn 0.8816 0.2283 0.4132
vn 0.8358 0.3265 0.4414
vn 0.8408 0.3057 0.4468
vn 0.8011 0.3801 0.4623
vn 0.8318 0.3567 0.4254
vn 0.8030 0.3979 0.4437
vn 0.8432 0.4000 0.3592
vn 0.7908 0.4435 0.4219
vn 0.8277 0.4594 0.3224
vn 0.8072 0.5095 0.2981
vn 0.7715 0.5719 0.2788
vn 0.7323 0.6394 0.2343
vn 0.7231 0.6837 0.0989
vn 0.6777 0.6789 0.2824
vn 0.5898 0.7821 0.2010
vn 0.5105 0.8416 0.1762
vn 0.4174 0.9004 0.1224
vn 0.3179 0.9446 0.0823
vn -0.0142 0.9975 -0.0692
vn 0.2369 0.9711 -0.0290
vn -0.3961 0.4504 -0.8002
vn -0.5617 0.0128 -0.8273
vn 0.0721 0.9625 -0.2617
vn -0.5918 0.1012 -0.7997
vn -0.5016 0.5998 -0.6234
vn -0.5294 0.2851 -0.7990
vn -0.6136 -0.0215 -0.7893
vn -0.5356 0.4539 -0.7122
vn -0.3347 0.7956 -0.5050
vn -0.6778 0.2144 -0.7033
vn -0.5463 0.5454 -0.6357
vn -0.7213 0.1071 -0.6843
vn -0.6477 0.4228 -0.6338
vn -0.6974 0.2580 -0.6686
vn -0.4828 0.8692 -0.1068
vn -0.5126 0.8052 -0.2983
vn -0.6932 0.2294 -0.6833
vn -0.5560 0.8241 -0.1079
vn -0.6103 0.7888 -0.0726
vn -0.5195 0.8544 0.0125
vn -0.3679 0.9115 0.1840
vn -0.6451 0.7454 -0.1679
vn -0.4695 0.8660 0.1720
vn -0.6502 0.7056 -0.2819
vn -0.6911 0.6467 -0.3229
vn -0.4365 0.8902 0.1309
vn -0.6463 0.7528 -0.1248
vn -0.7117 0.2586 -0.6532
vn -0.6524 0.1019 -0.7510
vn -0.5344 0.8432 0.0589
vn -0.5829 0.8116 -0.0395
vn -0.6212 0.1237 -0.7738
vn -0.6704 0.1082 -0.7341
vn -0.7861 0.3242 -0.5263
vn -0.7460 0.2063 -0.6332
vn -0.6645 0.2078 -0.7179
vn -0.8251 0.4559 -0.3338
vn -0.7889 0.3785 -0.4841
vn -0.8158 0.4929 -0.3027
vn -0.7642 0.2650 -0.5880
vn -0.8066 0.4201 -0.4157
vn -0.8299 0.4724 -0.2969
vn -0.8912 0.3401 -0.3002
vn -0.8443 0.3759 -0.3819
vn -0.8944 0.4189 -0.1571
vn -0.9543 0.2738 -0.1196
vn -0.9601 0.2635 -0.0939
vn -0.9303 0.3252 -0.1700
vn -0.9641 0.2549 -0.0748
vn -0.9511 0.2721 -0.1463
vn -0.9482 0.2670 -0.1724
vn -0.9335 0.2506 -0.2565
vn -0.9656 0.2011 -0.1649
vn -0.9522 0.1838 -0.2439
vn -0.9182 0.1671 -0.3592
vn -0.9731 0.1497 -0.1749
vn -0.9351 0.1234 -0.3322
vn -0.9644 0.1205 -0.2356
vn -0.9237 0.0893 -0.3726
vn -0.9011 0.1046 -0.4208
vn -0.9454 0.0941 -0.3119
vn -0.9130 0.0751 -0.4009
vn -0.8627 0.0563 -0.5025
vn -0.9269 0.0530 -0.3715
vn -0.8946 0.0389 -0.4452
vn -0.8665 -0.0131 -0.4991
vn -0.9092 0.0230 -0.4158
vn -0.8952 0.0192 -0.4453
vn -0.9284 0.0360 -0.3699
vn -0.9948 -0.0678 -0.0757
vn -0.9246 0.0267 -0.3801
vn -0.9601 -0.0266 -0.2785
vn -0.0908 -0.0135 0.9958
vn -0.9620 -0.0514 -0.2682
vn -0.9293 -0.0866 0.3591
vn -0.9584 -0.0624 -0.2784
vn -0.6277 -0.0899 0.7732
vn -0.1621 -0.0568 0.9851
vn 0.3839 0.0007 0.9234
vn 0.3914 -0.0005 0.9202
vn -0.7445 -0.0999 0.6601
vn 0.3644 -0.0041 0.9312
vn 0.1458 -0.0662 0.9871
vn 0.3963 0.0094 0.9181
vn 0.4084 0.0010 0.9128
vn 0.4083 0.0013 0.9128
vn 0.2119 -0.0281 0.9769
vn 0.4114 0.0009 0.9114
vn 0.3914 -0.0082 0.9202
vn 0.4095 0.0003 0.9123
vn 0.4112 -0.0004 0.9115
vn 0.4127 0.0001 0.9108
vn 0.4123 -0.0014 0.9111
vn 0.4143 -0.0016 0.9101
vn 0.4131 -0.0028 0.9107
vn 0.4156 0.0004 0.9095
vn 0.4158 -0.0031 0.9094
vn 0.4140 -0.0048 0.9103
vn 0.4179 -0.0010 0.9085
vn 0.4159 -0.0060 0.9094
vn 0.4196 -0.0036 0.9077
vn 0.4181 -0.0081 0.9084
vn 0.4177 -0.0107 0.9085
vn 0.4141 -0.0084 0.9102
vn 0.4211 -0.0068 0.9070
vn 0.4168 -0.0147 0.9089
vn 0.4142 -0.0115 0.9101
vn 0.4241 -0.0099 0.9055
vn 0.4215 -0.0135 0.9067
vn 0.4220 -0.0176 0.9064
vn 0.4166 -0.0187 0.9089
vn 0.4218 -0.0220 0.9064
vn 0.4176 -0.0226 0.9083
vn 0.4251 -0.0269 0.9048
vn 0.4163 -0.0261 0.9089
vn 0.4245 -0.0332 0.9048
vn 0.4149 -0.0309 0.9093
vn 0.4233 -0.0399 0.9051
vn 0.4132 -0.0365 0.9099
vn 0.4208 -0.0468 0.9059
vn 0.4102 -0.0417 0.9110
vn 0.4174 -0.0541 0.9071
vn 0.4066 -0.0474 0.9124
vn 0.4131 -0.0623 0.9086
vn 0.4018 -0.0532 0.9142
vn 0.4073 -0.0718 0.9104
vn 0.3960 -0.0594 0.9163
vn 0.3969 -0.0793 0.9144
vn 0.3883 -0.0644 0.9193
vn 0.3838 -0.0840 0.9196
vn 0.3798 -0.0693 0.9225
vn 0.3726 -0.0907 0.9236
vn 0.3693 -0.0733 0.9264
vn 0.3572 -0.0942 0.9293
vn 0.3567 -0.0764 0.9311
vn 0.3412 -0.0979 0.9349
vn 0.3386 -0.0746 0.9380
vn 0.3136 -0.0988 0.9444
vn 0.3092 -0.0699 0.9484
vn 0.2864 -0.0885 0.9540
vn 0.2719 -0.0685 0.9599
vn 0.2929 -0.0534 0.9547
vn 0.2725 -0.0429 0.9612
vn 0.2455 -0.0967 0.9646
vn 0.2309 -0.0463 0.9719
vn 0.2531 -0.0253 0.9671
vn 0.2309 0.0053 0.9730
vn 0.1901 0.0288 0.9813
vn 0.2286 0.0649 0.9713
vn 0.2674 0.0395 0.9628
vn 0.2807 0.0676 0.9574
vn 0.4499 -0.0793 0.8896
vn 0.2557 0.0055 0.9667
vn 0.2745 0.0019 0.9616
vn 0.2785 -0.0169 0.9603
vn 0.2945 -0.0330 0.9551
vn 0.3071 -0.0404 0.9508
vn 0.3172 -0.0502 0.9470
vn 0.3355 -0.0555 0.9404
vn 0.3496 -0.0578 0.9351
vn 0.3596 -0.0595 0.9312
vn 0.3691 -0.0576 0.9276
vn 0.3777 -0.0550 0.9243
vn 0.3853 -0.0517 0.9213
vn 0.3914 -0.0481 0.9190
vn 0.3961 -0.0437 0.9171
vn 0.4006 -0.0397 0.9154
vn 0.4040 -0.0355 0.9141
vn 0.4069 -0.0312 0.9130
vn 0.4093 -0.0271 0.9120
vn 0.4101 -0.0227 0.9117
vn 0.4120 -0.0190 0.9110
vn 0.4125 -0.0152 0.9109
vn 0.4123 -0.0122 0.9110
vn 0.4118 -0.0092 0.9112
vn 0.4115 -0.0072 0.9114
vn 0.4123 -0.0057 0.9110
vn 0.4116 -0.0037 0.9113
vn 0.4099 -0.0042 0.9121
vn 0.4111 -0.0022 0.9116
vn 0.4097 -0.0028 0.9122
vn 0.4105 -0.0009 0.9119
vn 0.4093 -0.0014 0.9124
vn 0.4099 0.0007 0.9121
vn 0.4088 -0.0001 0.9126
vn 0.4082 0.0012 0.9129
vn 0.4079 0.0020 0.9130
vn 0.4080 0.0026 0.9130
vn 0.4068 0.0029 0.9135
vn 0.3906 0.0033 0.9206
vn 0.3920 0.0050 0.9200
vn 0.3963 0.0002 0.9181
vn 0.2540 -0.0443 0.9662
vn 0.3713 0.0145 0.9284
vn -0.4644 -0.1153 0.8781
vn -0.7707 0.0439 0.6357
vn -0.9445 -0.0666 0.3216
vn -0.8947 0.0054 -0.4466
vn -0.8020 0.1420 -0.5802
vn -0.8419 0.1895 -0.5053
vn -0.9055 0.1399 -0.4006
vn -0.9024 0.1529 -0.4028
vn -0.9022 0.1421 -0.4072
vn -0.9096 0.1733 -0.3775
vn -0.9005 0.1274 -0.4158
vn -0.9191 0.1858 -0.3475
vn -0.9133 0.1007 -0.3947
vn -0.9495 0.1944 -0.2463
vn -0.9462 0.1499 -0.2867
vn -0.9122 0.2520 -0.3231
vn -0.8505 0.3266 -0.4124
vn -0.8092 0.3560 -0.4675
vn -0.8167 0.3313 -0.4724
vn -0.8118 0.4081 -0.4177
vn -0.7929 0.4686 -0.3896
vn -0.7214 0.1984 -0.6635
vn -0.6926 0.0941 -0.7151
vn -0.5797 -0.0063 -0.8148
vn -0.6130 -0.1885 -0.7673
vn -0.7581 0.1014 -0.6442
vn -0.6550 0.7326 -0.1851
vn -0.5093 0.8606 0.0046
vn -0.4337 0.9006 -0.0288
vn -0.5849 0.7495 -0.3101
vn -0.6546 0.2587 -0.7103
vn -0.6435 -0.1220 -0.7557
vn -0.5920 0.1113 -0.7982
vn -0.6032 -0.1306 -0.7868
vn -0.4593 -0.2857 -0.8411
vn -0.4521 0.0928 -0.8871
vn -0.3231 -0.0946 -0.9416
vn -0.0935 0.4413 -0.8925
vn -0.5434 0.3098 -0.7802
vn 0.0227 0.5653 -0.8246
vn 0.1525 0.5480 -0.8224
vn 0.4837 0.7612 -0.4321
vn 0.5197 0.6568 -0.5464
vn 0.4023 0.7677 -0.4988
vn 0.4268 0.6948 -0.5789
vn 0.3348 0.7452 -0.5767
vn 0.3921 0.6766 -0.6232
vn 0.3110 0.6091 -0.7296
vn 0.2286 0.7308 -0.6432
vn 0.1401 0.7702 -0.6222
vn 0.1967 0.8177 -0.5411
vn 0.0882 0.7879 -0.6095
vn 0.2622 0.8256 -0.4997
vn 0.0442 0.6281 -0.7769
vn 0.2366 0.8482 -0.4738
vn -0.0343 0.7299 -0.6826
vn 0.0404 0.8796 -0.4740
vn -0.0909 0.8454 -0.5264
vn -0.4406 0.7957 -0.4155
vn -0.5999 0.5794 -0.5517
vn -0.7334 0.5804 -0.3539
vn -0.7562 0.3371 -0.5608
vn -0.8015 0.3481 -0.4862
vn -0.7233 0.1412 -0.6760
vn -0.7755 0.0284 -0.6307
vn -0.7092 0.2452 -0.6610
vn -0.7075 0.5368 -0.4597
vn -0.7229 0.4853 -0.4918
vn -0.7758 0.4882 -0.3997
vn -0.8007 0.4325 -0.4145
vn -0.8222 0.3051 -0.4805
vn -0.9276 0.0705 -0.3669
vn 0.4050 0.0035 0.9143
vn -0.7221 0.1834 -0.6671
vn -0.7027 0.0531 -0.7095
vn -0.7690 0.1695 -0.6163
vn -0.5540 0.8325 -0.0099
vn -0.5598 0.8065 -0.1901
vn -0.5302 0.6154 -0.5832
vn -0.3616 0.7203 -0.5920
vn -0.3642 0.5919 -0.7190
vn -0.1980 0.7004 -0.6857
vn 0.2713 -0.1189 0.9551
vn 0.2925 -0.1291 0.9475
vn 0.3306 -0.1716 0.9280
vn 0.3791 -0.1920 0.9052
vn 0.4158 -0.1620 0.8949
vn 0.4399 -0.1402 0.8870
vn 0.4746 -0.1391 0.8692
vn 0.4584 -0.1076 0.8822
vn 0.4830 -0.0985 0.8700
vn 0.5115 -0.0757 0.8560
vn 0.4987 -0.0476 0.8655
vn 0.4890 -0.0296 0.8718
vn 0.4864 -0.0097 0.8737
vn 0.4535 0.0018 0.8913
vn 0.4519 -0.0053 0.8921
vn -0.6584 -0.1890 0.7286
vn -0.9131 -0.3476 0.2131
vn -0.8653 -0.2340 -0.4432
vn -0.9139 -0.1633 -0.3717
vn -0.8955 -0.1803 -0.4070
vn -0.9046 -0.1248 -0.4076
vn -0.9030 -0.3315 -0.2731
vn -0.8325 -0.1084 -0.5433
vn -0.8462 -0.1789 -0.5020
vn -0.8369 -0.1864 -0.5147
vn -0.8115 -0.1858 -0.5539
vn -0.8090 -0.3252 -0.4896
vn -0.7782 -0.4005 -0.4838
vn -0.6804 -0.7162 -0.1553
vn -0.6311 -0.7571 -0.1687
vn -0.5756 -0.8024 -0.1577
vn -0.4849 -0.8179 -0.3096
vn -0.5077 -0.8116 -0.2892
vn -0.3482 -0.9103 -0.2237
vn -0.3623 -0.9013 -0.2374
vn -0.4210 -0.8530 -0.3085
vn -0.3747 -0.8535 -0.3623
vn -0.4760 -0.8375 -0.2682
vn -0.3750 -0.8827 -0.2831
vn -0.1709 -0.9853 0.0057
vn -0.0987 -0.9951 0.0094
vn -0.0866 -0.9954 0.0399
vn 0.3234 -0.8594 0.3962
vn -0.0718 -0.9667 0.2456
vn 0.0198 -0.9205 0.3903
vn 0.1715 -0.8655 0.4706
vn 0.2590 -0.7260 0.6371
vn 0.5390 -0.4265 0.7263
vn 0.7397 -0.4302 0.5175
vn 0.8345 -0.2576 0.4871
vn 0.5099 -0.7560 0.4105
vn 0.9296 0.0820 0.3593
vn 0.4537 -0.8371 0.3056
vn 0.9476 0.0782 0.3097
vn 0.8904 0.4011 0.2151
vn 0.9597 0.2340 0.1558
vn 0.9255 0.2585 0.2769
vn 0.7830 -0.5778 0.2301
vn 0.6785 -0.7335 -0.0409
vn 0.7613 -0.5985 -0.2495
vn 0.0959 -0.8641 -0.4941
vn 0.7240 -0.4723 -0.5028
vn 0.3092 -0.7469 -0.5887
vn -0.2898 -0.8371 -0.4639
vn -0.2152 -0.7656 -0.6063
vn -0.0101 -0.9647 -0.2633
vn -0.2622 -0.9291 -0.2609
vn -0.1589 -0.9862 -0.0473
vn -0.5164 -0.8189 -0.2505
vn -0.2911 -0.9560 0.0356
vn -0.2387 -0.9709 -0.0202
vn -0.2586 -0.9660 -0.0038
vn -0.2508 -0.9680 -0.0045
vn -0.1937 -0.9800 0.0456
vn -0.2069 -0.9779 -0.0296
vn -0.1464 -0.9886 -0.0354
vn -0.1878 -0.9799 -0.0673
vn -0.2229 -0.9706 -0.0903
vn -0.1985 -0.9766 -0.0823
vn -0.2811 -0.9533 -0.1101
vn -0.2503 -0.9609 -0.1187
vn -0.3533 -0.9265 -0.1296
vn -0.4008 -0.8962 -0.1901
vn -0.3522 -0.9247 -0.1444
vn -0.5534 -0.7594 -0.3423
vn -0.6250 -0.6285 -0.4630
vn -0.7276 -0.6829 -0.0646
vn -0.7251 -0.6212 -0.2974
vn -0.8771 -0.4022 0.2626
vn -0.7118 -0.5086 -0.4843
vn -0.7597 -0.4308 -0.4871
vn -0.7042 -0.4398 -0.5574
vn -0.6582 -0.6127 -0.4373
vn -0.4066 -0.7753 -0.4833
vn -0.2651 -0.8459 -0.4627
vn -0.5975 -0.5479 -0.5855
vn -0.2540 -0.8839 -0.3927
vn -0.4499 -0.8691 0.2054
vn -0.5246 -0.4168 0.7424
vn -0.9148 -0.3985 0.0662
vn -0.8651 -0.4048 -0.2963
vn -0.8159 -0.5508 -0.1761
vn -0.8641 -0.4369 0.2497
vn -0.8717 -0.4438 0.2080
vn -0.8207 -0.4374 0.3676
vn -0.7823 -0.4761 0.4016
vn -0.6150 -0.7763 -0.1383
vn -0.3799 -0.9194 -0.1020
vn -0.3153 -0.9484 -0.0346
vn -0.3316 -0.9366 -0.1134
vn -0.3535 -0.9257 -0.1345
vn -0.3034 -0.9458 -0.1161
vn -0.2525 -0.9652 -0.0673
vn -0.2144 -0.9766 -0.0182
vn -0.2555 -0.9668 0.0028
vn -0.2574 -0.9663 -0.0060
vn -0.2155 -0.9764 -0.0172
vn -0.1469 -0.9890 -0.0186
vn -0.0451 -0.9983 -0.0358
vn 0.1100 -0.9909 -0.0773
vn 0.3546 -0.9184 -0.1757
vn 0.6793 -0.7316 -0.0580
vn 0.9712 -0.2334 0.0476
vn 0.5318 -0.7506 0.3923
vn 0.7857 -0.3289 0.5238
vn 0.2469 -0.8949 0.3717
vn 0.1917 -0.9306 0.3117
vn 0.2557 -0.9223 0.2897
vn 0.2618 -0.8926 0.3670
vn 0.3860 -0.8456 0.3687
vn 0.4099 -0.8306 0.3770
vn 0.4795 -0.8112 0.3346
vn 0.5131 -0.7983 0.3155
vn 0.5440 -0.7859 0.2939
vn 0.6118 -0.7385 0.2836
vn 0.6756 -0.6815 0.2814
vn 0.7650 -0.5736 0.2926
vn 0.8201 -0.4874 0.2998
vn 0.8575 -0.4246 0.2906
vn 0.8641 -0.4215 0.2751
vn 0.9008 -0.3333 0.2782
vn 0.9203 -0.2849 0.2680
vn 0.9385 -0.1999 0.2816
vn 0.9889 -0.1335 0.0650
vn 0.9549 -0.0736 0.2876
vn 0.9584 -0.1611 -0.2356
vn 0.9559 -0.0542 -0.2885
vn 0.9064 -0.1329 -0.4009
vn 0.8254 -0.1121 -0.5533
vn 0.8680 0.0031 -0.4965
vn 0.8486 -0.0839 -0.5223
vn 0.9394 -0.1693 -0.2982
vn 0.9511 -0.1538 -0.2679
vn 0.9337 -0.1313 -0.3332
vn 0.9560 -0.0174 -0.2927
vn 0.9378 -0.0187 -0.3466
vn 0.8959 -0.0261 -0.4434
vn 0.9366 0.0163 -0.3500
vn 0.8465 -0.0465 -0.5304
vn 0.8212 0.0832 -0.5646
vn 0.6721 0.0395 -0.7394
vn 0.6740 0.0520 -0.7369
vn 0.7606 0.0140 -0.6490
vn 0.5272 -0.0418 -0.8487
vn 0.6305 -0.0652 -0.7735
vn 0.4871 -0.1070 -0.8668
vn 0.3886 -0.0857 -0.9174
vn 0.4285 -0.0738 -0.9005
vn 0.3279 -0.0646 -0.9425
vn 0.4265 0.0115 -0.9044
vn 0.3946 0.0742 -0.9159
vn 0.4627 0.1129 -0.8793
vn 0.4591 0.1139 -0.8811
vn 0.5626 0.1466 -0.8136
vn 0.7065 0.1893 -0.6820
vn 0.7618 0.1937 -0.6182
vn 0.7755 0.1819 -0.6046
vn 0.7481 0.1315 -0.6504
vn 0.7088 0.1366 -0.6920
vn 0.9885 0.1351 -0.0674
vn 0.9920 0.1252 0.0135
vn 0.7174 0.0804 0.6920
vn 0.4462 0.0001 0.8950
vn 0.3904 -0.0027 0.9206
vn 0.3816 -0.0074 0.9243
vn 0.3819 -0.0028 0.9242
vn 0.3796 0.0020 0.9252
vn 0.3783 0.0060 0.9257
vn 0.3750 0.0105 0.9270
vn 0.3738 0.0141 0.9274
vn 0.3749 0.0170 0.9269
vn 0.3704 0.0233 0.9286
vn 0.3743 0.0278 0.9269
vn 0.3789 0.0405 0.9245
vn 0.3811 0.0565 0.9228
vn 0.3855 0.0714 0.9199
vn 0.4087 0.0709 0.9099
vn 0.4267 0.0987 0.8990
vn 0.3843 0.1633 0.9087
vn 0.3583 0.0941 0.9289
vn 0.3730 0.0637 0.9256
vn 0.3539 0.0536 0.9337
vn 0.3663 0.0339 0.9299
vn 0.3420 0.0283 0.9393
vn 0.3575 0.0180 0.9337
vn 0.3699 0.0183 0.9289
vn 0.3658 0.0117 0.9306
vn 0.3716 0.0098 0.9283
vn 0.3730 0.0079 0.9278
vn 0.3716 0.0126 0.9283
vn 0.3655 0.0122 0.9307
vn 0.3710 0.0007 0.9286
vn 0.3751 -0.0059 0.9270
vn 0.3851 0.0040 0.9229
vn 0.4315 0.0086 0.9021
vn 0.4217 -0.0041 0.9067
vn 0.4739 -0.0003 0.8806
vn 0.9615 0.2249 -0.1578
vn 0.9578 0.2642 -0.1131
vn 0.7089 0.1074 -0.6971
vn 0.7016 0.1992 -0.6841
vn 0.7276 0.1292 -0.6737
vn 0.7006 0.1297 -0.7017
vn 0.7195 0.1600 -0.6758
vn 0.7469 0.1698 -0.6428
vn 0.7439 0.1961 -0.6389
vn 0.6424 0.1909 -0.7422
vn 0.6756 0.1999 -0.7097
vn 0.5817 0.2021 -0.7879
vn 0.5820 0.1692 -0.7954
vn 0.4967 0.1514 -0.8546
vn 0.4742 0.1048 -0.8742
vn 0.4725 0.1113 -0.8743
vn 0.5106 0.1033 -0.8536
vn 0.4744 0.1007 -0.8745
vn 0.5018 0.0873 -0.8606
vn 0.4861 0.0396 -0.8730
vn 0.4793 0.0751 -0.8745
vn 0.4892 -0.0268 -0.8718
vn 0.5781 -0.0189 -0.8157
vn 0.5432 0.0801 -0.8358
vn 0.7217 0.0193 -0.6920
vn 0.6745 0.0795 -0.7340
vn 0.8464 0.0817 -0.5262
vn 0.8327 0.0951 -0.5456
vn 0.9175 0.1464 -0.3699
vn 0.8920 0.1076 -0.4390
vn 0.9402 0.0918 -0.3280
vn 0.9533 0.0874 -0.2890
vn 0.9347 0.1925 -0.2988
vn 0.9413 0.0591 -0.3324
vn 0.9337 0.1701 -0.3150
vn 0.9490 0.0198 -0.3147
vn 0.9517 -0.0031 -0.3071
vn 0.9138 0.0140 -0.4059
vn 0.8858 0.0925 -0.4548
vn 0.8173 0.0656 -0.5725
vn 0.8173 0.0513 -0.5739
vn 0.8594 0.0663 -0.5070
vn 0.9600 0.0244 -0.2789
vn 0.9810 0.1033 -0.1639
vn 0.9981 0.0382 -0.0481
vn 0.9989 -0.0400 -0.0237
vn 0.9795 0.0403 0.1974
vn 0.9952 0.0105 0.0968
vn 0.9680 0.0331 0.2488
vn 0.9700 0.1021 0.2205
vn 0.9574 -0.1270 0.2595
vn 0.9674 0.0333 0.2511
vn 0.9639 -0.0733 0.2560
vn 0.9338 -0.2445 0.2612
vn 0.9111 -0.3223 0.2571
vn 0.9586 -0.0894 0.2704
vn 0.7832 -0.5597 0.2707
vn 0.8332 -0.4821 0.2709
vn 0.9044 -0.3377 0.2607
vn 0.8692 -0.4177 0.2646
vn 0.8242 -0.4707 0.3149
vn 0.7131 -0.6131 0.3401
vn 0.7412 -0.5694 0.3556
vn 0.7552 -0.5856 0.2945
vn 0.6753 -0.6276 0.3874
vn 0.6920 -0.6721 0.2633
vn 0.7175 -0.6747 0.1731
vn 0.6155 -0.7104 0.3412
vn 0.6261 -0.7575 0.1847
vn 0.6536 -0.7353 0.1794
vn 0.6651 -0.7169 0.2091
vn 0.6000 -0.7809 0.1736
vn 0.5819 -0.7975 0.1592
vn 0.5013 -0.8559 0.1270
vn 0.5287 -0.8404 0.1192
vn 0.4422 -0.8900 0.1107
vn 0.3999 -0.9126 0.0847
vn 0.4983 -0.8609 0.1028
vn 0.4133 -0.9047 0.1033
vn 0.3672 -0.9263 0.0838
vn 0.3088 -0.9496 0.0549
vn 0.3078 -0.9508 0.0342
vn 0.2938 -0.9551 0.0388
vn 0.2330 -0.9724 -0.0130
vn 0.2157 -0.9765 -0.0026
vn 0.1472 -0.9862 -0.0763
vn 0.1950 -0.9724 -0.1281
vn 0.1177 -0.9672 -0.2249
vn 0.0479 -0.9871 -0.1530
vn 0.0344 -0.9372 -0.3470
vn -0.0298 -0.9751 -0.2198
vn -0.0253 -0.9312 -0.3635
vn -0.0722 -0.9650 -0.2522
vn -0.0554 -0.9043 -0.4233
vn -0.1195 -0.9564 -0.2663
vn -0.1338 -0.9058 -0.4020
vn -0.0961 -0.8575 -0.5055
vn -0.1958 -0.8695 -0.4535
vn -0.2276 -0.9123 -0.3404
vn -0.3027 -0.8875 -0.3475
vn -0.2710 -0.8563 -0.4397
vn -0.3578 -0.8539 -0.3779
vn -0.3573 -0.9055 -0.2290
vn -0.3707 -0.8964 -0.2430
vn -0.3963 -0.8220 -0.4091
vn -0.4053 -0.7880 -0.4634
vn -0.4821 -0.7700 -0.4179
vn -0.4767 -0.6986 -0.5335
vn -0.3894 -0.8940 -0.2218
vn -0.5710 -0.6168 -0.5418
vn -0.6068 -0.6967 -0.3826
vn -0.6754 -0.5529 -0.4880
vn -0.6411 -0.5349 -0.5503
vn -0.7086 -0.5892 -0.3882
vn -0.7512 -0.4476 -0.4852
vn -0.7271 -0.4077 -0.5523
vn -0.8342 -0.2529 -0.4900
vn -0.9088 -0.1812 -0.3757
vn -0.8173 -0.1381 -0.5593
vn -0.9043 -0.0989 -0.4154
vn -0.7961 -0.0884 -0.5986
vn -0.7880 -0.1601 -0.5944
vn -0.7547 -0.2796 -0.5935
vn -0.7391 -0.2762 -0.6144
vn -0.6964 -0.4284 -0.5758
vn -0.5941 -0.4960 -0.6333
vn -0.5470 -0.5388 -0.6407
vn -0.4690 -0.6251 -0.6240
vn -0.4275 -0.7291 -0.5345
vn -0.3549 -0.7966 -0.4894
vn -0.2412 -0.8269 -0.5080
vn -0.1463 -0.8615 -0.4862
vn -0.1526 -0.8186 -0.5538
vn -0.1008 -0.8598 -0.5006
vn -0.0479 -0.8281 -0.5586
vn -0.0390 -0.8577 -0.5127
vn -0.0163 -0.8762 -0.4817
vn 0.0091 -0.8773 -0.4798
vn 0.0839 -0.9145 -0.3958
vn 0.1754 -0.9430 -0.2828
vn 0.2659 -0.9489 -0.1698
vn 0.2904 -0.9559 -0.0448
vn 0.3582 -0.9322 -0.0510
vn 0.4024 -0.9145 0.0415
vn 0.4757 -0.8790 0.0322
vn 0.5470 -0.8300 0.1091
vn 0.5377 -0.8348 0.1183
vn 0.5790 -0.8044 0.1330
vn 0.5964 -0.7927 0.1266
vn 0.6047 -0.7863 0.1267
vn 0.6499 -0.7309 0.2083
vn 0.7081 -0.6637 0.2411
vn 0.7084 -0.6723 0.2148
vn 0.7243 -0.6630 0.1893
vn 0.7464 -0.6356 0.1972
vn 0.7570 -0.5997 0.2595
vn 0.8164 -0.4951 0.2972
vn 0.7985 -0.4646 0.3827
vn 0.8646 -0.3513 0.3592
vn 0.8896 -0.3371 0.3084
vn 0.8924 -0.2776 0.3558
vn 0.9164 -0.1825 0.3561
vn 0.9476 -0.1473 0.2836
vn 0.9401 0.0321 0.3395
vn 0.9548 0.0344 0.2953
vn 0.9584 0.0578 0.2794
vn 0.9470 0.1039 0.3040
vn 0.9491 0.0995 0.2990
vn 0.9602 0.0798 0.2677
vn 0.9609 0.0911 0.2615
vn 0.9663 0.0209 0.2567
vn 0.9765 0.0400 0.2119
vn 0.9793 0.1043 0.1735
vn 0.9928 0.1059 -0.0555
vn 0.9925 0.1153 -0.0396
vn 0.9777 0.1460 0.1507
vn 0.9761 0.1631 -0.1439
vn 0.9422 0.0582 -0.3300
vn 0.9574 0.0947 -0.2729
vn 0.9175 0.0642 -0.3925
vn 0.8602 0.0284 -0.5091
vn 0.8676 0.0723 -0.4920
vn 0.7940 0.0171 -0.6077
vn 0.8130 0.0522 -0.5800
vn 0.8188 0.0421 -0.5725
vn 0.8039 0.0232 -0.5943
vn 0.9052 0.1184 -0.4082
vn 0.8735 0.0429 -0.4850
vn 0.9216 0.1545 -0.3559
vn 0.9431 0.1600 -0.2915
vn 0.9284 0.1831 -0.3232
vn 0.9368 0.1387 -0.3213
vn 0.8941 0.1276 -0.4293
vn 0.9008 0.1229 -0.4164
vn 0.8202 0.1006 -0.5632
vn 0.7786 0.2283 -0.5845
vn 0.6499 0.1713 -0.7405
vn 0.4837 0.1164 -0.8675
vn 0.4681 0.0822 -0.8799
vn 0.5179 0.1519 -0.8418
vn 0.5241 0.1474 -0.8388
vn 0.4776 0.1509 -0.8655
vn 0.5190 0.1831 -0.8349
vn 0.5627 0.1926 -0.8039
vn 0.5078 0.2123 -0.8349
vn 0.6268 0.1718 -0.7600
vn 0.6312 0.1535 -0.7603
vn 0.6380 0.1887 -0.7465
vn 0.6445 0.3485 -0.6806
vn 0.7548 0.2915 -0.5876
vn 0.6452 0.3363 -0.6860
vn 0.8059 0.1879 0.5615
vn 0.9552 0.2948 -0.0277
vn 0.7976 0.1820 0.5750
vn 0.4109 0.0315 0.9111
vn 0.4945 0.1112 0.8621
vn 0.3866 0.0234 0.9220
vn 0.3759 0.0004 0.9267
vn 0.3583 -0.0036 0.9336
vn 0.3384 0.0002 0.9410
vn 0.3134 0.0624 0.9476
vn 0.2654 0.1129 0.9575
vn 0.3214 0.2377 0.9166
vn 0.1248 0.2450 0.9615
vn 0.0797 0.9111 0.4043
vn -0.0230 0.9997 0.0043
vn 0.1658 0.8051 -0.5695
vn 0.2462 0.4813 -0.8413
vn 0.2011 0.4879 -0.8494
vn 0.1440 0.4834 -0.8635
vn 0.1942 0.4915 -0.8490
vn 0.0615 0.3839 -0.9213
vn 0.2617 0.3051 -0.9157
vn 0.0335 0.3000 -0.9534
vn -0.0178 0.2806 -0.9596
vn 0.1836 0.2796 -0.9424
vn 0.3133 0.3114 -0.8971
vn 0.3848 0.2658 -0.8839
vn 0.4064 0.2996 -0.8632
vn 0.4603 0.2680 -0.8463
vn 0.4824 0.2823 -0.8292
vn 0.4817 0.2566 -0.8380
vn 0.5155 0.2814 -0.8094
vn 0.3480 0.2333 -0.9080
vn -0.1427 0.0786 -0.9866
vn 0.0370 0.1850 -0.9820
vn 0.4297 0.3806 -0.8189
vn 0.5374 0.4273 -0.7270
vn 0.6900 0.4723 -0.5485
vn 0.7475 0.4101 -0.5227
vn 0.7633 0.4655 -0.4481
vn 0.7624 0.4960 -0.4157
vn 0.8035 0.4304 -0.4112
vn 0.9032 0.2658 -0.3371
vn 0.8465 0.2755 -0.4555
vn 0.8044 0.1497 -0.5749
vn 0.9324 0.1504 -0.3285
vn 0.8580 0.1354 -0.4955
vn 0.8038 0.0899 -0.5881
vn 0.8269 0.1192 -0.5495
vn 0.8349 0.1356 -0.5334
vn 0.8387 0.1301 -0.5288
vn 0.8585 0.1677 -0.4847
vn 0.9322 0.2744 -0.2358
vn 0.8339 0.0626 -0.5484
vn 0.9457 0.2919 0.1427
vn 0.9506 0.2259 0.2130
vn 0.9580 0.1374 0.2517
vn 0.9716 0.1280 0.1993
vn 0.9442 0.2417 0.2239
vn 0.9753 0.0525 0.2145
vn 0.9799 0.0484 0.1934
vn 0.9736 0.0788 0.2141
vn 0.9715 0.1597 0.1750
vn 0.9784 0.0160 0.2062
vn 0.9739 0.0484 0.2215
vn 0.9467 0.0837 0.3110
vn 0.9503 0.0431 0.3083
vn 0.9407 0.0785 0.3300
vn 0.9016 0.0649 0.4277
vn 0.9169 0.0511 0.3959
vn 0.8895 0.0215 0.4563
vn 0.9179 -0.0531 0.3932
vn 0.8790 -0.0564 0.4736
vn 0.8894 -0.2157 0.4031
vn 0.8953 -0.1394 0.4231
vn 0.8910 -0.2700 0.3651
vn 0.8684 -0.3416 0.3594
vn 0.8768 -0.3367 0.3433
vn 0.8576 -0.4446 0.2584
vn 0.7907 -0.5807 0.1939
vn 0.7793 -0.5879 0.2169
vn 0.7824 -0.5722 0.2459
vn 0.7487 -0.6220 0.2293
vn 0.7709 -0.6054 0.1982
vn 0.7017 -0.6890 0.1813
vn 0.6636 -0.7440 0.0781
vn 0.5952 -0.8007 0.0680
vn 0.5742 -0.8186 -0.0115
vn 0.6199 -0.7846 0.0049
vn 0.5240 -0.8517 0.0121
vn 0.4799 -0.8734 -0.0824
vn 0.3954 -0.9157 -0.0716
vn 0.3442 -0.9045 -0.2519
vn 0.2491 -0.9050 -0.3449
vn 0.0668 -0.8167 -0.5732
vn -0.0014 -0.8319 -0.5550
vn -0.1090 -0.7276 -0.6773
vn 0.0085 -0.7346 -0.6785
vn -0.2594 -0.6671 -0.6983
vn -0.3431 -0.7233 -0.5993
vn -0.4158 -0.5999 -0.6836
vn -0.4972 -0.5015 -0.7080
vn -0.5761 -0.4277 -0.6966
vn -0.6360 -0.3714 -0.6764
vn -0.7492 -0.1752 -0.6387
vn -0.8017 -0.0999 -0.5894
vn -0.7819 -0.0498 -0.6214
vn -0.7901 -0.0117 -0.6128
vn -0.7953 0.0458 -0.6045
vn -0.7560 0.0792 -0.6498
vn -0.6865 0.1118 -0.7184
vn -0.5519 0.2345 -0.8003
vn -0.3615 0.1516 -0.9200
vn -0.3082 -0.0189 -0.9511
vn -0.2039 -0.0009 -0.9790
vn -0.1853 -0.0102 -0.9826
vn -0.1609 -0.0390 -0.9862
vn -0.1090 -0.0931 -0.9897
vn -0.0271 -0.1669 -0.9856
vn 0.0077 -0.2379 -0.9713
vn 0.0595 -0.2970 -0.9530
vn 0.1432 -0.4284 -0.8922
vn 0.2310 -0.5107 -0.8282
vn 0.2791 -0.5561 -0.7828
vn 0.3552 -0.5110 -0.7827
vn 0.3901 -0.5937 -0.7038
vn 0.4800 -0.4963 -0.7234
vn 0.4710 -0.5835 -0.6616
vn 0.5495 -0.5401 -0.6375
vn 0.6821 -0.5046 -0.5293
vn 0.7526 -0.5296 -0.3912
vn 0.7996 -0.5426 -0.2574
vn 0.7951 -0.5408 -0.2746
vn 0.8264 -0.5452 -0.1407
vn 0.8721 -0.4088 -0.2689
vn 0.8737 -0.4650 -0.1431
vn 0.9037 -0.4213 -0.0759
vn 0.9530 -0.2534 -0.1663
vn 0.9820 -0.1549 -0.1081
vn 0.9979 -0.0645 -0.0100
vn 0.9976 0.0125 0.0677
vn 0.9961 0.0406 0.0781
vn 0.9842 0.1282 0.1225
vn 0.9668 0.1989 0.1601
vn 0.9665 0.1918 0.1707
vn 0.9378 0.1406 0.3175
vn 0.9535 0.1747 0.2458
vn 0.9101 0.2276 0.3462
vn 0.8988 0.2094 0.3850
vn 0.8879 0.2991 0.3496
vn 0.8360 0.4285 0.3427
vn 0.7946 0.4648 0.3907
vn 0.7772 0.4741 0.4137
vn 0.7712 0.4823 0.4156
vn 0.7418 0.5243 0.4181
vn 0.7692 0.4951 0.4040
vn 0.6963 0.5790 0.4243
vn 0.7419 0.5524 0.3800
vn 0.6366 0.6570 0.4039
vn 0.6924 0.6208 0.3677
vn 0.5971 0.7560 0.2684
vn 0.4536 0.8411 0.2945
vn 0.3849 0.8813 0.2741
vn 0.3270 0.9090 0.2584
vn 0.2620 0.9612 0.0858
vn 0.2155 0.9747 0.0594
vn 0.1710 0.9843 -0.0426
vn 0.1508 0.9879 0.0373
vn 0.0254 0.9945 -0.1021
vn -0.0037 0.9976 -0.0690
vn -0.0835 0.9901 -0.1131
vn -0.1072 0.9927 -0.0545
vn -0.6189 0.5876 -0.5213
vn -0.6113 0.5914 -0.5260
vn -0.6865 0.1434 -0.7129
vn -0.7154 0.0755 -0.6946
vn -0.7837 0.5638 -0.2606
vn -0.8308 0.2707 -0.4864
vn -0.7475 0.5748 -0.3330
vn -0.3848 0.9100 0.1547
vn -0.6823 0.7308 -0.0177
vn -0.6199 0.7845 -0.0167
vn -0.6424 0.7624 0.0779
vn -0.5118 0.8589 0.0182
vn -0.6701 0.7418 -0.0242
vn -0.6685 0.5993 -0.4404
vn -0.7073 0.5329 -0.4646
vn -0.8178 0.4357 -0.3760
vn -0.9195 0.3580 -0.1625
vn -0.9518 0.3066 0.0030
vn -0.9729 0.2220 -0.0640
vn -0.9936 0.1129 0.0025
vn -0.9655 0.1936 -0.1738
vn -0.9702 0.1300 -0.2044
vn -0.9809 0.1460 -0.1282
vn -0.9609 0.0558 -0.2711
vn -0.9887 0.1130 -0.0989
vn -0.9850 0.0969 -0.1429
vn -0.9566 0.0638 -0.2845
vn -0.9787 0.0608 -0.1962
vn -0.9478 0.0509 -0.3148
vn -0.9827 0.0371 -0.1815
vn -0.9504 0.0373 -0.3089
vn -0.9516 0.0137 -0.3071
vn -0.9352 0.0107 -0.3539
vn -0.9514 -0.0230 -0.3072
vn -0.9670 -0.0515 -0.2496
vn -0.9540 -0.0613 -0.2935
vn -0.9110 -0.1491 0.3846
vn -0.9476 -0.0737 -0.3109
vn -0.8273 -0.1194 0.5489
vn 0.0265 -0.0637 0.9976
vn 0.1822 -0.0454 0.9822
vn 0.4071 0.0019 0.9134
vn 0.3352 -0.0049 0.9421
vn 0.4134 0.0028 0.9105
vn 0.3790 0.0006 0.9254
vn 0.4182 0.0021 0.9083
vn 0.4227 -0.0010 0.9063
vn 0.4257 0.0034 0.9048
vn 0.4247 -0.0047 0.9053
vn 0.4283 -0.0024 0.9037
vn 0.4315 -0.0061 0.9021
vn 0.4266 -0.0152 0.9043
vn 0.4322 -0.0112 0.9017
vn 0.4266 -0.0209 0.9042
vn 0.4330 -0.0174 0.9012
vn 0.4342 -0.0244 0.9005
vn 0.4350 -0.0318 0.8998
vn 0.4347 -0.0396 0.8997
vn 0.4339 -0.0481 0.8997
vn 0.4318 -0.0579 0.9001
vn 0.4280 -0.0687 0.9012
vn 0.4228 -0.0810 0.9026
vn 0.4136 -0.0935 0.9057
vn 0.3956 -0.1013 0.9128
vn 0.3807 -0.1030 0.9190
vn 0.3887 -0.1208 0.9134
vn 0.3666 -0.1169 0.9230
vn 0.3475 -0.1153 0.9306
vn 0.3503 -0.1451 0.9253
vn 0.3237 -0.1323 0.9369
vn 0.3859 -0.1502 0.9102
vn 0.4137 -0.1255 0.9017
vn 0.4324 -0.1033 0.8957
vn 0.4597 -0.0825 0.8842
vn 0.4787 -0.0684 0.8753
vn 0.4726 -0.0440 0.8802
vn 0.4747 -0.0243 0.8798
vn 0.4652 -0.0134 0.8851
vn 0.4700 -0.0063 0.8827
vn 0.4401 -0.0025 0.8979
vn -0.2551 -0.2239 0.9406
vn -0.6072 -0.1539 0.7795
vn -0.8962 -0.2437 -0.3706
vn -0.8725 -0.1844 -0.4524
vn -0.8819 -0.1579 -0.4442
vn -0.8669 -0.1374 -0.4791
vn -0.8671 -0.1555 -0.4733
vn -0.8567 -0.1731 -0.4859
vn -0.8444 -0.1840 -0.5032
vn -0.8412 -0.2484 -0.4803
vn -0.8482 -0.3945 -0.3535
vn -0.8102 -0.5456 -0.2139
vn -0.7123 -0.6869 -0.1440
vn -0.6519 -0.7581 -0.0189
vn -0.6762 -0.7365 -0.0198
vn -0.6050 -0.7844 -0.1368
vn -0.5762 -0.8072 -0.1281
vn -0.5548 -0.8320 0.0082
vn -0.4583 -0.8815 -0.1140
vn -0.5686 -0.7130 -0.4103
vn -0.5642 -0.7377 -0.3707
vn -0.7459 -0.5736 -0.3386
vn -0.6870 -0.6746 -0.2701
vn -0.5795 -0.7669 -0.2760
vn -0.2901 -0.9440 0.1575
vn -0.1640 -0.9702 0.1781
vn 0.0043 -0.9908 0.1354
vn 0.1110 -0.6777 0.7269
vn 0.3321 -0.7652 0.5515
vn 0.2607 -0.7733 0.5779
vn 0.8228 0.2846 0.4919
vn 0.9706 0.1871 0.1514
vn 0.9204 0.2537 0.2976
vn 0.7328 -0.5821 0.3523
vn -0.6221 -0.7826 0.0240
vn -0.5129 -0.8555 0.0709
vn -0.7414 -0.5998 0.3009
vn -0.6136 -0.7879 0.0522
vn -0.6027 -0.7782 0.1764
vn -0.5641 -0.8254 -0.0246
vn -0.0657 -0.9966 0.0501
vn -0.0595 -0.9971 -0.0480
vn -0.1280 -0.9882 -0.0835
vn -0.1515 -0.9841 -0.0929
vn -0.2543 -0.9636 -0.0829
vn -0.2798 -0.9588 -0.0499
vn -0.2908 -0.9563 -0.0309
vn -0.4856 -0.8581 -0.1668
vn -0.3356 -0.9420 -0.0087
vn -0.6664 -0.6820 -0.3015
vn -0.7455 -0.5499 -0.3767
vn -0.7045 -0.6578 -0.2665
vn -0.7472 -0.5096 -0.4267
vn -0.7633 -0.4609 -0.4527
vn -0.9117 -0.3550 -0.2068
vn -0.4411 -0.8934 -0.0855
vn -0.2687 -0.9626 -0.0334
vn -0.2686 -0.9062 -0.3266
vn -0.2386 -0.8957 -0.3752
vn -0.3640 -0.8201 -0.4414
vn -0.3278 -0.8051 -0.4944
vn -0.4494 -0.8230 -0.3473
vn -0.6267 -0.4329 -0.6480
vn -0.8505 -0.2404 -0.4679
vn -0.6930 0.3752 -0.6156
vn -0.5381 0.7102 -0.4539
vn -0.5438 0.7095 -0.4482
vn -0.6317 0.7517 0.1896
vn -0.9021 0.4282 0.0524
vn -0.9020 -0.0070 0.4316
vn -0.9408 0.2389 -0.2405
vn -0.8776 0.1305 -0.4613
vn -0.9303 -0.0306 -0.3655
vn -0.7967 -0.0170 -0.6041
vn -0.7689 0.0780 -0.6345
vn -0.8088 0.1037 -0.5789
vn -0.7460 0.1896 -0.6384
vn -0.6532 0.1740 -0.7369
vn -0.6117 0.2375 -0.7546
vn -0.5187 0.2771 -0.8088
vn -0.4159 0.3301 -0.8474
vn -0.2200 0.0080 -0.9755
vn -0.2267 0.1000 -0.9688
vn -0.1925 0.0231 -0.9810
vn -0.1892 -0.0061 -0.9819
vn -0.1462 -0.0304 -0.9888
vn -0.1066 -0.0581 -0.9926
vn -0.0492 -0.0952 -0.9942
vn 0.0264 -0.1445 -0.9892
vn 0.1169 -0.2004 -0.9727
vn 0.2216 -0.2800 -0.9341
vn 0.3270 -0.3966 -0.8578
vn 0.4199 -0.3848 -0.8220
vn 0.6089 -0.4384 -0.6611
vn 0.7233 -0.3899 -0.5699
vn 0.7968 -0.4481 -0.4054
vn 0.8895 -0.2675 -0.3705
vn 0.9190 -0.2066 -0.3357
vn 0.9249 -0.2692 -0.2684
vn 0.9382 -0.1409 -0.3160
vn 0.9617 -0.0804 -0.2622
vn 0.9855 0.0334 -0.1664
vn 0.9858 0.1454 -0.0841
vn 0.9735 0.2262 -0.0329
vn 0.9751 0.2208 -0.0212
vn 0.9734 0.2240 -0.0474
vn 0.9815 0.1906 0.0184
vn 0.9615 0.2509 0.1124
vn 0.9247 0.2954 0.2401
vn 0.8988 0.4016 0.1755
vn 0.9027 0.3338 0.2715
vn 0.8672 0.4331 0.2457
vn 0.7800 0.5379 0.3199
vn 0.7436 0.5596 0.3660
vn 0.7248 0.5845 0.3647
vn 0.6577 0.6507 0.3795
vn 0.5663 0.7179 0.4050
vn 0.5667 0.7323 0.3775
vn 0.5040 0.7896 0.3499
vn 0.3450 0.8634 0.3681
vn 0.3266 0.8998 0.2893
vn 0.2688 0.8957 0.3542
vn 0.2620 0.9330 0.2466
vn 0.1898 0.9593 0.2092
vn 0.1500 0.9781 0.1442
vn 0.0590 0.9842 0.1671
vn 0.0264 0.9949 0.0973
vn 0.0380 0.9962 0.0781
vn 0.0055 0.9991 0.0411
vn -0.0529 0.9986 0.0001
vn -0.2162 0.9762 0.0194
vn -0.2858 0.9569 0.0506
vn -0.6109 0.5997 -0.5168
vn -0.6588 0.7388 -0.1423
vn -0.8795 0.2560 -0.4011
vn -0.8599 0.2104 -0.4650
vn -0.7819 -0.0981 -0.6156
vn -0.7785 0.0254 -0.6271
vn -0.8751 0.1737 -0.4518
vn -0.7542 0.6550 -0.0458
vn -0.6761 0.7368 0.0063
vn -0.8541 0.4920 -0.1686
vn -0.7863 0.5513 -0.2789
vn -0.9429 0.3023 -0.1397
vn -0.6522 -0.1435 -0.7443
vn -0.9916 0.0922 -0.0910
vn -0.9893 0.1445 -0.0207
vn -0.9936 0.0909 -0.0666
vn -0.9701 -0.0023 -0.2428
vn -0.9780 0.0514 -0.2021
vn -0.9759 0.0263 -0.2168
vn -0.9810 0.0020 -0.1941
vn -0.9892 -0.0220 -0.1448
vn -0.9887 -0.0323 -0.1466
vn -0.9502 -0.0596 -0.3057
vn -0.9612 -0.0470 -0.2719
vn -0.9448 -0.0589 -0.3223
vn -0.9567 -0.0509 -0.2866
vn -0.9470 -0.0696 -0.3137
vn -0.9493 -0.0771 -0.3047
vn -0.9738 -0.1369 0.1815
vn -0.9623 -0.0926 -0.2556
vn -0.6559 -0.1654 0.7366
vn -0.9377 -0.1549 0.3109
vn -0.6154 -0.1856 0.7660
vn -0.2754 -0.1344 0.9519
vn -0.6869 -0.1446 0.7122
vn 0.3838 0.0126 0.9233
vn 0.4138 -0.0019 0.9104
vn 0.4321 -0.0011 0.9018
vn 0.4367 -0.0071 0.8996
vn 0.4401 -0.0121 0.8978
vn 0.4452 -0.0189 0.8952
vn 0.4463 -0.0316 0.8943
vn 0.4429 -0.0390 0.8957
vn 0.4490 -0.0435 0.8925
vn 0.4531 -0.0599 0.8894
vn 0.4422 -0.0711 0.8941
vn 0.4409 -0.0854 0.8935
vn 0.4617 -0.0345 0.8864
vn 0.4578 -0.0231 0.8887
vn 0.4547 -0.0142 0.8905
vn 0.4582 -0.0057 0.8888
vn 0.4453 -0.0067 0.8954
vn 0.0727 -0.0078 0.9973
vn 0.0823 0.0511 0.9953
vn 0.3689 0.0332 0.9289
vn -0.5984 0.1460 0.7878
vn -0.9436 -0.1721 0.2830
vn -0.9314 -0.1243 -0.3422
vn -0.8704 -0.1612 -0.4653
vn -0.8738 -0.1589 -0.4596
vn -0.8752 -0.1495 -0.4601
vn -0.8693 -0.1570 -0.4687
vn -0.8648 -0.2415 -0.4403
vn -0.8684 -0.3475 -0.3538
vn -0.7721 -0.6328 -0.0591
vn -0.7285 -0.6815 -0.0697
vn -0.7788 -0.6180 -0.1076
vn -0.7397 -0.6728 0.0169
vn -0.6213 -0.7723 0.1324
vn -0.5578 -0.8071 0.1937
vn -0.6351 -0.7657 -0.1011
vn -0.4615 -0.8868 -0.0234
vn -0.7383 -0.4759 -0.4780
vn -0.8346 -0.3807 -0.3981
vn -0.8634 -0.5044 0.0090
vn -0.6829 -0.6935 0.2297
vn -0.6557 -0.7319 0.1854
vn -0.5588 -0.8226 0.1050
vn -0.4306 -0.8880 0.1615
vn 0.0459 -0.9807 0.1899
vn 0.6340 0.3280 0.7003
vn 0.8944 0.1034 0.4351
vn 0.5678 -0.6689 0.4798
vn -0.4285 -0.9001 0.0787
vn -0.5622 -0.8269 -0.0165
vn -0.8924 -0.4339 0.1241
vn -0.6268 -0.6023 0.4943
vn -0.5429 -0.8080 0.2289
vn -0.5960 -0.8029 -0.0157
vn -0.2566 -0.8836 -0.3916
vn -0.3275 -0.8530 -0.4065
vn 0.0010 -0.9812 -0.1932
vn -0.0196 -0.9920 -0.1246
vn 0.1437 -0.9896 -0.0014
vn 0.0731 -0.9964 -0.0425
vn 0.0409 -0.9970 0.0664
vn 0.0851 -0.9961 0.0230
vn 0.0527 -0.9986 -0.0094
vn -0.0489 -0.9976 -0.0489
vn -0.1544 -0.9875 -0.0301
vn -0.2370 -0.9714 -0.0149
vn -0.2465 -0.9682 0.0420
vn -0.2795 -0.9588 0.0499
vn -0.3511 -0.9334 0.0737
vn -0.5114 -0.8586 0.0365
vn -0.4876 -0.8730 0.0143
vn -0.5965 -0.8026 0.0096
vn -0.6091 -0.7923 -0.0357
vn -0.6526 -0.7510 -0.1007
vn -0.8322 -0.5049 -0.2292
vn -0.6748 -0.7321 -0.0931
vn -0.8682 -0.4962 -0.0071
vn -0.8360 -0.5451 -0.0628
vn -0.6404 -0.6674 -0.3802
vn -0.6583 -0.5979 -0.4574
vn -0.6883 -0.7176 -0.1063
vn -0.7476 -0.5845 0.3153
vn -0.5041 -0.4000 0.7654
vn -0.3746 -0.8307 0.4117
vn -0.4427 -0.8370 -0.3215
vn -0.6558 -0.5207 -0.5467
vn -0.6493 -0.3523 -0.6741
vn -0.7168 0.2628 -0.6459
vn -0.5674 0.6517 -0.5034
vn -0.5122 0.7310 -0.4509
vn -0.5936 0.6598 -0.4608
vn -0.8235 0.1923 -0.5338
vn -0.4799 0.7459 -0.4619
vn -0.7351 0.6348 -0.2380
vn -0.9070 0.2686 -0.3244
vn -0.8088 0.4338 -0.3970
vn -0.8716 0.3919 -0.2944
vn -0.9812 0.1090 -0.1592
vn -0.7931 0.5504 -0.2608
vn -0.9313 0.3385 -0.1349
vn -0.8040 0.5805 -0.1287
vn -0.9089 0.3810 -0.1693
vn -0.7318 0.6815 -0.0051
vn -0.6483 0.7579 -0.0729
vn -0.8863 0.4579 -0.0693
vn -0.6395 0.7617 0.1041
vn -0.6040 0.7962 0.0347
vn -0.7945 0.6058 0.0426
vn -0.6558 0.7381 0.1587
vn -0.6188 0.7323 0.2841
vn -0.5558 0.7880 0.2648
vn -0.4683 0.7269 0.5023
vn -0.4157 0.7692 0.4853
vn -0.7330 0.6416 0.2258
vn -0.5941 0.6935 0.4075
vn -0.3138 0.5783 0.7530
vn -0.1665 0.5678 0.8062
vn -0.4147 0.6285 0.6580
vn -0.1610 0.4441 0.8814
vn -0.1919 0.4784 0.8569
vn -0.1866 0.5128 0.8380
vn -0.2161 0.4824 0.8489
vn -0.1597 0.5570 0.8150
vn -0.2772 0.6891 0.6696
vn -0.2812 0.6642 0.6927
vn -0.2563 0.5496 0.7951
vn -0.3741 0.5102 0.7744
vn -0.3068 0.3542 0.8834
vn -0.4512 0.2223 0.8643
vn -0.5724 0.4361 0.6944
vn -0.3084 0.0950 0.9465
vn -0.6465 0.1820 0.7409
vn -0.5491 -0.0252 0.8354
vn -0.6910 0.0384 0.7218
vn -0.4419 -0.1316 0.8874
vn -0.6607 -0.1866 0.7271
vn -0.6033 -0.3802 0.7011
vn -0.6077 -0.4013 0.6853
vn -0.6416 -0.2942 0.7084
vn -0.6994 -0.4007 0.5918
vn -0.5521 -0.6368 0.5382
vn -0.5896 -0.5743 0.5679
vn -0.7643 -0.4582 0.4538
vn -0.6978 -0.5697 0.4342
vn -0.6926 -0.6010 0.3988
vn -0.6345 -0.6587 0.4044
vn -0.7888 -0.5316 0.3085
vn -0.8110 -0.5087 0.2889
vn -0.7445 -0.5912 0.3100
vn -0.9961 0.0211 0.0858
vn -0.9107 -0.3683 0.1868
vn -0.6857 0.5569 -0.4687
vn -0.9614 -0.2700 -0.0528
vn -0.4245 0.4221 -0.8010
vn -0.5249 0.1353 -0.8403
vn -0.7439 -0.2325 -0.6265
vn -0.6475 -0.6593 -0.3823
vn -0.5674 -0.8222 -0.0456
vn -0.2316 -0.9242 0.3036
vn -0.3129 -0.9176 0.2451
vn -0.3516 -0.8668 0.3537
vn -0.1220 -0.8743 0.4698
vn -0.7299 -0.6811 0.0573
vn -0.2992 -0.8610 0.4114
vn -0.0202 -0.8606 0.5089
vn -0.7511 -0.6571 0.0646
vn -0.7529 -0.6532 -0.0800
vn -0.8458 -0.5243 -0.0988
vn -0.7994 -0.5969 0.0686
vn -0.9011 -0.4104 -0.1400
vn -0.8861 -0.3855 -0.2572
vn -0.8875 -0.2309 -0.3989
vn -0.8940 -0.2217 -0.3893
vn -0.8782 -0.1551 -0.4525
vn -0.8844 -0.1496 -0.4422
vn -0.8827 -0.1279 -0.4523
vn -0.8958 -0.1215 -0.4276
vn -0.9923 -0.0854 -0.0895
vn -0.9170 -0.1376 -0.3744
vn -0.9972 -0.0748 0.0038
vn -0.9772 -0.1584 0.1417
vn 0.3429 0.0866 0.9354
vn -0.8649 -0.2010 0.4600
vn -0.5855 -0.1877 0.7887
vn -0.3206 -0.1577 0.9340
vn 0.4098 0.0009 0.9122
vn 0.4474 -0.0004 0.8943
vn 0.4414 -0.0046 0.8973
vn 0.4371 -0.0031 0.8994
vn 0.4479 -0.0091 0.8940
vn 0.3703 -0.0238 0.9286
vn -0.5219 -0.3169 0.7920
vn -0.9647 -0.2606 -0.0379
vn -0.9555 -0.2555 0.1473
vn -0.9049 -0.1479 -0.3990
vn -0.8975 -0.1609 -0.4106
vn -0.9126 -0.1804 -0.3670
vn -0.9285 -0.3041 -0.2133
vn -0.9170 -0.3959 0.0494
vn -0.9463 -0.2499 -0.2050
vn -0.9204 -0.1865 -0.3438
vn -0.9148 -0.1611 -0.3704
vn -0.9143 -0.1443 -0.3784
vn -0.9812 -0.1394 -0.1333
vn -0.9731 -0.1651 -0.1606
vn -0.7257 -0.1283 0.6760
vn -0.2984 -0.0527 0.9530
vn -0.4742 -0.1741 0.8630
vn -0.9804 -0.1965 0.0127
vn -0.9397 -0.1489 -0.3078
vn -0.9231 -0.1670 -0.3465
vn -0.9370 -0.1747 -0.3026
vn -0.9346 -0.1184 -0.3354
vn -0.9727 -0.2130 -0.0924
vn -0.9607 -0.1429 -0.2380
vn -0.9818 -0.1667 -0.0913
vn -0.9779 -0.1900 0.0875
vn -0.9835 -0.1275 -0.1282
vn -0.9857 -0.1596 -0.0544
vn -0.8357 -0.0976 -0.5405
vn -0.6403 -0.6762 0.3644
vn -0.1665 -0.9080 0.3845
vn -0.5724 -0.8145 -0.0942
vn -0.7141 -0.5301 -0.4572
vn -0.5457 0.1337 -0.8272
vn -0.1569 0.6917 -0.7050
vn -0.2302 0.8944 -0.3834
vn -0.9720 0.2229 0.0743
vn -0.9064 -0.3948 0.1501
vn -0.9474 -0.3091 0.0830
vn -0.8067 -0.4054 0.4300
vn -0.8219 -0.3348 0.4608
vn -0.7926 -0.2664 0.5485
vn -0.7225 -0.1328 0.6785
vn -0.6632 -0.1147 0.7396
vn -0.6729 0.1170 0.7304
vn -0.6579 0.2581 0.7075
vn -0.6303 0.4335 0.6440
vn -0.5887 0.5835 0.5594
vn -0.4655 0.6728 0.5750
vn -0.4196 0.6749 0.6070
vn -0.2421 0.5169 0.8211
vn -0.1699 0.4962 0.8514
vn -0.1303 0.4899 0.8620
vn -0.0572 0.5842 0.8096
vn -0.1738 0.6660 0.7254
vn -0.0770 0.6991 0.7109
vn -0.2931 0.8203 0.4911
vn -0.4101 0.8584 0.3081
vn -0.5748 0.8071 0.1348
vn -0.4876 0.8632 0.1311
vn -0.5854 0.8091 0.0516
vn -0.5213 0.8520 0.0475
vn -0.5785 0.8157 0.0035
vn -0.6808 0.7246 -0.1072
vn -0.7447 0.6450 -0.1714
vn -0.8054 0.5421 -0.2397
vn -0.8491 0.4282 -0.3092
vn -0.8250 0.3050 -0.4757
vn -0.8184 0.3409 -0.4627
vn -0.9186 0.2575 -0.2998
vn -0.9470 -0.0557 -0.3165
vn -0.9915 -0.1005 -0.0822
vn -0.9390 0.3011 0.1661
vn -0.8016 0.5263 -0.2836
vn -0.8228 0.5255 0.2166
vn -0.7229 0.4289 -0.5417
vn -0.7099 0.4456 -0.5454
vn -0.8070 0.4933 -0.3247
vn -0.6813 0.6663 -0.3030
vn -0.7816 0.6038 -0.1565
vn -0.6523 0.7496 -0.1119
vn -0.6817 0.7266 -0.0859
vn -0.5544 0.8315 -0.0342
vn -0.5060 0.8599 -0.0678
vn -0.6515 0.7564 -0.0582
vn -0.4597 0.8870 0.0440
vn -0.4533 0.8912 0.0160
vn -0.3896 0.9117 0.1303
vn -0.2814 0.9084 0.3092
vn -0.1739 0.8500 0.4973
vn -0.0446 0.7586 0.6500
vn -0.0616 0.6683 0.7414
vn 0.0006 0.6591 0.7521
vn 0.0183 0.6019 0.7984
vn -0.1854 0.7001 0.6896
vn -0.2380 0.6658 0.7071
vn -0.3144 0.6195 0.7193
vn -0.4464 0.6690 0.5943
vn -0.5646 0.6856 0.4597
vn -0.5354 0.7068 0.4623
vn -0.5480 0.6880 0.4757
vn -0.5678 0.5928 0.5712
vn -0.5947 0.4491 0.6668
vn -0.6172 0.5360 0.5760
vn -0.6902 0.4431 0.5721
vn -0.6733 0.3052 0.6735
vn -0.7798 0.0786 0.6211
vn -0.8405 -0.1293 0.5262
vn -0.8609 -0.2406 0.4482
vn -0.8945 -0.3071 0.3248
vn -0.9287 -0.3086 0.2057
vn -0.9437 0.2633 -0.2004
vn 0.0558 0.8611 -0.5053
vn -0.4281 0.7094 -0.5599
vn -0.1716 0.9212 -0.3492
vn 0.0899 0.8347 -0.5434
vn -0.2787 0.6054 -0.7455
vn -0.7563 -0.1331 -0.6406
vn -0.3710 0.4839 -0.7926
vn -0.6335 -0.7736 -0.0140
vn -0.9695 0.2032 -0.1372
vn 0.1707 0.8719 -0.4590
vn -0.8414 0.3519 -0.4101
vn -0.7171 0.4323 -0.5466
vn -0.9365 -0.0131 -0.3503
vn -0.9860 -0.0907 0.1401
vn -0.9822 0.1875 -0.0070
vn -0.8816 -0.1092 0.4593
vn -0.9055 -0.0028 0.4243
vn -0.9358 0.1223 0.3308
vn -0.9499 0.0994 0.2963
vn -0.8885 0.2620 0.3766
vn -0.9739 0.1319 0.1847
vn -0.9051 -0.3673 -0.2144
vn -0.9973 -0.0023 0.0739
vn -0.9285 -0.3688 -0.0439
vn -0.6448 -0.7093 -0.2848
vn -0.5072 -0.7680 -0.3910
vn 0.1569 -0.0812 -0.9843
vn -0.0680 -0.5548 -0.8292
vn -0.3030 0.0338 -0.9524
vn -0.1681 0.0319 -0.9853
vn -0.9664 0.1417 -0.2147
vn -0.3291 -0.0347 -0.9437
vn -0.9976 0.0673 -0.0135
vn -0.9670 0.0200 -0.2541
vn -0.8955 0.1991 -0.3980
vn -0.9835 0.0809 0.1615
vn -0.9956 0.0807 0.0481
vn -0.7514 -0.1323 -0.6464
vn -0.9436 -0.0136 -0.3309
vn -0.5928 -0.2245 -0.7734
vn -0.6546 -0.1839 -0.7333
vn -0.4617 -0.1833 -0.8679
vn -0.3478 -0.2068 -0.9145
vn -0.9693 0.1606 -0.1864
vn -0.9682 -0.1311 0.2129
vn -0.9697 0.1575 0.1865
vn -0.4699 -0.4753 -0.7439
vn -0.6230 -0.5695 -0.5362
vn -0.9921 -0.0957 -0.0811
vn -0.9898 0.1423 0.0026
vn -0.8453 0.3904 0.3647
vn -0.8417 0.4235 0.3350
vn -0.7296 0.5197 0.4445
vn -0.7558 0.4483 0.4773
vn -0.6065 0.6177 0.5006
vn -0.6479 0.6205 0.4418
vn -0.6116 0.6653 0.4280
vn -0.5613 0.7084 0.4280
vn -0.6081 0.6718 0.4231
vn -0.5428 0.6831 0.4886
vn -0.4792 0.6910 0.5411
vn -0.4399 0.7327 0.5193
vn -0.4076 0.7394 0.5358
vn -0.2750 0.7492 0.6025
vn -0.1843 0.7694 0.6115
vn -0.0073 0.7414 0.6710
vn -0.0751 0.8520 0.5182
vn -0.0035 0.8716 0.4903
vn -0.1555 0.9327 0.3253
vn -0.4032 0.9142 0.0397
vn -0.4303 0.9018 -0.0385
vn -0.4550 0.8837 -0.1095
vn -0.5621 0.7970 -0.2210
vn -0.5804 0.7784 -0.2391
vn -0.6693 0.6139 -0.4185
vn -0.5075 0.8395 -0.1943
vn -0.4603 0.8773 -0.1355
vn -0.4277 0.9023 -0.0536
vn -0.4196 0.9014 -0.1067
vn -0.3383 0.9334 -0.1197
vn -0.8230 0.5533 -0.1285
vn -0.6323 0.7471 -0.2053
vn -0.2447 0.5311 0.8112
vn -0.2307 0.6871 0.6889
vn 0.0352 0.4760 0.8787
vn 0.5447 0.1967 0.8153
vn 0.7677 -0.0651 0.6374
vn 0.6487 0.1392 0.7482
vn 0.8023 -0.0803 0.5915
vn 0.6453 0.2721 0.7138
vn 0.7213 -0.0439 0.6912
vn 0.8108 -0.0608 0.5822
vn 0.3900 0.6336 0.6681
vn 0.5484 0.5133 0.6602
vn 0.2664 0.7748 0.5733
vn 0.8126 0.0027 0.5828
vn 0.0184 0.8844 0.4665
vn -0.0184 0.9214 0.3881
vn 0.1198 0.9404 0.3183
vn 0.7379 0.4961 0.4577
vn 0.3156 0.9080 0.2756
vn 0.1186 0.9619 0.2463
vn 0.1135 0.9667 0.2294
vn 0.1765 0.9452 0.2745
vn 0.1237 0.9660 0.2269
vn 0.1393 0.9765 0.1646
vn 0.2078 0.9545 0.2140
vn 0.1530 0.9848 0.0818
vn 0.3080 0.9329 0.1866
vn 0.2038 0.9740 0.0984
vn 0.2978 0.9493 0.1003
vn 0.1749 0.9831 0.0543
vn 0.3853 0.9056 0.1774
vn 0.3796 0.9209 0.0882
vn 0.2373 0.9703 0.0463
vn 0.4268 0.8939 0.1371
vn 0.4969 0.8599 0.1167
vn 0.4457 0.8889 0.1059
vn 0.3387 0.9406 0.0246
vn 0.4387 0.8926 0.1038
vn 0.5145 0.8461 0.1396
vn 0.5257 0.8318 0.1782
vn 0.4678 0.8811 0.0701
vn 0.3757 0.9267 -0.0099
vn 0.4084 0.9112 -0.0546
vn 0.5625 0.8159 0.1337
vn 0.5144 0.8542 -0.0754
vn 0.6063 0.7946 0.0311
vn 0.5827 0.7920 -0.1822
vn 0.6817 0.7202 -0.1289
vn 0.6594 0.7192 -0.2189
vn 0.7672 0.6239 -0.1488
vn 0.8241 0.5565 -0.1057
vn 0.7504 0.6266 -0.2104
vn 0.8287 0.5257 -0.1919
vn 0.7657 0.5573 -0.3212
vn 0.8806 0.4529 -0.1392
vn 0.8456 0.4475 -0.2909
vn 0.9183 0.3605 -0.1638
vn 0.9243 0.3257 -0.1992
vn 0.8619 0.3004 -0.4085
vn 0.7574 0.4194 -0.5004
vn 0.9228 0.2442 -0.2979
vn 0.8298 0.1879 -0.5254
vn 0.9360 0.2137 -0.2796
vn 0.8602 0.1478 -0.4880
vn 0.7628 0.1383 -0.6316
vn 0.7636 0.1298 -0.6325
vn 0.8263 0.1355 -0.5467
vn 0.7293 0.1409 -0.6695
vn 0.6831 0.1323 -0.7182
vn 0.8082 0.1872 -0.5584
vn 0.7202 -0.1178 -0.6837
vn 0.6287 0.0316 -0.7770
vn 0.5636 0.0575 -0.8241
vn 0.5101 -0.0045 -0.8601
vn 0.4708 -0.0333 -0.8816
vn 0.5518 -0.0034 -0.8340
vn 0.4698 -0.0482 -0.8814
vn 0.3709 -0.0877 -0.9245
vn 0.3828 -0.1256 -0.9153
vn 0.3435 -0.0679 -0.9367
vn 0.3140 -0.1456 -0.9382
vn 0.3088 -0.1518 -0.9389
vn 0.2701 -0.1135 -0.9561
vn 0.2368 -0.1435 -0.9609
vn 0.1887 -0.1011 -0.9768
vn 0.1431 -0.0028 -0.9897
vn 0.2552 -0.0091 -0.9669
vn 0.0693 -0.0316 -0.9971
vn 0.0362 0.0494 -0.9981
vn 0.1418 0.0594 -0.9881
vn 0.2470 0.0958 -0.9643
vn 0.3382 0.0714 -0.9383
vn 0.4209 0.0305 -0.9066
vn 0.5431 0.0610 -0.8374
vn 0.5662 0.0184 -0.8241
vn 0.6233 0.0939 -0.7763
vn 0.6245 0.0771 -0.7772
vn 0.6451 0.1207 -0.7545
vn 0.7000 0.1569 -0.6967
vn 0.7056 0.1899 -0.6827
vn 0.7183 0.2880 -0.6333
vn 0.6494 0.4791 -0.5905
vn 0.6693 0.5771 -0.4680
vn 0.6383 0.6704 -0.3783
vn 0.5570 0.7672 -0.3182
vn 0.5231 0.8113 -0.2611
vn 0.4899 0.8228 -0.2881
vn 0.4873 0.8393 -0.2410
vn 0.4219 0.8937 -0.1527
vn 0.3241 0.9433 -0.0723
vn 0.2958 0.9532 -0.0632
vn 0.2535 0.9666 -0.0383
vn 0.1967 0.9805 -0.0038
vn 0.1327 0.9911 0.0138
vn 0.1127 0.9936 0.0077
vn 0.0840 0.9964 -0.0118
vn 0.1130 0.9915 0.0648
vn 0.1267 0.9833 0.1308
vn 0.3355 0.9231 0.1879
vn 0.5670 0.8237 -0.0021
vn 0.8461 0.5222 0.1068
vn 0.9555 0.2817 0.0874
vn 0.8826 0.2316 0.4092
vn 0.7121 0.4687 0.5228
vn 0.7880 0.1499 0.5971
vn 0.0513 0.8985 0.4360
vn 0.1592 0.8464 0.5082
vn -0.4669 0.8774 -0.1109
vn -0.6415 0.7241 -0.2535
vn -0.3230 0.8982 -0.2980
vn -0.4357 0.8813 -0.1829
vn -0.1424 0.9898 -0.0002
vn -0.1140 0.9917 -0.0588
vn -0.2543 0.9652 -0.0616
vn -0.2402 0.9579 -0.1575
vn -0.3508 0.9199 -0.1754
vn -0.2744 0.9434 -0.1864
vn -0.3697 0.9120 -0.1777
vn -0.4232 0.8892 -0.1741
vn -0.4883 0.8533 -0.1829
vn -0.3361 0.9272 -0.1655
vn -0.3865 0.9025 -0.1902
vn -0.4943 0.8429 -0.2125
vn -0.4834 0.8521 -0.2007
vn -0.5091 0.8377 -0.1978
vn -0.4191 0.8959 -0.1476
vn -0.5150 0.8327 -0.2035
vn -0.4706 0.8647 -0.1754
vn -0.5071 0.8192 -0.2680
vn -0.5377 0.7761 -0.3296
vn -0.4566 0.8002 -0.3888
vn -0.5191 0.7421 -0.4240
vn -0.5874 0.6787 -0.4408
vn -0.4167 0.7793 -0.4680
vn -0.4462 0.6873 -0.5732
vn -0.5601 0.6517 -0.5115
vn -0.4979 0.5250 -0.6903
vn -0.3712 0.5583 -0.7420
vn -0.3008 0.6329 -0.7134
vn -0.3614 0.4447 -0.8196
vn -0.4239 0.3723 -0.8257
vn -0.2857 0.4950 -0.8206
vn -0.3270 0.4074 -0.8527
vn -0.3118 0.3213 -0.8942
vn -0.2293 0.1641 -0.9594
vn -0.1737 0.1749 -0.9691
vn -0.1202 0.0583 -0.9910
vn -0.1232 0.0004 -0.9924
vn -0.0272 -0.0377 -0.9989
vn -0.0042 -0.1076 -0.9942
vn 0.0536 -0.1433 -0.9882
vn 0.1212 -0.1620 -0.9793
vn 0.2174 -0.1895 -0.9575
vn 0.2933 -0.2358 -0.9265
vn 0.4943 -0.3128 -0.8111
vn 0.5504 -0.3850 -0.7409
vn 0.6504 -0.3470 -0.6757
vn 0.7315 -0.2909 -0.6166
vn 0.8354 -0.2872 -0.4686
vn 0.9100 -0.1965 -0.3650
vn 0.9342 -0.1493 -0.3240
vn 0.9432 -0.0886 -0.3201
vn 0.9545 0.0165 -0.2979
vn 0.9487 0.1431 -0.2819
vn 0.9528 0.2310 -0.1972
vn 0.9583 0.2373 -0.1593
vn 0.9715 0.2372 -0.0041
vn 0.9460 0.3240 0.0095
vn 0.9180 0.3718 0.1379
vn 0.9020 0.4185 0.1060
vn 0.8985 0.4204 0.1261
vn 0.8760 0.4464 0.1825
vn 0.8589 0.4693 0.2053
vn 0.8312 0.5111 0.2188
vn 0.8177 0.5264 0.2332
vn 0.8103 0.5297 0.2506
vn 0.7786 0.5791 0.2417
vn 0.7418 0.6097 0.2792
vn 0.6953 0.6402 0.3267
vn 0.6262 0.6934 0.3564
vn 0.5434 0.7528 0.3715
vn 0.4528 0.8004 0.3929
vn 0.4838 0.7851 0.3867
vn 0.4164 0.8243 0.3836
vn 0.3653 0.8419 0.3972
vn 0.3685 0.8510 0.3742
vn 0.2942 0.8545 0.4281
vn 0.0887 0.9032 0.4200
vn 0.2124 0.8775 0.4299
vn 0.3103 0.8575 0.4103
vn 0.2043 0.9115 0.3569
vn 0.2864 0.8901 0.3545
vn 0.3608 0.8398 0.4057
vn 0.3538 0.8492 0.3921
vn 0.3564 0.8522 0.3831
vn 0.2908 0.8939 0.3413
vn 0.3958 0.8308 0.3912
vn 0.3919 0.8457 0.3623
vn 0.3498 0.8858 0.3050
vn 0.4419 0.8337 0.3310
vn 0.3935 0.8818 0.2598
vn 0.5340 0.8025 0.2663
vn 0.4382 0.8741 0.2096
vn 0.6154 0.7439 0.2606
vn 0.5868 0.7982 0.1363
vn 0.5286 0.8376 0.1379
vn 0.6611 0.7226 0.2021
vn 0.5930 0.7896 0.1578
vn 0.5619 0.8169 0.1301
vn 0.6989 0.6872 0.1982
vn 0.6614 0.7188 0.2142
vn 0.5905 0.7823 0.1985
vn 0.7161 0.6599 0.2272
vn 0.6177 0.7650 0.1823
vn 0.8164 0.5384 0.2090
vn 0.8536 0.5194 0.0394
vn 0.7495 0.6608 0.0408
vn 0.8877 0.4429 0.1262
vn 0.8786 0.4771 -0.0209
vn 0.9100 0.4101 0.0613
vn 0.9132 0.4061 0.0347
vn 0.8955 0.4428 -0.0454
vn 0.9378 0.3448 -0.0399
vn 0.9423 0.3162 -0.1096
vn 0.9207 0.3830 -0.0747
vn 0.9609 0.2620 -0.0891
vn 0.9674 0.2278 -0.1104
vn 0.9694 0.2047 -0.1355
vn 0.9528 0.2628 -0.1522
vn 0.9714 0.2215 -0.0857
vn 0.9763 0.1726 -0.1307
vn 0.9779 0.1469 -0.1490
vn 0.9729 0.1948 -0.1247
vn 0.9793 0.1254 -0.1588
vn 0.9594 0.2202 -0.1762
vn 0.9706 0.1544 -0.1847
vn 0.9544 0.1373 -0.2650
vn 0.9738 0.0650 -0.2180
vn 0.9513 0.1058 -0.2896
vn 0.9308 0.1004 -0.3514
vn 0.9652 0.0453 -0.2574
vn 0.9026 0.0675 -0.4252
vn 0.9458 -0.0381 -0.3224
vn 0.8553 -0.0952 -0.5093
vn 0.9366 -0.1264 -0.3267
vn 0.8637 -0.2010 -0.4623
vn 0.7682 -0.2148 -0.6032
vn 0.6779 -0.2575 -0.6886
vn 0.6093 -0.1638 -0.7759
vn 0.6318 -0.2872 -0.7199
vn 0.5202 -0.1806 -0.8347
vn 0.4020 -0.0538 -0.9141
vn 0.3694 -0.1937 -0.9089
vn 0.3016 -0.0955 -0.9486
vn 0.2673 -0.1592 -0.9504
vn 0.2675 -0.1634 -0.9496
vn 0.1108 -0.1288 -0.9855
vn 0.0223 -0.0907 -0.9956
vn -0.0001 0.0013 -1.0000
vn 0.0103 0.1201 -0.9927
vn 0.1233 0.1391 -0.9826
vn 0.2422 0.1528 -0.9581
vn 0.5146 0.0874 -0.8530
vn 0.6789 0.1495 -0.7189
vn 0.6915 0.1835 -0.6987
vn 0.6602 0.2744 -0.6992
vn 0.5842 0.4225 -0.6929
vn 0.4753 0.5577 -0.6805
vn 0.5089 0.6281 -0.5886
vn 0.4740 0.6690 -0.5726
vn 0.4525 0.7099 -0.5397
vn 0.4496 0.7740 -0.4458
vn 0.3705 0.8318 -0.4133
vn 0.3195 0.8905 -0.3238
vn 0.3742 0.8889 -0.2641
vn 0.2735 0.9412 -0.1984
vn 0.2093 0.9657 -0.1535
vn 0.1870 0.9751 -0.1194
vn 0.1084 0.9925 -0.0572
vn 0.0590 0.9974 -0.0402
vn 0.0108 0.9995 -0.0284
vn 0.0076 0.9973 -0.0726
vn 0.0023 0.9994 -0.0336
vn 0.1997 0.9790 -0.0411
vn 0.6667 0.6634 -0.3397
vn 0.9478 0.2481 -0.2005
vn 0.2985 0.8844 0.3589
vn -0.0440 0.9629 0.2663
vn -0.8079 0.5753 -0.1273
vn -0.4465 0.6618 -0.6022
vn -0.7166 0.5747 -0.3952
vn -0.8303 0.3956 -0.3926
vn -0.9301 0.2351 -0.2822
vn -0.9111 0.3152 -0.2655
vn -0.1447 0.9884 -0.0456
vn -0.7432 0.6658 0.0665
vn -0.1840 0.9828 0.0137
vn -0.6132 0.7808 0.1196
vn -0.4169 0.9018 0.1140
vn -0.1103 0.9929 -0.0453
vn -0.0846 0.9925 -0.0883
vn -0.2003 0.9792 -0.0339
vn -0.1313 0.9849 -0.1127
vn -0.2214 0.9600 -0.1715
vn -0.2759 0.9489 -0.1532
vn -0.3389 0.9370 -0.0844
vn -0.3330 0.9357 -0.1163
vn -0.3789 0.9227 -0.0719
vn -0.4085 0.9062 -0.1094
vn -0.4218 0.8940 -0.1513
vn -0.4669 0.8435 -0.2656
vn -0.4054 0.8695 -0.2820
vn -0.3434 0.8136 -0.4692
vn -0.3584 0.7860 -0.5038
vn -0.3230 0.7513 -0.5755
vn -0.2630 0.7567 -0.5986
vn -0.2159 0.7115 -0.6687
vn -0.2040 0.6100 -0.7657
vn -0.2354 0.4905 -0.8390
vn -0.2113 0.3733 -0.9033
vn -0.1469 0.4999 -0.8536
vn -0.1238 0.3859 -0.9142
vn -0.0809 0.1507 -0.9853
vn -0.0259 0.0327 -0.9991
vn 0.0004 0.0815 -0.9967
vn 0.1732 -0.1649 -0.9710
vn 0.2620 -0.1280 -0.9565
vn 0.5961 -0.2909 -0.7484
vn 0.8891 0.4311 0.1537
vn 0.8557 0.4720 0.2120
vn -0.0357 0.2818 -0.9588
vn 0.0280 0.2552 -0.9665
vn 0.1999 0.2567 -0.9456
vn 0.2477 0.2803 -0.9274
vn 0.2640 0.1664 -0.9501
vn 0.3827 0.1753 -0.9071
vn 0.5963 0.1151 -0.7945
vn 0.6033 0.2222 -0.7659
vn 0.4828 0.4759 -0.7351
vn 0.4054 0.5554 -0.7260
vn 0.3544 0.6405 -0.6813
vn 0.3217 0.6737 -0.6654
vn 0.3046 0.7029 -0.6428
vn 0.2637 0.7677 -0.5841
vn 0.1639 0.8754 -0.4548
vn 0.2040 0.9229 -0.3264
vn 0.1324 0.9334 -0.3336
vn 0.0933 0.9701 -0.2241
vn 0.0072 0.9907 -0.1359
vn -0.0426 0.9952 -0.0885
vn -0.0673 0.9954 -0.0679
vn -0.0952 0.9928 -0.0730
vn -0.0993 0.9871 -0.1253
vn -0.0620 0.9929 -0.1020
vn -0.1725 0.9762 -0.1314
vn 0.1552 0.9231 -0.3517
vn 0.3963 0.5172 -0.7586
vn 0.5074 0.6430 -0.5737
vn 0.6902 0.6129 -0.3846
vn 0.5979 0.7961 -0.0940
vn 0.4913 0.8425 0.2209
vn -0.4835 0.8736 0.0556
vn -0.3133 0.9393 0.1399
vn -0.6147 0.7743 -0.1502
vn -0.7075 0.7002 -0.0957
vn -0.9488 0.2032 -0.2418
vn -0.9640 0.2220 -0.1465
vn -0.7885 0.5504 -0.2744
vn -0.4916 0.8708 -0.0030
vn 0.1491 0.5033 -0.8511
vn -0.0154 0.5938 -0.8045
vn -0.1234 0.9033 -0.4109
vn -0.3296 0.9372 -0.1143
vn -0.2248 0.9678 -0.1137
vn -0.1567 0.9816 -0.1092
vn -0.1518 0.9838 -0.0958
vn -0.1318 0.9774 -0.1655
vn -0.0686 0.9659 -0.2497
vn 0.0023 0.9376 -0.3478
vn -0.0235 0.8986 -0.4382
vn 0.0070 0.8707 -0.4917
vn 0.0392 0.8347 -0.5494
vn 0.1099 0.7830 -0.6122
vn 0.1382 0.7069 -0.6937
vn 0.1647 0.6662 -0.7274
vn 0.2339 0.6456 -0.7270
vn 0.2935 0.5859 -0.7553
vn 0.3766 0.3776 -0.8459
vn 0.2216 0.4236 -0.8783
vn 0.1214 0.5808 -0.8049
vn 0.0742 0.6475 -0.7584
vn 0.0016 0.6517 -0.7585
vn -0.0061 0.7025 -0.7117
vn -0.0609 0.7745 -0.6297
vn -0.0823 0.8194 -0.5673
vn -0.1193 0.8464 -0.5190
vn -0.1404 0.9266 -0.3489
vn -0.2103 0.9640 -0.1626
vn -0.2650 0.9579 -0.1102
vn -0.3311 0.9388 -0.0945
vn -0.3627 0.8967 -0.2538
vn -0.4003 0.9113 -0.0965
vn -0.3165 0.4543 -0.8327
vn -0.5979 0.7606 -0.2529
vn -0.8439 0.2446 0.4776
vn -0.9422 0.3277 0.0702
vn -0.8871 0.4090 -0.2141
vn -0.7060 0.7079 0.0200
vn -0.5846 0.7747 0.2409
vn -0.7566 0.5636 0.3316
vn -0.5134 0.8576 -0.0306
vn -0.7591 0.6485 0.0571
vn -0.6861 0.6741 -0.2736
vn -0.3730 0.9264 -0.0516
vn -0.2091 0.9758 -0.0643
vn -0.2862 0.9494 -0.1293
vn -0.3760 0.9221 -0.0918
vn -0.3387 0.9379 -0.0750
vn -0.4030 0.9129 -0.0644
vn -0.3863 0.9214 -0.0430
vn -0.3674 0.9287 -0.0495
vn -0.3789 0.9241 -0.0503
vn -0.3865 0.9140 -0.1234
vn -0.3498 0.9262 -0.1408
vn -0.3080 0.8805 -0.3604
vn -0.2255 0.8285 -0.5126
vn -0.2409 0.7985 -0.5517
vn -0.1766 0.7782 -0.6027
vn -0.2019 0.7257 -0.6577
vn -0.1521 0.7153 -0.6821
vn -0.1588 0.6792 -0.7165
vn -0.1898 0.6984 -0.6901
vn -0.1158 0.6599 -0.7423
vn -0.1401 0.6063 -0.7828
vn -0.0773 0.6037 -0.7934
vn -0.1294 0.5375 -0.8333
vn -0.0834 0.5223 -0.8487
vn -0.0366 0.4045 -0.9138
vn 0.1181 0.3957 -0.9108
vn 0.0303 0.5194 -0.8540
vn -0.0285 0.6144 -0.7885
vn -0.0662 0.5701 -0.8189
vn -0.0634 0.6031 -0.7952
vn -0.0530 0.6385 -0.7678
vn -0.0991 0.6867 -0.7202
vn -0.0854 0.6454 -0.7590
vn -0.1442 0.7693 -0.6224
vn -0.1475 0.7490 -0.6459
vn -0.1661 0.8022 -0.5735
vn -0.1830 0.8665 -0.4644
vn -0.1943 0.8267 -0.5281
vn -0.2237 0.8697 -0.4400
vn -0.2229 0.9312 -0.2883
vn -0.2682 0.9228 -0.2766
vn -0.3008 0.9469 -0.1139
vn -0.3559 0.9309 -0.0824
vn -0.3878 0.9199 -0.0586
vn -0.4406 0.8900 -0.1171
vn -0.5225 0.6441 -0.5587
vn -0.8758 0.4728 -0.0974
vn -0.3987 0.9156 -0.0523
vn -0.3611 0.9300 -0.0680
vn -0.1198 0.6932 -0.7107
vn -0.0783 0.6366 -0.7672
vn 0.9306 0.1117 -0.3485
vn 0.9597 0.1365 -0.2455
vn 0.8238 0.5583 -0.0980
vn -0.0724 0.8986 0.4328
vn -0.0310 0.8302 0.5566
vn 0.0549 0.8669 0.4955
vn -0.0602 0.9695 0.2374
vn 0.2014 0.7348 0.6477
vn -0.1405 0.9611 0.2378
vn -0.1068 0.9066 0.4084
vn -0.1442 0.9814 0.1268
vn -0.1935 0.9548 0.2258
vn -0.1558 0.9857 0.0639
vn -0.2300 0.9610 0.1533
vn -0.1750 0.9827 0.0611
vn -0.3040 0.9467 0.1064
vn -0.2827 0.9551 0.0886
vn -0.3510 0.9303 0.1065
vn -0.4101 0.9044 0.1182
vn -0.4515 0.8702 0.1972
vn -0.4546 0.8834 0.1136
vn -0.3891 0.9175 0.0824
vn -0.3206 0.9455 0.0569
vn -0.5200 0.8409 0.1502
vn -0.6054 0.7722 0.1931
vn -0.5703 0.8156 0.0979
vn -0.6716 0.7011 0.2396
vn -0.6597 0.7304 0.1771
vn -0.6985 0.6812 0.2195
vn -0.9039 0.3687 -0.2169
vn -0.7412 0.6450 0.1859
vn -0.9030 0.1019 -0.4175
vn -0.8176 0.5558 0.1503
vn -0.7569 -0.1565 -0.6345
vn -0.9512 0.2031 -0.2321
vn -0.8835 0.4333 0.1779
vn -0.8433 -0.2188 -0.4910
vn -0.8336 -0.0490 -0.5502
vn -0.7915 -0.0319 -0.6103
vn -0.6528 -0.4098 -0.6371
vn -0.8903 0.0903 -0.4464
vn -0.6691 -0.3193 -0.6711
vn -0.7482 -0.2704 -0.6059
vn -0.0556 0.9972 0.0498
vn -0.7070 -0.4298 -0.5616
vn -0.8799 -0.0661 -0.4705
vn -0.9492 0.0458 -0.3114
vn -0.9885 0.1015 0.1125
vn -0.9920 0.0633 -0.1090
vn -0.9823 0.0603 0.1772
vn -0.9970 0.0695 0.0349
vn -0.9828 -0.0438 -0.1793
vn -0.9879 -0.0100 -0.1550
vn -0.9883 -0.0705 -0.1354
vn -0.9817 -0.1241 -0.1446
vn -0.9855 -0.0619 -0.1579
vn -0.9486 -0.0850 -0.3049
vn -0.9558 -0.0731 -0.2849
vn -0.9493 -0.1316 -0.2854
vn -0.9712 -0.1745 -0.1619
vn -0.9526 -0.0610 -0.2979
vn -0.9778 -0.0064 -0.2096
vn -0.8974 -0.1577 -0.4121
vn -0.9618 0.2727 0.0220
vn -0.8607 0.4392 0.2576
vn -0.7650 0.5273 0.3699
vn -0.7320 0.5588 0.3898
vn -0.7122 0.5896 0.3810
vn -0.5817 0.6993 0.4156
vn -0.5580 0.7283 0.3978
vn -0.5678 0.7251 0.3896
vn -0.4758 0.7627 0.4381
vn -0.4133 0.7953 0.4435
vn -0.2170 0.7671 0.6037
vn 0.0157 0.7818 0.6233
vn 0.0109 0.8570 0.5152
vn -0.1454 0.8947 0.4224
vn -0.2193 0.8952 0.3881
vn -0.2669 0.8536 0.4474
vn -0.2162 0.8404 0.4970
vn -0.5663 0.7582 0.3232
vn -0.4997 0.8123 0.3007
vn -0.6164 0.7282 0.2996
vn -0.6482 0.6961 0.3087
vn -0.6697 0.6689 0.3227
vn -0.7033 0.6623 0.2582
vn -0.6980 0.6345 0.3320
vn -0.7780 0.5554 0.2938
vn -0.8008 0.4982 0.3325
vn -0.7829 0.5164 0.3469
vn -0.8102 0.4832 0.3318
vn -0.9744 0.2089 -0.0830
vn -0.7403 0.6253 0.2469
vn -0.5548 0.8072 0.2016
vn -0.3630 0.9098 0.2013
vn -0.2587 0.9334 0.2487
vn -0.0946 0.9534 0.2864
vn 0.0700 0.8236 0.5628
vn -0.0281 0.7685 0.6392
vn 0.3586 0.3005 0.8838
vn 0.2545 0.6341 0.7301
vn -0.5499 0.3850 -0.7412
vn -0.6078 0.5501 -0.5727
vn -0.6769 0.3686 -0.6371
vn -0.6764 0.5305 -0.5109
vn -0.5984 0.6844 -0.4166
vn -0.5246 0.8047 -0.2779
vn -0.5026 0.8405 -0.2025
vn -0.7066 0.7044 0.0677
vn -0.5955 0.7492 -0.2898
vn -0.5920 0.7463 -0.3044
vn -0.7203 0.5708 -0.3941
vn -0.6971 0.5704 -0.4344
vn -0.7048 0.4969 -0.5063
vn -0.7580 0.4225 -0.4969
vn -0.7643 0.3604 -0.5348
vn -0.7751 0.3521 -0.5247
vn -0.8013 0.2121 -0.5593
vn -0.7861 0.1163 -0.6070
vn -0.7844 0.2656 -0.5606
vn -0.7998 0.3946 -0.4524
vn -0.8647 0.4858 -0.1279
vn -0.7278 0.6400 -0.2464
vn -0.8518 0.4967 0.1666
vn -0.9429 0.1662 0.2885
vn -0.9484 0.3171 0.0051
vn -0.8456 0.3485 -0.4043
vn -0.7411 0.6500 -0.1682
vn -0.8898 -0.3232 0.3221
vn -0.6944 0.7166 0.0654
vn -0.7404 -0.3676 0.5628
vn -0.6526 -0.5421 0.5294
vn -0.9782 -0.1884 -0.0877
vn -0.8993 -0.4135 -0.1424
vn -0.6821 -0.5693 0.4591
vn -0.9288 -0.3689 0.0351
vn -0.9555 -0.2799 0.0930
vn -0.4805 -0.7868 0.3875
vn -0.5714 -0.7660 0.2946
vn -0.9750 -0.1833 -0.1257
vn -0.2212 -0.8629 0.4543
vn -0.5615 -0.5996 0.5703
vn -0.7458 -0.5736 0.3388
vn -0.6796 -0.6262 0.3821
vn -0.9593 -0.2819 0.0153
vn -0.6258 -0.5664 0.5363
vn -0.5393 -0.2383 0.8077
vn -0.2816 0.2928 0.9138
vn -0.1141 0.8518 0.5114
vn -0.2405 0.6165 0.7497
vn -0.7819 -0.0529 0.6212
vn -0.6436 0.3605 0.6752
vn -0.9722 -0.2329 0.0220
vn -0.0955 0.7556 -0.6480
vn -0.9944 0.0994 -0.0356
vn -0.9516 0.2202 0.2144
vn -0.9263 0.2987 0.2294
vn 0.2892 0.6856 -0.6680
vn 0.2725 0.8224 -0.4994
vn -0.2042 0.6463 -0.7352
vn -0.8462 0.5143 -0.1394
vn -0.8670 0.4336 -0.2454
vn -0.9836 0.1767 -0.0355
vn -0.6628 0.2200 -0.7158
vn -0.4612 0.7834 -0.4166
vn -0.4831 -0.8377 0.2549
vn -0.5067 -0.8583 -0.0807
vn -0.6877 -0.6539 0.3154
vn -0.7074 -0.6493 0.2791
vn -0.4669 -0.7677 0.4389
vn -0.4691 -0.8250 0.3153
vn -0.2827 -0.7387 0.6118
vn -0.0360 -0.7627 0.6457
vn -0.0502 -0.8920 0.4492
vn -0.0375 -0.8851 0.4639
vn -0.1203 -0.9499 0.2884
vn -0.0988 -0.9583 0.2680
vn -0.0177 -0.9531 0.3021
vn 0.0606 -0.9195 0.3885
vn -0.2704 -0.9336 0.2352
vn -0.5429 -0.8364 0.0755
vn -0.2930 -0.9479 -0.1249
vn -0.4569 -0.8820 -0.1155
vn -0.3206 -0.9063 -0.2753
vn -0.2933 -0.9434 -0.1545
vn -0.1926 -0.9080 -0.3721
vn -0.4437 -0.8155 -0.3717
vn -0.6907 -0.6363 -0.3436
vn -0.7384 -0.5504 -0.3896
vn -0.7635 -0.6147 -0.1981
vn -0.7530 -0.6258 -0.2034
vn -0.4108 -0.9117 0.0030
vn -0.2361 -0.9501 0.2039
vn -0.2808 -0.9561 -0.0840
vn -0.0642 -0.9852 0.1589
vn -0.0921 -0.8827 0.4608
vn -0.3292 -0.8740 0.3574
vn 0.1553 -0.2010 0.9672
vn 0.4291 -0.6641 0.6123
vn 0.6851 -0.0762 0.7244
vn 0.4636 -0.7168 0.5208
vn -0.3106 -0.9482 0.0664
vn -0.8012 -0.5739 -0.1695
vn -0.1368 -0.9879 0.0733
vn -0.0206 -0.9983 0.0553
vn 0.0455 -0.9982 0.0386
vn -0.0512 -0.9983 0.0274
vn -0.1747 -0.9838 0.0413
vn -0.1863 -0.9776 0.0982
vn -0.2400 -0.9658 0.0986
vn -0.2788 -0.9531 0.1179
vn -0.3273 -0.9351 0.1355
vn -0.4360 -0.8932 0.1102
vn -0.5533 -0.8329 0.0119
vn -0.5789 -0.8143 -0.0422
vn -0.5913 -0.8057 -0.0342
vn -0.6548 -0.7558 0.0057
vn -0.8492 -0.5281 -0.0047
vn -0.6539 -0.7435 -0.1399
vn -0.7071 -0.7019 0.0855
vn -0.7774 -0.6279 0.0367
vn -0.8230 -0.5681 -0.0049
vn -0.9134 -0.3549 -0.1996
vn -0.8814 -0.4578 -0.1161
vn -0.9230 -0.0486 -0.3816
vn -0.9735 -0.2241 -0.0447
vn -0.4561 -0.5244 0.7190
vn -0.5530 -0.7977 0.2407
vn -0.7868 -0.6170 0.0144
vn -0.9251 -0.1813 -0.3337
vn -0.7493 -0.0870 -0.6564
vn -0.7077 0.3385 -0.6201
vn -0.4778 0.6872 -0.5473
vn -0.4412 0.7862 -0.4327
vn -0.4306 0.8848 -0.1784
vn -0.3833 0.8170 0.4307
vn -0.9160 0.3966 -0.0599
vn -0.9218 0.3443 0.1782
vn -0.8280 0.2889 -0.4806
vn -0.7493 0.3944 -0.5320
vn -0.7843 0.4168 -0.4595
vn -0.8797 0.4341 -0.1941
vn -0.8733 0.4631 -0.1513
vn -0.8873 0.4472 -0.1128
vn -0.8503 0.5121 -0.1214
vn -0.8432 0.5249 -0.1159
vn -0.9289 0.3673 0.0463
vn -0.8933 0.4475 0.0419
vn -0.7393 0.6324 -0.2314
vn -0.7853 0.6070 -0.1221
vn -0.7887 0.6132 0.0434
vn -0.8391 0.5418 0.0488
vn -0.7894 0.6118 0.0500
vn -0.7556 0.6396 0.1413
vn -0.6664 0.6958 0.2679
vn -0.7193 0.6832 0.1259
vn -0.4704 0.6459 0.6012
vn -0.7586 0.6465 0.0813
vn -0.4941 0.6267 0.6025
vn -0.6943 0.4786 0.5375
vn -0.3018 0.4176 0.8571
vn -0.7108 0.2198 0.6682
vn -0.4138 0.2083 0.8862
vn -0.3907 0.1585 0.9068
vn -0.5883 0.0686 0.8057
vn -0.4228 0.0024 0.9062
vn -0.4050 -0.0155 0.9142
vn -0.3382 0.2469 0.9081
vn -0.3611 -0.1580 0.9191
vn -0.2393 -0.3132 0.9191
vn -0.2992 -0.0439 0.9532
vn -0.2051 -0.3736 0.9046
vn -0.2753 -0.3123 0.9092
vn -0.0849 -0.5358 0.8401
vn -0.2451 -0.5756 0.7801
vn -0.4063 -0.3819 0.8301
vn -0.2993 -0.7161 0.6306
vn -0.4580 -0.5885 0.6663
vn -0.0645 -0.5296 0.8458
vn -0.2897 -0.7105 0.6413
vn -0.5014 -0.7373 0.4527
vn -0.3614 -0.6301 0.6873
vn -0.5898 -0.7024 0.3984
vn -0.4497 -0.6966 0.5591
vn -0.6865 -0.6497 0.3264
vn -0.5635 -0.7082 0.4254
vn -0.4571 -0.7535 0.4726
vn -0.7420 -0.6183 0.2591
vn -0.5005 -0.7436 0.4434
vn -0.5185 -0.7475 0.4152
vn -0.1312 -0.7217 0.6797
vn 0.0100 -0.6765 0.7364
vn 0.0647 -0.7274 0.6832
vn -0.0112 -0.7852 0.6192
vn 0.0181 -0.8433 0.5372
vn -0.1795 -0.9492 0.2586
vn -0.2412 -0.9570 0.1613
vn -0.2064 -0.9637 0.1691
vn -0.1657 -0.9724 0.1641
vn -0.0788 -0.9804 0.1804
vn -0.0682 -0.9921 0.1057
vn -0.2667 -0.9527 0.1459
vn -0.2787 -0.9447 0.1728
vn -0.3978 -0.9105 0.1128
vn -0.4842 -0.8726 0.0643
vn -0.4976 -0.8669 0.0307
vn -0.8447 -0.5328 0.0519
vn -0.8224 -0.5647 0.0700
vn -0.6629 -0.7487 -0.0045
vn -0.9918 -0.0320 -0.1239
vn -0.6512 0.1604 0.7417
vn -0.6480 0.6575 0.3844
vn -0.7266 0.6529 -0.2138
vn -0.9783 0.2068 0.0089
vn -0.6682 0.5296 0.5226
vn -0.9763 0.2045 -0.0706
vn -0.8907 0.3658 -0.2700
vn -0.7409 0.6384 -0.2086
vn -0.8372 0.5464 -0.0225
vn -0.9181 0.3625 0.1602
vn -0.8690 0.4902 -0.0678
vn -0.8707 0.4709 -0.1422
vn -0.9444 0.3012 0.1314
vn -0.8726 0.0713 0.4831
vn -0.7109 -0.0577 0.7009
vn -0.4984 -0.2424 0.8324
vn -0.1404 -0.3957 0.9076
vn 0.0070 -0.4083 0.9128
vn 0.0500 -0.3548 0.9336
vn -0.0608 -0.4006 0.9142
vn -0.1162 -0.4667 0.8767
vn -0.1967 -0.6378 0.7447
vn -0.1231 -0.6991 0.7043
vn 0.0599 -0.6042 0.7945
vn -0.0915 -0.5786 0.8105
vn -0.0029 -0.7518 0.6594
vn -0.0937 -0.8660 0.4912
vn -0.1722 -0.9321 0.3188
vn -0.3612 -0.9217 0.1417
vn -0.4326 -0.8980 0.0806
vn -0.4862 -0.8701 0.0804
vn -0.6553 -0.7511 0.0799
vn -0.6507 -0.7371 0.1824
vn -0.7986 -0.6016 -0.0207
vn -0.8610 -0.5066 -0.0464
vn -0.7485 -0.6629 0.0204
vn -0.7543 -0.6390 -0.1507
vn -0.8330 -0.4662 -0.2980
vn -0.9442 -0.2044 -0.2583
vn -0.9302 -0.0267 -0.3660
vn -0.9132 0.1376 -0.3836
vn -0.8154 0.5060 -0.2811
vn -0.8735 0.4621 0.1528
vn -0.9456 0.1958 0.2599
vn -0.9330 0.3417 -0.1130
vn -0.9720 0.1052 -0.2099
vn -0.8650 0.3847 -0.3222
vn -0.9530 0.1672 -0.2526
vn -0.9999 -0.0161 0.0045
vn -0.8544 -0.3574 0.3772
vn -0.6852 -0.5929 0.4231
vn -0.3575 -0.4705 0.8067
vn -0.2962 -0.6672 0.6835
vn -0.1544 -0.4513 0.8789
vn -0.1008 -0.4977 0.8615
vn -0.0857 -0.4745 0.8761
vn -0.2343 -0.7736 0.5888
vn -0.3405 -0.8741 0.3464
vn -0.2816 -0.8876 0.3646
vn -0.4436 -0.8815 0.1621
vn -0.4927 -0.8502 0.1852
vn -0.7544 -0.6437 0.1288
vn -0.6945 -0.7096 -0.1192
vn -0.5985 -0.7758 -0.2000
vn -0.5699 -0.7598 -0.3129
vn -0.7148 -0.6704 -0.1989
vn -0.8336 -0.1819 -0.5216
vn -0.8910 -0.4540 0.0025
vn -0.9353 -0.2278 0.2708
vn -0.9270 -0.0875 0.3646
vn -0.9713 -0.2303 0.0593
vn -0.9179 -0.1514 -0.3668
vn -0.7784 -0.6278 0.0023
vn -0.6606 -0.7507 0.0001
vn -0.5152 -0.7522 0.4108
vn -0.5097 -0.8111 0.2869
vn -0.5510 -0.8006 0.2356
vn -0.3565 -0.7414 0.5685
vn -0.3153 -0.7473 0.5849
vn -0.3692 -0.7732 0.5156
vn -0.4806 -0.8160 0.3211
vn -0.5565 -0.7758 0.2973
vn -0.6857 -0.7231 0.0829
vn -0.6334 -0.7713 0.0624
vn -0.7080 -0.7061 -0.0092
vn -0.7498 -0.6617 -0.0017
vn -0.7356 -0.6730 0.0769
vn -0.8626 -0.4283 0.2693
vn -0.8674 -0.2575 0.4259
vn -0.8537 -0.5142 0.0824
vn -0.8652 -0.4614 -0.1962
vn -0.7656 -0.6288 -0.1364
vn -0.5592 -0.6996 0.4448
vn -0.8186 0.5565 0.1421
vn -0.9263 0.2719 -0.2608
vn -0.6412 -0.3147 -0.6999
vn 0.5749 -0.8162 -0.0575
vn 0.8269 -0.4804 0.2922
vn 0.9308 -0.1117 0.3480
vn 0.9118 0.0007 0.4106
vn 0.8889 0.0546 0.4548
vn 0.8889 0.1166 0.4430
vn 0.8809 0.0742 0.4675
vn 0.8906 0.1259 0.4370
vn 0.9157 0.1104 0.3864
vn 0.9072 0.0779 0.4134
vn 0.8591 0.1063 -0.5007
vn 0.9245 0.1885 -0.3314
vn 0.8702 0.2129 -0.4444
vn 0.8323 0.3903 -0.3937
vn 0.8047 0.3600 -0.4721
vn 0.7238 0.3433 -0.5986
vn 0.6104 0.2488 -0.7520
vn 0.6185 0.3398 -0.7085
vn 0.3625 0.1967 -0.9110
vn 0.3509 0.1239 -0.9282
vn 0.1242 0.2417 -0.9624
vn 0.0390 0.1064 -0.9936
vn 0.5003 0.1540 -0.8521
vn 0.5184 0.2661 -0.8127
vn 0.4861 0.2775 -0.8286
vn 0.4444 0.2403 -0.8630
vn 0.5197 0.2073 -0.8288
vn 0.4299 0.2241 -0.8746
vn 0.5248 0.1779 -0.8325
vn 0.5813 0.2857 -0.7619
vn 0.6056 0.3589 -0.7102
vn 0.6436 0.3093 -0.7001
vn 0.9252 0.3663 0.0990
vn 0.5983 0.1620 0.7847
vn 0.4140 0.0061 0.9102
vn 0.3743 -0.0099 0.9273
vn 0.3416 -0.0223 0.9396
vn 0.2823 0.0023 0.9593
vn 0.1749 -0.0192 0.9844
vn 0.3196 -0.0370 0.9468
vn 0.3822 -0.0212 0.9238
vn 0.4837 0.0501 0.8738
vn 0.6291 0.1396 0.7647
vn 0.8940 0.4301 0.1258
vn 0.5322 0.3467 -0.7724
vn 0.5723 0.3013 -0.7627
vn 0.5454 0.3215 -0.7740
vn 0.5957 0.3616 -0.7172
vn 0.5842 0.3699 -0.7224
vn 0.5498 0.3799 -0.7439
vn 0.4551 0.2444 -0.8562
vn 0.4634 0.3144 -0.8285
vn 0.3935 0.2230 -0.8919
vn 0.4070 0.2709 -0.8723
vn 0.4746 0.3527 -0.8065
vn 0.5157 0.3499 -0.7821
vn 0.5559 0.3316 -0.7622
vn 0.5048 0.3720 -0.7790
vn 0.8492 0.5152 -0.1161
vn 0.8072 0.5871 -0.0607
vn 0.7941 0.2512 0.5535
vn 0.2057 0.0911 0.9744
vn 0.0590 0.2976 0.9529
vn -0.0093 0.8636 0.5041
vn 0.1150 0.5445 0.8308
vn 0.7756 0.3386 0.5327
vn 0.8319 0.5546 -0.0197
vn 0.8250 0.4414 -0.3529
vn 0.6166 0.4733 -0.6292
vn 0.5030 0.4479 -0.7392
vn 0.4706 0.5624 -0.6799
vn 0.4745 0.4816 -0.7368
vn 0.4633 0.4953 -0.7349
vn 0.4291 0.4628 -0.7757
vn 0.4143 0.5077 -0.7554
vn 0.3984 0.4604 -0.7933
vn 0.4889 0.3745 -0.7878
vn 0.4062 0.4647 -0.7868
vn 0.4808 0.3556 -0.8015
vn 0.3115 0.4389 -0.8428
vn 0.4054 0.2813 -0.8698
vn 0.2996 0.4876 -0.8201
vn 0.3474 0.4954 -0.7962
vn 0.3767 0.5062 -0.7758
vn 0.3676 0.5155 -0.7740
vn 0.4035 0.4383 -0.8032
vn 0.3653 0.4498 -0.8150
vn 0.2977 0.4858 -0.8218
vn 0.2517 0.5132 -0.8205
vn -0.7848 -0.5926 -0.1817
vn -0.6261 -0.6928 -0.3578
vn -0.5129 -0.8174 -0.2624
vn -0.3561 -0.9178 -0.1758
vn -0.3594 -0.9275 -0.1027
vn -0.3573 -0.9289 -0.0975
vn -0.3430 -0.9375 -0.0591
vn -0.3686 -0.9258 -0.0843
vn -0.2726 -0.9620 -0.0125
vn -0.2395 -0.9706 0.0228
vn -0.2408 -0.9706 0.0017
vn -0.1744 -0.9841 -0.0321
vn -0.0860 -0.9955 -0.0395
vn 0.0741 -0.9967 -0.0340
vn 0.1575 -0.9871 -0.0277
vn 0.2364 -0.9713 -0.0267
vn 0.3417 -0.9384 0.0519
vn 0.3844 -0.9002 0.2047
vn 0.2497 -0.9134 0.3216
vn 0.2326 -0.9415 0.2437
vn 0.3536 -0.8812 0.3139
vn 0.3957 -0.8426 0.3654
vn 0.4697 -0.7924 0.3892
vn 0.4343 -0.7957 0.4222
vn 0.5035 -0.7586 0.4134
vn 0.5515 -0.7336 0.3971
vn 0.6364 -0.6949 0.3348
vn 0.5943 -0.6790 0.4311
vn 0.4973 -0.7339 0.4627
vn 0.5450 -0.7316 0.4095
vn 0.4466 -0.8123 0.3751
vn 0.5493 -0.7813 0.2963
vn 0.4039 -0.8841 0.2351
vn 0.5300 -0.8303 0.1727
vn 0.4354 -0.8929 0.1147
vn 0.3915 -0.9097 0.1382
vn 0.3922 -0.9131 0.1115
vn 0.3513 -0.9347 0.0538
vn 0.3557 -0.9344 0.0187
vn 0.2809 -0.9597 0.0122
vn 0.1957 -0.9806 -0.0149
vn 0.1807 -0.9835 -0.0119
vn 0.0870 -0.9959 -0.0230
vn 0.0685 -0.9965 -0.0473
vn -0.0496 -0.9947 -0.0895
vn -0.1275 -0.9899 -0.0613
vn -0.1231 -0.9849 -0.1219
vn -0.1856 -0.9799 -0.0729
vn -0.1933 -0.9619 -0.1933
vn -0.2471 -0.9683 -0.0352
vn -0.2853 -0.9445 -0.1627
vn -0.3196 -0.9440 -0.0824
vn -0.3755 -0.9216 -0.0981
vn -0.4495 -0.8658 -0.2198
vn -0.2267 -0.9737 -0.0219
vn 0.3832 -0.9103 0.1566
vn 0.3368 -0.9196 0.2021
vn 0.2904 -0.9136 0.2847
vn 0.3304 -0.8864 0.3242
vn 0.3144 -0.2863 -0.9051
vn 0.4565 -0.2718 -0.8472
vn 0.4922 -0.2726 -0.8267
vn 0.5389 -0.2445 -0.8061
vn 0.6498 -0.1821 -0.7380
vn 0.8297 -0.1058 0.5481
vn 0.3687 0.0062 0.9295
vn 0.3584 -0.0043 0.9336
vn 0.3605 -0.0090 0.9327
vn 0.3630 -0.0116 0.9317
vn 0.3693 -0.0145 0.9292
vn 0.3731 -0.0154 0.9276
vn 0.3765 -0.0159 0.9263
vn 0.3796 -0.0160 0.9250
vn 0.3828 -0.0156 0.9237
vn 0.3889 -0.0131 0.9212
vn 0.3909 -0.0123 0.9203
vn 0.3928 -0.0114 0.9196
vn 0.3944 -0.0105 0.9189
vn 0.3959 -0.0095 0.9182
vn 0.3972 -0.0084 0.9177
vn 0.3985 -0.0084 0.9171
vn 0.3995 -0.0071 0.9167
vn 0.3984 -0.0069 0.9172
vn 0.4004 -0.0063 0.9163
vn 0.3993 -0.0062 0.9168
vn 0.4002 -0.0058 0.9164
vn 0.4013 -0.0054 0.9159
vn 0.4011 -0.0045 0.9160
vn 0.4001 -0.0044 0.9164
vn 0.4010 -0.0039 0.9161
vn 0.4017 -0.0039 0.9158
vn 0.4017 -0.0043 0.9158
vn 0.4015 -0.0028 0.9158
vn 0.4023 -0.0028 0.9155
vn 0.4027 -0.0033 0.9153
vn 0.4026 -0.0014 0.9154
vn 0.4030 -0.0004 0.9152
vn 0.4036 -0.0002 0.9150
vn 0.4045 0.0009 0.9145
vn 0.4053 0.0009 0.9142
vn 0.4053 0.0001 0.9142
vn 0.4064 0.0008 0.9137
vn 0.4068 -0.0007 0.9135
vn 0.4077 0.0005 0.9131
vn 0.4100 0.0007 0.9121
vn 0.4096 -0.0014 0.9123
vn 0.4121 0.0017 0.9111
vn 0.3981 -0.0063 0.9173
vn -0.9760 0.0784 -0.2030
vn -0.8552 0.1716 -0.4891
vn 0.1600 -0.7133 -0.6823
vn -0.9205 -0.3238 0.2189
vn -0.9713 -0.1425 0.1906
vn -0.0546 0.1083 -0.9926
vn 0.6689 -0.6053 -0.4316
vn 0.9796 0.1440 0.1400
vn 0.9493 -0.1294 -0.2865
vn 0.4108 0.0358 0.9110
vn 0.8878 0.2081 0.4104
vn -0.9672 0.2319 -0.1039
vn -0.9830 -0.1463 0.1110
vt 0.607758 0.802932
vt 0.592171 0.818427
vt 0.589596 0.831452
vt 0.604237 0.819671
vt 0.603160 0.795020
vt 0.612440 0.782997
vt 0.216645 0.513788
vt 0.213832 0.507981
vt 0.209814 0.514955
vt 0.223924 0.506786
vt 0.426603 0.635447
vt 0.413615 0.636947
vt 0.420956 0.645108
vt 0.432703 0.649754
vt 0.436192 0.641274
vt 0.433713 0.633768
vt 0.427376 0.625977
vt 0.417195 0.630776
vt 0.639291 0.484749
vt 0.646637 0.486803
vt 0.645818 0.484074
vt 0.641770 0.484739
vt 0.640382 0.489283
vt 0.637549 0.486336
vt 0.537272 0.382821
vt 0.525881 0.388848
vt 0.536236 0.389449
vt 0.549540 0.381400
vt 0.546352 0.376942
vt 0.533115 0.381990
vt 0.528971 0.383995
vt 0.527890 0.381927
vt 0.522617 0.378123
vt 0.522886 0.384536
vt 0.647520 0.497076
vt 0.641582 0.495670
vt 0.642210 0.501742
vt 0.655384 0.480701
vt 0.653176 0.470265
vt 0.650192 0.481142
vt 0.597327 0.433946
vt 0.606183 0.437838
vt 0.610071 0.428369
vt 0.592923 0.443816
vt 0.600330 0.446895
vt 0.602471 0.422387
vt 0.211465 0.521753
vt 0.225285 0.512916
vt 0.210274 0.520339
vt 0.287617 0.547212
vt 0.298757 0.543459
vt 0.294886 0.538643
vt 0.280011 0.553701
vt 0.289119 0.557339
vt 0.351512 0.601472
vt 0.361041 0.594131
vt 0.347162 0.591927
vt 0.336670 0.598284
vt 0.337496 0.609280
vt 0.348985 0.609641
vt 0.471871 0.669662
vt 0.478091 0.677724
vt 0.480735 0.672644
vt 0.535490 0.378960
vt 0.456771 0.254630
vt 0.457843 0.246738
vt 0.450502 0.248283
vt 0.746256 0.642786
vt 0.739334 0.638581
vt 0.737020 0.645154
vt 0.745747 0.635490
vt 0.737711 0.655656
vt 0.746434 0.652699
vt 0.225763 0.428453
vt 0.214575 0.421466
vt 0.195583 0.427784
vt 0.209496 0.438852
vt 0.225390 0.444382
vt 0.242612 0.431738
vt 0.631751 0.471987
vt 0.634168 0.481967
vt 0.638909 0.474468
vt 0.636978 0.464245
vt 0.497032 0.382691
vt 0.486619 0.385372
vt 0.497489 0.387835
vt 0.507191 0.382651
vt 0.498617 0.375179
vt 0.486656 0.379429
vt 0.507142 0.387945
vt 0.495769 0.657999
vt 0.493672 0.675580
vt 0.503394 0.667119
vt 0.490519 0.651092
vt 0.487508 0.664559
vt 0.393306 0.623194
vt 0.391050 0.612585
vt 0.382591 0.614721
vt 0.387246 0.621027
vt 0.403494 0.628103
vt 0.404733 0.624665
vt 0.398605 0.614692
vt 0.309801 0.507017
vt 0.301996 0.513989
vt 0.304430 0.519445
vt 0.316331 0.515397
vt 0.325653 0.511966
vt 0.319660 0.499724
vt 0.600740 0.768116
vt 0.602820 0.767159
vt 0.605205 0.751518
vt 0.600050 0.754756
vt 0.596989 0.764465
vt 0.120200 0.564631
vt 0.123736 0.581874
vt 0.132923 0.569039
vt 0.134083 0.552907
vt 0.131717 0.535306
vt 0.115555 0.549221
vt 0.208109 0.519372
vt 0.207496 0.518160
vt 0.206110 0.519427
vt 0.208537 0.518486
vt 0.556811 0.768158
vt 0.546049 0.773827
vt 0.544797 0.783550
vt 0.552373 0.785885
vt 0.561088 0.775039
vt 0.446253 0.648522
vt 0.444961 0.663132
vt 0.453196 0.657712
vt 0.543602 0.423656
vt 0.531154 0.433490
vt 0.556142 0.435877
vt 0.560830 0.425685
vt 0.555673 0.417138
vt 0.529933 0.420239
vt 0.646128 0.492092
vt 0.637317 0.499085
vt 0.637645 0.503149
vt 0.651824 0.490560
vt 0.559987 0.782177
vt 0.556752 0.792974
vt 0.565441 0.789828
vt 0.566680 0.781367
vt 0.521250 0.705903
vt 0.509628 0.719043
vt 0.522762 0.720272
vt 0.509272 0.705309
vt 0.516284 0.695829
vt 0.644820 0.481573
vt 0.643057 0.483559
vt 0.640966 0.483439
vt 0.642625 0.481576
vt 0.616626 0.491699
vt 0.616644 0.499812
vt 0.622862 0.496516
vt 0.622347 0.484628
vt 0.621321 0.479231
vt 0.614756 0.478279
vt 0.607708 0.402704
vt 0.593447 0.403895
vt 0.606888 0.415361
vt 0.616196 0.410739
vt 0.606874 0.392407
vt 0.598301 0.394105
vt 0.587927 0.392738
vt 0.591803 0.383172
vt 0.240926 0.533243
vt 0.230288 0.536161
vt 0.218014 0.554636
vt 0.228021 0.552637
vt 0.237209 0.548325
vt 0.182481 0.538556
vt 0.185549 0.548171
vt 0.192387 0.532400
vt 0.173122 0.548334
vt 0.167187 0.560693
vt 0.298702 0.433661
vt 0.288535 0.430208
vt 0.284497 0.439535
vt 0.300436 0.425803
vt 0.252618 0.311766
vt 0.256187 0.309507
vt 0.251698 0.306045
vt 0.248159 0.307666
vt 0.505687 0.694185
vt 0.500723 0.702097
vt 0.496208 0.691478
vt 0.499992 0.685010
vt 0.464209 0.671174
vt 0.459299 0.665588
vt 0.467551 0.678863
vt 0.364935 0.605191
vt 0.370897 0.610597
vt 0.375339 0.607076
vt 0.402445 0.633203
vt 0.254220 0.589300
vt 0.260829 0.583687
vt 0.251999 0.582293
vt 0.660993 0.438422
vt 0.657089 0.450660
vt 0.659940 0.463137
vt 0.668493 0.456351
vt 0.675323 0.445454
vt 0.667849 0.429523
vt 0.315324 0.523153
vt 0.332165 0.523812
vt 0.346654 0.517096
vt 0.335123 0.504571
vt 0.605376 0.726820
vt 0.598993 0.710095
vt 0.600450 0.727279
vt 0.609755 0.722909
vt 0.606369 0.710118
vt 0.612755 0.460893
vt 0.610165 0.447955
vt 0.606768 0.458415
vt 0.617359 0.449215
vt 0.606238 0.491559
vt 0.608138 0.502788
vt 0.613080 0.510695
vt 0.608290 0.667641
vt 0.610330 0.692932
vt 0.615340 0.676853
vt 0.614786 0.663125
vt 0.609168 0.649047
vt 0.602808 0.682690
vt 0.569549 0.764268
vt 0.567219 0.760534
vt 0.563255 0.768771
vt 0.686652 0.828177
vt 0.667699 0.828951
vt 0.671242 0.839966
vt 0.700673 0.830779
vt 0.701755 0.815322
vt 0.691802 0.804946
vt 0.683558 0.797799
vt 0.666785 0.814525
vt 0.661899 0.492330
vt 0.655135 0.494412
vt 0.655800 0.506863
vt 0.667349 0.476290
vt 0.658025 0.478212
vt 0.622978 0.565931
vt 0.615498 0.556032
vt 0.614811 0.562738
vt 0.623038 0.583336
vt 0.732198 0.647737
vt 0.730726 0.642203
vt 0.728532 0.654217
vt 0.623857 0.405732
vt 0.633501 0.392819
vt 0.621501 0.388877
vt 0.629511 0.415896
vt 0.643307 0.412673
vt 0.637568 0.447055
vt 0.627592 0.438028
vt 0.629295 0.444083
vt 0.629058 0.450084
vt 0.250142 0.304258
vt 0.250196 0.297956
vt 0.245175 0.304524
vt 0.550910 0.369813
vt 0.540083 0.374469
vt 0.560375 0.376871
vt 0.566222 0.370999
vt 0.515280 0.387690
vt 0.510402 0.377912
vt 0.155626 0.554592
vt 0.141381 0.563700
vt 0.151219 0.565331
vt 0.406337 0.598680
vt 0.412067 0.604703
vt 0.420903 0.609068
vt 0.419307 0.594758
vt 0.405762 0.584601
vt 0.399230 0.589661
vt 0.501684 0.621748
vt 0.511901 0.614191
vt 0.498036 0.611721
vt 0.514921 0.623347
vt 0.507744 0.632441
vt 0.433708 0.572455
vt 0.425179 0.577930
vt 0.430404 0.579123
vt 0.444104 0.577168
vt 0.460843 0.593672
vt 0.466459 0.588657
vt 0.457961 0.587343
vt 0.471796 0.596831
vt 0.475717 0.595432
vt 0.503032 0.550381
vt 0.512940 0.552346
vt 0.503822 0.540992
vt 0.477724 0.561638
vt 0.475045 0.556052
vt 0.469867 0.560103
vt 0.468344 0.602129
vt 0.476272 0.605487
vt 0.319093 0.550685
vt 0.330467 0.542368
vt 0.320573 0.536131
vt 0.312697 0.538223
vt 0.306485 0.544757
vt 0.308088 0.557225
vt 0.316848 0.561747
vt 0.279944 0.526031
vt 0.289367 0.521007
vt 0.282052 0.519821
vt 0.271960 0.529060
vt 0.302774 0.531476
vt 0.292822 0.534196
vt 0.297322 0.551373
vt 0.470860 0.660437
vt 0.478465 0.660939
vt 0.471001 0.654464
vt 0.508999 0.360634
vt 0.508302 0.369423
vt 0.520288 0.363467
vt 0.518206 0.357811
vt 0.500330 0.364634
vt 0.196798 0.524091
vt 0.204094 0.522222
vt 0.204161 0.517007
vt 0.204870 0.511642
vt 0.197501 0.515228
vt 0.201653 0.529368
vt 0.451343 0.254032
vt 0.446999 0.259136
vt 0.444497 0.252215
vt 0.363542 0.356128
vt 0.382490 0.350968
vt 0.388480 0.339951
vt 0.377901 0.337951
vt 0.348980 0.361889
vt 0.349423 0.377452
vt 0.360764 0.373207
vt 0.371710 0.367126
vt 0.258818 0.440059
vt 0.258920 0.427549
vt 0.238120 0.447191
vt 0.275832 0.433884
vt 0.250607 0.448672
vt 0.261539 0.447749
vt 0.755621 0.581050
vt 0.757084 0.576513
vt 0.755893 0.575521
vt 0.760621 0.576335
vt 0.764185 0.572589
vt 0.757671 0.568716
vt 0.567402 0.396835
vt 0.572956 0.394547
vt 0.568472 0.387878
vt 0.305420 0.833185
vt 0.312751 0.843209
vt 0.313870 0.833697
vt 0.778628 0.695438
vt 0.773944 0.687678
vt 0.770158 0.694061
vt 0.339670 0.315298
vt 0.333560 0.304966
vt 0.328393 0.318395
vt 0.342684 0.303417
vt 0.349450 0.310845
vt 0.350864 0.298911
vt 0.360284 0.303601
vt 0.361467 0.294015
vt 0.352941 0.287945
vt 0.359317 0.284527
vt 0.371305 0.291918
vt 0.370216 0.284461
vt 0.364545 0.279842
vt 0.371259 0.277781
vt 0.380307 0.280938
vt 0.380344 0.274160
vt 0.372132 0.269256
vt 0.382927 0.266005
vt 0.391581 0.268864
vt 0.391336 0.252777
vt 0.380191 0.256887
vt 0.401565 0.257721
vt 0.403787 0.248041
vt 0.391261 0.239852
vt 0.403706 0.238053
vt 0.394452 0.224208
vt 0.383943 0.229176
vt 0.409483 0.231738
vt 0.402233 0.216517
vt 0.392327 0.205217
vt 0.379414 0.216784
vt 0.386915 0.195688
vt 0.375017 0.207797
vt 0.410642 0.203610
vt 0.379962 0.186628
vt 0.369243 0.199246
vt 0.405694 0.193123
vt 0.371506 0.178116
vt 0.362106 0.191238
vt 0.399007 0.182997
vt 0.361600 0.170207
vt 0.354998 0.181621
vt 0.390616 0.173316
vt 0.380576 0.164164
vt 0.351342 0.160543
vt 0.346101 0.172487
vt 0.334639 0.166318
vt 0.368977 0.155600
vt 0.338508 0.153947
vt 0.324443 0.148074
vt 0.321492 0.163405
vt 0.356714 0.144948
vt 0.309403 0.143138
vt 0.308123 0.158933
vt 0.341085 0.143347
vt 0.293526 0.139209
vt 0.293783 0.155279
vt 0.278684 0.152618
vt 0.276807 0.136150
vt 0.259371 0.133953
vt 0.262951 0.150995
vt 0.291827 0.121190
vt 0.241461 0.132833
vt 0.246595 0.150273
vt 0.274802 0.124091
vt 0.225515 0.138956
vt 0.229771 0.150540
vt 0.220696 0.126429
vt 0.204444 0.133686
vt 0.212520 0.151690
vt 0.192041 0.148147
vt 0.185405 0.135538
vt 0.170019 0.144947
vt 0.177383 0.157237
vt 0.198280 0.120213
vt 0.151024 0.148914
vt 0.159497 0.161409
vt 0.178158 0.121728
vt 0.162002 0.131512
vt 0.131819 0.153867
vt 0.141460 0.166533
vt 0.141829 0.135226
vt 0.124095 0.143613
vt 0.109550 0.156453
vt 0.120627 0.169471
vt 0.099065 0.173359
vt 0.111057 0.142740
vt 0.089591 0.163366
vt 0.077817 0.179515
vt 0.989070 0.713955
vt 0.991373 0.693511
vt 0.975986 0.709657
vt 0.975108 0.729747
vt 0.980736 0.742681
vt 0.968841 0.747934
vt 0.962769 0.724896
vt 0.952978 0.740548
vt 0.949763 0.759059
vt 0.968153 0.768798
vt 0.934511 0.770612
vt 0.941332 0.785146
vt 0.935046 0.751246
vt 0.920719 0.762329
vt 0.912618 0.776082
vt 0.926045 0.785298
vt 0.910364 0.793780
vt 0.893889 0.791336
vt 0.896845 0.804528
vt 0.900455 0.767783
vt 0.892239 0.779570
vt 0.879135 0.786610
vt 0.883657 0.801642
vt 0.868247 0.801763
vt 0.870163 0.785012
vt 0.859407 0.796018
vt 0.858907 0.784144
vt 0.851897 0.788460
vt 0.842933 0.799970
vt 0.841992 0.788198
vt 0.827528 0.799157
vt 0.834597 0.782449
vt 0.824911 0.788287
vt 0.810442 0.799161
vt 0.814685 0.808533
vt 0.813710 0.788536
vt 0.801056 0.789483
vt 0.784729 0.798893
vt 0.796214 0.806187
vt 0.787687 0.813882
vt 0.787360 0.786498
vt 0.775205 0.790156
vt 0.768934 0.802063
vt 0.767242 0.785455
vt 0.749982 0.795324
vt 0.758887 0.805138
vt 0.759029 0.780756
vt 0.740948 0.788687
vt 0.750897 0.774832
vt 0.733734 0.780325
vt 0.743638 0.768027
vt 0.729995 0.765974
vt 0.722149 0.778979
vt 0.721530 0.754647
vt 0.713049 0.769836
vt 0.738873 0.756361
vt 0.728303 0.747419
vt 0.717958 0.744511
vt 0.712525 0.757172
vt 0.715276 0.734180
vt 0.709896 0.745779
vt 0.725499 0.733712
vt 0.713271 0.723785
vt 0.703690 0.734088
vt 0.722836 0.724347
vt 0.710135 0.712133
vt 0.703827 0.719993
vt 0.722622 0.713559
vt 0.722868 0.705345
vt 0.710267 0.700352
vt 0.716879 0.691510
vt 0.707449 0.685365
vt 0.714933 0.677499
vt 0.723147 0.685517
vt 0.727436 0.675109
vt 0.723453 0.664160
vt 0.713570 0.664042
vt 0.721737 0.650618
vt 0.731835 0.666418
vt 0.741809 0.663438
vt 0.750625 0.662595
vt 0.751231 0.650536
vt 0.756453 0.641041
vt 0.753217 0.633546
vt 0.753892 0.627805
vt 0.747006 0.628893
vt 0.752591 0.623615
vt 0.741644 0.625734
vt 0.730820 0.630954
vt 0.725642 0.638395
vt 0.716257 0.641128
vt 0.710429 0.648427
vt 0.712311 0.657724
vt 0.704762 0.659750
vt 0.703528 0.672389
vt 0.700661 0.690878
vt 0.699849 0.703727
vt 0.692017 0.710988
vt 0.692081 0.725500
vt 0.699137 0.744793
vt 0.700968 0.757898
vt 0.712038 0.783683
vt 0.720373 0.794015
vt 0.730922 0.803258
vt 0.740924 0.810669
vt 0.751206 0.820999
vt 0.769826 0.818171
vt 0.781900 0.827249
vt 0.806553 0.817161
vt 0.797698 0.826342
vt 0.825417 0.816109
vt 0.837810 0.810271
vt 0.854289 0.810906
vt 0.873964 0.810681
vt 0.888250 0.814321
vt 0.902510 0.818052
vt 0.912995 0.806987
vt 0.917755 0.821177
vt 0.931630 0.810021
vt 0.944705 0.798202
vt 0.953605 0.782311
vt 0.957458 0.795714
vt 0.058757 0.201299
vt 0.045066 0.226800
vt 0.064819 0.217745
vt 0.071662 0.199524
vt 0.082013 0.208053
vt 0.092993 0.193537
vt 0.110742 0.185577
vt 0.105022 0.204648
vt 0.121521 0.196716
vt 0.133339 0.184235
vt 0.150352 0.178072
vt 0.170856 0.178051
vt 0.187209 0.173684
vt 0.198024 0.159675
vt 0.203476 0.170354
vt 0.219484 0.167889
vt 0.235160 0.166326
vt 0.250497 0.165830
vt 0.265349 0.166318
vt 0.279637 0.167818
vt 0.293177 0.170198
vt 0.306310 0.171119
vt 0.318376 0.175317
vt 0.329431 0.180325
vt 0.339396 0.186095
vt 0.348205 0.192576
vt 0.354250 0.201772
vt 0.358705 0.211400
vt 0.363499 0.219485
vt 0.369046 0.226137
vt 0.368533 0.233925
vt 0.376432 0.244988
vt 0.367564 0.258152
vt 0.363607 0.269689
vt 0.358876 0.277703
vt 0.347963 0.282325
vt 0.344128 0.290593
vt 0.339677 0.294617
vt 0.326724 0.300579
vt 0.323621 0.307789
vt 0.316106 0.315944
vt 0.337875 0.327936
vt 0.354863 0.318629
vt 0.367586 0.311705
vt 0.374124 0.303383
vt 0.382718 0.294507
vt 0.393488 0.280746
vt 0.391892 0.274817
vt 0.401453 0.268082
vt 0.408866 0.266574
vt 0.414143 0.261782
vt 0.417705 0.248221
vt 0.421276 0.239557
vt 0.420625 0.228481
vt 0.420011 0.216117
vt 0.429943 0.202973
vt 0.425595 0.191497
vt 0.419258 0.180261
vt 0.410962 0.169355
vt 0.400775 0.158857
vt 0.388809 0.148848
vt 0.374345 0.142288
vt 0.343048 0.132014
vt 0.326351 0.131375
vt 0.309557 0.125866
vt 0.326718 0.119042
vt 0.308735 0.113111
vt 0.272144 0.111069
vt 0.254596 0.115073
vt 0.235147 0.113399
vt 0.250614 0.100977
vt 0.213800 0.109015
vt 0.230196 0.098813
vt 0.191543 0.105459
vt 0.172340 0.110553
vt 0.155487 0.120550
vt 0.159517 0.107557
vt 0.134371 0.124038
vt 0.995543 0.653132
vt 0.987107 0.672304
vt 0.996011 0.674048
vt 0.976043 0.651087
vt 0.970480 0.669364
vt 0.971693 0.688694
vt 0.959944 0.704538
vt 0.956205 0.685014
vt 0.947641 0.719068
vt 0.945288 0.700081
vt 0.934865 0.732298
vt 0.933818 0.713908
vt 0.921704 0.744243
vt 0.921891 0.726494
vt 0.908294 0.754820
vt 0.909616 0.737822
vt 0.897162 0.747787
vt 0.889684 0.759946
vt 0.881798 0.771158
vt 0.876411 0.758035
vt 0.864743 0.774735
vt 0.857731 0.771649
vt 0.849202 0.772945
vt 0.844659 0.778945
vt 0.837230 0.772075
vt 0.824914 0.774546
vt 0.810171 0.776608
vt 0.799844 0.777075
vt 0.786122 0.776232
vt 0.772170 0.773462
vt 0.766527 0.765963
vt 0.757850 0.761106
vt 0.748409 0.754412
vt 0.738259 0.743489
vt 0.739059 0.735410
vt 0.735582 0.727048
vt 0.734433 0.715635
vt 0.726603 0.696790
vt 0.735016 0.688596
vt 0.731617 0.681838
vt 0.738902 0.676895
vt 0.745406 0.672079
vt 0.754197 0.667619
vt 0.757323 0.658584
vt 0.761164 0.664058
vt 0.762286 0.649041
vt 0.758883 0.624114
vt 0.756179 0.614080
vt 0.752009 0.617510
vt 0.744284 0.619949
vt 0.754228 0.610455
vt 0.754616 0.604481
vt 0.750039 0.606569
vt 0.758874 0.603885
vt 0.755993 0.598433
vt 0.750230 0.599817
vt 0.756137 0.591301
vt 0.761458 0.595591
vt 0.761074 0.585285
vt 0.756932 0.582309
vt 0.756325 0.570148
vt 0.752446 0.577598
vt 0.753335 0.582240
vt 0.751845 0.586517
vt 0.750111 0.590704
vt 0.749672 0.594653
vt 0.746196 0.613051
vt 0.737803 0.615119
vt 0.729909 0.615249
vt 0.732992 0.625152
vt 0.722662 0.621922
vt 0.715545 0.628545
vt 0.707763 0.634360
vt 0.702875 0.638358
vt 0.700017 0.646648
vt 0.702251 0.653907
vt 0.692130 0.665681
vt 0.694414 0.673298
vt 0.692019 0.688348
vt 0.684362 0.697243
vt 0.685435 0.736098
vt 0.690085 0.751613
vt 0.695255 0.766415
vt 0.693541 0.780890
vt 0.701489 0.787448
vt 0.705423 0.800575
vt 0.715235 0.807959
vt 0.713950 0.821724
vt 0.727125 0.824954
vt 0.739949 0.826964
vt 0.745413 0.841290
vt 0.761298 0.834407
vt 0.776398 0.841132
vt 0.790693 0.837835
vt 0.804724 0.839521
vt 0.819751 0.828074
vt 0.840865 0.825603
vt 0.832441 0.836563
vt 0.858969 0.820245
vt 0.865475 0.830724
vt 0.873214 0.823517
vt 0.887885 0.823249
vt 0.886744 0.835527
vt 0.897741 0.830583
vt 0.906160 0.835754
vt 0.923891 0.835316
vt 0.927543 0.824359
vt 0.928640 0.839631
vt 0.939499 0.825015
vt 0.030867 0.250074
vt 0.023720 0.272461
vt 0.040403 0.264819
vt 0.043246 0.246896
vt 0.059224 0.255568
vt 0.063127 0.238212
vt 0.078943 0.227984
vt 0.077515 0.247160
vt 0.094794 0.218504
vt 0.091998 0.237321
vt 0.106604 0.228044
vt 0.116132 0.214751
vt 0.131492 0.206865
vt 0.142528 0.194818
vt 0.158481 0.188598
vt 0.151060 0.204529
vt 0.166034 0.198298
vt 0.181022 0.192941
vt 0.195962 0.188489
vt 0.210750 0.184907
vt 0.225372 0.182367
vt 0.239720 0.180854
vt 0.253637 0.180256
vt 0.267047 0.180634
vt 0.279833 0.179650
vt 0.292147 0.181903
vt 0.303653 0.185041
vt 0.314262 0.189010
vt 0.323900 0.193752
vt 0.332501 0.199215
vt 0.340044 0.205347
vt 0.346491 0.212083
vt 0.350148 0.221337
vt 0.351171 0.228496
vt 0.354257 0.236524
vt 0.362764 0.246621
vt 0.357734 0.258317
vt 0.354257 0.269307
vt 0.336489 0.285341
vt 0.334657 0.292135
vt 0.327658 0.295814
vt 0.317017 0.307246
vt 0.319133 0.327111
vt 0.326663 0.335889
vt 0.334855 0.343720
vt 0.350158 0.338463
vt 0.354782 0.330919
vt 0.364069 0.323830
vt 0.379801 0.319000
vt 0.390655 0.307513
vt 0.394976 0.290912
vt 0.402296 0.274680
vt 0.410501 0.277831
vt 0.413468 0.269188
vt 0.423136 0.261294
vt 0.422129 0.256083
vt 0.428708 0.247179
vt 0.433142 0.240247
vt 0.443142 0.239201
vt 0.437878 0.227288
vt 0.435203 0.212684
vt 0.448773 0.220235
vt 0.447202 0.205083
vt 0.443918 0.192804
vt 0.438325 0.180588
vt 0.432576 0.166068
vt 0.422121 0.154133
vt 0.408378 0.145464
vt 0.394551 0.134551
vt 0.377788 0.130588
vt 0.360834 0.127679
vt 0.344254 0.119613
vt 0.362469 0.114652
vt 0.344556 0.106025
vt 0.326233 0.105649
vt 0.307078 0.099274
vt 0.288703 0.101124
vt 0.267879 0.092989
vt 0.285685 0.086107
vt 0.246163 0.085518
vt 0.226212 0.086998
vt 0.207740 0.093676
vt 0.213936 0.081842
vt 0.186087 0.093406
vt 0.992653 0.591215
vt 0.988179 0.612198
vt 0.997077 0.612060
vt 0.996237 0.632626
vt 0.973512 0.593346
vt 0.971665 0.612898
vt 0.972496 0.631875
vt 0.960439 0.649699
vt 0.951609 0.666415
vt 0.942061 0.681921
vt 0.925796 0.694552
vt 0.915476 0.707282
vt 0.904770 0.718801
vt 0.893832 0.729059
vt 0.882862 0.737975
vt 0.871922 0.745568
vt 0.863124 0.753785
vt 0.853078 0.758494
vt 0.841925 0.762057
vt 0.830721 0.764317
vt 0.820620 0.767667
vt 0.811512 0.764543
vt 0.799400 0.764983
vt 0.784372 0.765387
vt 0.775976 0.758737
vt 0.768807 0.749496
vt 0.758099 0.747860
vt 0.752173 0.739109
vt 0.749353 0.727332
vt 0.745509 0.719686
vt 0.747534 0.705865
vt 0.736688 0.700163
vt 0.746559 0.684507
vt 0.744795 0.695929
vt 0.753557 0.676256
vt 0.759585 0.671172
vt 0.767705 0.667040
vt 0.767441 0.657532
vt 0.772306 0.647298
vt 0.764534 0.638183
vt 0.762264 0.631305
vt 0.762466 0.626326
vt 0.761691 0.615826
vt 0.766216 0.610560
vt 0.767415 0.599222
vt 0.764502 0.590384
vt 0.765239 0.581152
vt 0.756001 0.562156
vt 0.751910 0.566191
vt 0.750798 0.571873
vt 0.746774 0.570723
vt 0.746857 0.578116
vt 0.740381 0.596691
vt 0.743117 0.603848
vt 0.739210 0.610050
vt 0.733161 0.606592
vt 0.719594 0.610589
vt 0.711882 0.614075
vt 0.707299 0.624271
vt 0.703551 0.615878
vt 0.699791 0.627908
vt 0.691586 0.639808
vt 0.688864 0.652780
vt 0.680652 0.662089
vt 0.683358 0.677035
vt 0.673918 0.701637
vt 0.680811 0.714876
vt 0.675301 0.721072
vt 0.680372 0.751308
vt 0.672903 0.737914
vt 0.682242 0.764130
vt 0.683432 0.780227
vt 0.673251 0.767683
vt 0.671132 0.783742
vt 0.665692 0.798593
vt 0.654736 0.790046
vt 0.655003 0.805338
vt 0.649643 0.821670
vt 0.652125 0.834199
vt 0.654017 0.845536
vt 0.655969 0.856406
vt 0.675275 0.850656
vt 0.679250 0.860774
vt 0.693862 0.851849
vt 0.706738 0.849924
vt 0.721204 0.851502
vt 0.716739 0.838848
vt 0.730837 0.840793
vt 0.738713 0.855285
vt 0.757164 0.851649
vt 0.771681 0.855674
vt 0.786946 0.858372
vt 0.805988 0.856829
vt 0.817046 0.842964
vt 0.825236 0.853887
vt 0.844088 0.850071
vt 0.857378 0.837192
vt 0.876097 0.845887
vt 0.894962 0.847659
vt 0.912110 0.849321
vt 0.914757 0.840598
vt 0.918489 0.851759
vt 0.018002 0.282311
vt 0.013865 0.295383
vt 0.021754 0.291373
vt 0.028581 0.282478
vt 0.041033 0.290375
vt 0.047202 0.276875
vt 0.055942 0.287697
vt 0.064721 0.275440
vt 0.077751 0.265128
vt 0.090828 0.255290
vt 0.104078 0.245785
vt 0.117558 0.236704
vt 0.126334 0.223940
vt 0.140659 0.216109
vt 0.135872 0.232335
vt 0.149271 0.224597
vt 0.159046 0.213436
vt 0.176428 0.211375
vt 0.190117 0.206082
vt 0.203767 0.201693
vt 0.217316 0.198295
vt 0.230632 0.195803
vt 0.243011 0.192089
vt 0.255806 0.191523
vt 0.268073 0.191920
vt 0.279718 0.193240
vt 0.290640 0.195446
vt 0.300763 0.198495
vt 0.310003 0.202332
vt 0.318306 0.206893
vt 0.325653 0.212105
vt 0.332038 0.217929
vt 0.337460 0.224312
vt 0.337402 0.232940
vt 0.343495 0.240561
vt 0.349823 0.248878
vt 0.346682 0.263657
vt 0.344222 0.273588
vt 0.334248 0.278077
vt 0.324678 0.287155
vt 0.318707 0.293263
vt 0.315512 0.300800
vt 0.306689 0.304027
vt 0.305842 0.312441
vt 0.302193 0.320610
vt 0.306979 0.328185
vt 0.313508 0.340808
vt 0.320491 0.351340
vt 0.330454 0.357977
vt 0.339801 0.353509
vt 0.349167 0.348112
vt 0.365893 0.337619
vt 0.392078 0.324460
vt 0.403384 0.303362
vt 0.407750 0.289688
vt 0.419715 0.280829
vt 0.422568 0.267857
vt 0.430825 0.263161
vt 0.434341 0.256169
vt 0.436887 0.250156
vt 0.460066 0.236560
vt 0.460995 0.215513
vt 0.459740 0.196954
vt 0.455338 0.184033
vt 0.448331 0.171118
vt 0.444470 0.149748
vt 0.430035 0.139652
vt 0.413378 0.133494
vt 0.398003 0.121681
vt 0.380316 0.117555
vt 0.381931 0.098934
vt 0.363023 0.100177
vt 0.343657 0.091098
vt 0.324075 0.087060
vt 0.304537 0.084137
vt 0.301422 0.065213
vt 0.283178 0.073914
vt 0.264028 0.077055
vt 0.271830 0.066671
vt 0.242638 0.072874
vt 0.979678 0.528889
vt 0.970144 0.509234
vt 0.967281 0.533025
vt 0.977516 0.551560
vt 0.986060 0.549504
vt 0.989342 0.570461
vt 0.965521 0.554868
vt 0.966386 0.574888
vt 0.958303 0.595538
vt 0.953028 0.614293
vt 0.953693 0.631791
vt 0.946286 0.648795
vt 0.940215 0.632211
vt 0.938086 0.664652
vt 0.933330 0.648325
vt 0.929194 0.679352
vt 0.925682 0.663333
vt 0.917377 0.677224
vt 0.908533 0.689975
vt 0.899271 0.701553
vt 0.889731 0.711909
vt 0.880065 0.721012
vt 0.870432 0.728808
vt 0.862718 0.736986
vt 0.853367 0.742319
vt 0.844480 0.746317
vt 0.836118 0.753383
vt 0.827996 0.750790
vt 0.823490 0.757357
vt 0.818224 0.751079
vt 0.802028 0.753831
vt 0.789488 0.757261
vt 0.793936 0.746570
vt 0.784028 0.749805
vt 0.778012 0.742943
vt 0.764937 0.735041
vt 0.762355 0.725530
vt 0.755422 0.716421
vt 0.752754 0.691690
vt 0.763477 0.686326
vt 0.759695 0.681178
vt 0.766164 0.673775
vt 0.774476 0.670041
vt 0.777002 0.665591
vt 0.776462 0.658878
vt 0.781994 0.649246
vt 0.779492 0.641741
vt 0.771127 0.635653
vt 0.770643 0.622631
vt 0.772425 0.585416
vt 0.766486 0.564725
vt 0.760585 0.562316
vt 0.755189 0.553942
vt 0.752370 0.559169
vt 0.746888 0.561376
vt 0.741912 0.565986
vt 0.741323 0.574322
vt 0.746635 0.584492
vt 0.740114 0.580923
vt 0.741428 0.591825
vt 0.735005 0.598755
vt 0.730044 0.594896
vt 0.725040 0.600443
vt 0.716834 0.595306
vt 0.711468 0.602217
vt 0.702818 0.603239
vt 0.690452 0.611544
vt 0.691081 0.621523
vt 0.686993 0.630750
vt 0.680029 0.640940
vt 0.675227 0.653526
vt 0.676404 0.678437
vt 0.671062 0.684849
vt 0.662749 0.709362
vt 0.665099 0.721569
vt 0.665455 0.737951
vt 0.667740 0.750969
vt 0.663576 0.767992
vt 0.659383 0.749135
vt 0.654646 0.760001
vt 0.654833 0.774472
vt 0.644585 0.764543
vt 0.645450 0.779343
vt 0.636311 0.797477
vt 0.641335 0.810768
vt 0.634409 0.827028
vt 0.635387 0.839808
vt 0.636793 0.851670
vt 0.638003 0.862952
vt 0.638911 0.873672
vt 0.658085 0.871055
vt 0.668024 0.880056
vt 0.679632 0.876862
vt 0.691213 0.873694
vt 0.703100 0.870406
vt 0.715447 0.866975
vt 0.728055 0.863082
vt 0.739234 0.878026
vt 0.752110 0.872813
vt 0.761805 0.864403
vt 0.768176 0.876819
vt 0.788310 0.876823
vt 0.811273 0.872061
vt 0.827352 0.873604
vt 0.849307 0.867746
vt 0.857884 0.855164
vt 0.868050 0.865123
vt 0.886353 0.862805
vt 0.897267 0.859385
vt 0.902214 0.854482
vt 0.903349 0.867947
vt 0.010357 0.308102
vt 0.016648 0.309648
vt 0.022828 0.300857
vt 0.029288 0.316350
vt 0.032686 0.302085
vt 0.041409 0.306089
vt 0.050881 0.304838
vt 0.063037 0.293253
vt 0.073142 0.288063
vt 0.084977 0.288418
vt 0.091195 0.271905
vt 0.103086 0.262528
vt 0.103666 0.277945
vt 0.115214 0.253395
vt 0.114562 0.268966
vt 0.127681 0.244555
vt 0.125733 0.260229
vt 0.137308 0.251646
vt 0.144891 0.239968
vt 0.161320 0.235922
vt 0.170089 0.225417
vt 0.186126 0.223229
vt 0.198623 0.218110
vt 0.211092 0.213895
vt 0.222432 0.208617
vt 0.234739 0.206273
vt 0.246707 0.204901
vt 0.258235 0.204490
vt 0.269227 0.205016
vt 0.279561 0.206445
vt 0.289166 0.208717
vt 0.297953 0.211793
vt 0.305875 0.215589
vt 0.316027 0.222510
vt 0.324436 0.230504
vt 0.330149 0.238665
vt 0.333713 0.246245
vt 0.341141 0.257226
vt 0.334137 0.266109
vt 0.323170 0.281016
vt 0.312691 0.288907
vt 0.306346 0.293344
vt 0.299539 0.300001
vt 0.300546 0.305810
vt 0.295584 0.311717
vt 0.290787 0.317468
vt 0.293403 0.325763
vt 0.295751 0.335804
vt 0.301431 0.345951
vt 0.297996 0.357070
vt 0.310438 0.357700
vt 0.297777 0.369106
vt 0.319520 0.368387
vt 0.337357 0.370442
vt 0.325116 0.378670
vt 0.322951 0.389085
vt 0.336678 0.382054
vt 0.318807 0.399938
vt 0.337441 0.393026
vt 0.359925 0.383971
vt 0.380645 0.373991
vt 0.386044 0.359410
vt 0.398559 0.346774
vt 0.403858 0.333224
vt 0.407498 0.342638
vt 0.417430 0.334388
vt 0.419591 0.323000
vt 0.405643 0.319555
vt 0.417290 0.310254
vt 0.429756 0.310157
vt 0.425332 0.294948
vt 0.438867 0.296795
vt 0.433443 0.285531
vt 0.446208 0.284189
vt 0.437553 0.271641
vt 0.450182 0.272562
vt 0.440369 0.261324
vt 0.461504 0.274894
vt 0.458725 0.262333
vt 0.470625 0.258608
vt 0.468184 0.249891
vt 0.478169 0.250439
vt 0.487710 0.248409
vt 0.479917 0.240519
vt 0.496963 0.245497
vt 0.491105 0.231095
vt 0.506638 0.243750
vt 0.503341 0.226306
vt 0.514683 0.234504
vt 0.521310 0.222835
vt 0.512897 0.202353
vt 0.498454 0.215348
vt 0.499902 0.202179
vt 0.532795 0.219513
vt 0.527969 0.203569
vt 0.497920 0.188052
vt 0.526571 0.188695
vt 0.509267 0.180443
vt 0.491820 0.173101
vt 0.518574 0.171584
vt 0.502245 0.160836
vt 0.479570 0.160613
vt 0.489425 0.139380
vt 0.471580 0.134604
vt 0.465856 0.148656
vt 0.506789 0.149104
vt 0.456265 0.118532
vt 0.452088 0.133702
vt 0.475292 0.118038
vt 0.459137 0.105913
vt 0.441190 0.098611
vt 0.438479 0.111158
vt 0.420880 0.100471
vt 0.470210 0.100874
vt 0.433938 0.086365
vt 0.403862 0.079461
vt 0.865823 0.365761
vt 0.877910 0.384494
vt 0.890105 0.383223
vt 0.892919 0.397732
vt 0.856730 0.383266
vt 0.870778 0.399962
vt 0.887458 0.409665
vt 0.904368 0.419978
vt 0.908414 0.404930
vt 0.897922 0.431331
vt 0.916453 0.440333
vt 0.880257 0.424365
vt 0.906223 0.453189
vt 0.923325 0.463493
vt 0.889619 0.444899
vt 0.912519 0.474566
vt 0.928159 0.485734
vt 0.897139 0.465254
vt 0.917074 0.495366
vt 0.931288 0.507187
vt 0.902943 0.485246
vt 0.920053 0.515536
vt 0.927089 0.531450
vt 0.939060 0.524252
vt 0.907163 0.504777
vt 0.927281 0.550772
vt 0.939201 0.544720
vt 0.909908 0.523756
vt 0.916282 0.538605
vt 0.926201 0.569293
vt 0.938018 0.564329
vt 0.911480 0.559830
vt 0.923956 0.586979
vt 0.935615 0.583038
vt 0.910410 0.576825
vt 0.920641 0.603785
vt 0.932098 0.600822
vt 0.908261 0.593050
vt 0.916363 0.619682
vt 0.927564 0.617641
vt 0.905127 0.608462
vt 0.901107 0.623022
vt 0.906070 0.635281
vt 0.922216 0.633500
vt 0.905388 0.648619
vt 0.896241 0.636683
vt 0.898821 0.661580
vt 0.890741 0.649424
vt 0.891704 0.673499
vt 0.884643 0.661206
vt 0.884145 0.684333
vt 0.878047 0.671984
vt 0.876253 0.694079
vt 0.868109 0.702656
vt 0.878580 0.706931
vt 0.871044 0.681796
vt 0.860355 0.695686
vt 0.861828 0.711104
vt 0.850292 0.706033
vt 0.853468 0.717627
vt 0.839894 0.714263
vt 0.845166 0.723087
vt 0.831659 0.729702
vt 0.837882 0.733278
vt 0.829097 0.719310
vt 0.823741 0.732289
vt 0.817281 0.723525
vt 0.815826 0.734015
vt 0.807656 0.735109
vt 0.803416 0.728057
vt 0.798636 0.731708
vt 0.803123 0.739459
vt 0.799179 0.723722
vt 0.790844 0.728756
vt 0.797487 0.719828
vt 0.791783 0.722152
vt 0.790173 0.713595
vt 0.784515 0.720659
vt 0.780185 0.713658
vt 0.779651 0.703331
vt 0.771488 0.706032
vt 0.770928 0.714912
vt 0.767569 0.700964
vt 0.760035 0.698006
vt 0.771514 0.679728
vt 0.777412 0.675370
vt 0.782295 0.664990
vt 0.783602 0.656646
vt 0.791872 0.654367
vt 0.789560 0.639951
vt 0.780419 0.631237
vt 0.777574 0.613999
vt 0.774681 0.606368
vt 0.779202 0.598839
vt 0.775498 0.592586
vt 0.780398 0.583420
vt 0.771586 0.575050
vt 0.776979 0.570025
vt 0.774748 0.558463
vt 0.763937 0.554361
vt 0.763331 0.544707
vt 0.754342 0.546801
vt 0.751876 0.550979
vt 0.746902 0.549419
vt 0.745896 0.555368
vt 0.735163 0.562683
vt 0.730819 0.580400
vt 0.736138 0.585673
vt 0.724237 0.586322
vt 0.717889 0.578534
vt 0.708817 0.588962
vt 0.700303 0.582997
vt 0.693861 0.598302
vt 0.682995 0.598278
vt 0.676845 0.618841
vt 0.673748 0.629981
vt 0.670114 0.642590
vt 0.670264 0.653961
vt 0.669874 0.666667
vt 0.660991 0.681788
vt 0.661347 0.695706
vt 0.657978 0.726831
vt 0.650976 0.732308
vt 0.653255 0.745782
vt 0.638945 0.750464
vt 0.636682 0.767667
vt 0.636090 0.783758
vt 0.628506 0.788336
vt 0.626142 0.804152
vt 0.629932 0.816448
vt 0.621791 0.833332
vt 0.619873 0.846223
vt 0.618828 0.858577
vt 0.618974 0.870379
vt 0.618509 0.880858
vt 0.623852 0.894226
vt 0.638569 0.887734
vt 0.648332 0.896607
vt 0.658670 0.888561
vt 0.659494 0.904339
vt 0.675850 0.898215
vt 0.688447 0.894855
vt 0.701168 0.891285
vt 0.713908 0.887502
vt 0.726500 0.882864
vt 0.738495 0.897321
vt 0.751793 0.891681
vt 0.771673 0.892856
vt 0.787689 0.896938
vt 0.801724 0.882817
vt 0.807433 0.896972
vt 0.830048 0.892844
vt 0.842858 0.884213
vt 0.858724 0.878747
vt 0.852324 0.896348
vt 0.865022 0.886841
vt 0.877398 0.877108
vt 0.878363 0.890511
vt 0.006930 0.324118
vt 0.006056 0.346515
vt 0.021278 0.332611
vt 0.018046 0.321111
vt 0.043072 0.319658
vt 0.058323 0.310960
vt 0.067445 0.307769
vt 0.077412 0.311072
vt 0.077111 0.300951
vt 0.087863 0.303732
vt 0.096862 0.293781
vt 0.106180 0.293854
vt 0.118186 0.284409
vt 0.128006 0.275983
vt 0.138198 0.267614
vt 0.148756 0.259469
vt 0.157577 0.250066
vt 0.172759 0.246053
vt 0.182316 0.237901
vt 0.193877 0.232164
vt 0.205494 0.227286
vt 0.217070 0.223319
vt 0.228504 0.220310
vt 0.239687 0.218270
vt 0.250510 0.217193
vt 0.260865 0.217070
vt 0.270637 0.217876
vt 0.283949 0.218585
vt 0.299419 0.224889
vt 0.310737 0.235813
vt 0.320373 0.243780
vt 0.329583 0.254715
vt 0.324072 0.260576
vt 0.324657 0.269711
vt 0.313062 0.274724
vt 0.295316 0.291156
vt 0.293442 0.297013
vt 0.290048 0.302149
vt 0.285286 0.309232
vt 0.279103 0.315313
vt 0.282864 0.321569
vt 0.283419 0.329246
vt 0.280874 0.342831
vt 0.287670 0.348991
vt 0.285711 0.363367
vt 0.278615 0.373475
vt 0.286256 0.382715
vt 0.302401 0.381323
vt 0.313722 0.380139
vt 0.298167 0.394400
vt 0.309909 0.392838
vt 0.291678 0.406248
vt 0.304829 0.404890
vt 0.301458 0.414275
vt 0.314191 0.411367
vt 0.332834 0.403855
vt 0.355280 0.396184
vt 0.375987 0.386453
vt 0.392943 0.373744
vt 0.399376 0.361917
vt 0.410518 0.357311
vt 0.422782 0.342286
vt 0.431370 0.323945
vt 0.437932 0.328414
vt 0.444934 0.313527
vt 0.453018 0.298220
vt 0.463636 0.290325
vt 0.477026 0.268374
vt 0.490201 0.264263
vt 0.499502 0.259479
vt 0.509485 0.260574
vt 0.518829 0.245915
vt 0.530919 0.246390
vt 0.527199 0.235057
vt 0.539769 0.233923
vt 0.550403 0.226180
vt 0.549583 0.211487
vt 0.565386 0.226627
vt 0.545504 0.198243
vt 0.574003 0.211561
vt 0.556875 0.194203
vt 0.538849 0.180333
vt 0.562693 0.185204
vt 0.542182 0.171528
vt 0.531359 0.159150
vt 0.523945 0.149025
vt 0.507721 0.139319
vt 0.525631 0.138717
vt 0.507617 0.128021
vt 0.492288 0.121484
vt 0.501528 0.114393
vt 0.809809 0.328585
vt 0.826666 0.346574
vt 0.830601 0.338377
vt 0.848709 0.352603
vt 0.805414 0.349193
vt 0.824060 0.355334
vt 0.840382 0.371102
vt 0.821879 0.368567
vt 0.836505 0.387777
vt 0.851596 0.399142
vt 0.863448 0.418730
vt 0.873662 0.438237
vt 0.882180 0.457603
vt 0.889045 0.476736
vt 0.890455 0.500478
vt 0.894088 0.518327
vt 0.896392 0.535699
vt 0.906487 0.545629
vt 0.897394 0.552543
vt 0.897299 0.568759
vt 0.896127 0.584311
vt 0.893963 0.599145
vt 0.890903 0.613216
vt 0.887035 0.626479
vt 0.884691 0.638527
vt 0.879431 0.650259
vt 0.873625 0.661073
vt 0.867359 0.670976
vt 0.860714 0.679956
vt 0.852064 0.692196
vt 0.837029 0.704913
vt 0.826035 0.709754
vt 0.818266 0.713344
vt 0.808803 0.715782
vt 0.799071 0.714187
vt 0.794810 0.715627
vt 0.793203 0.708093
vt 0.789260 0.707473
vt 0.786524 0.704315
vt 0.777616 0.683974
vt 0.782583 0.679219
vt 0.784709 0.671063
vt 0.790735 0.664432
vt 0.800264 0.657693
vt 0.795843 0.646507
vt 0.801067 0.639522
vt 0.798406 0.629799
vt 0.785958 0.624160
vt 0.795017 0.620867
vt 0.791379 0.612500
vt 0.787697 0.604432
vt 0.786778 0.594846
vt 0.796766 0.593208
vt 0.791907 0.584724
vt 0.788275 0.574320
vt 0.782844 0.564428
vt 0.783909 0.549781
vt 0.773069 0.546554
vt 0.758260 0.538552
vt 0.753524 0.539920
vt 0.750101 0.543398
vt 0.747446 0.538962
vt 0.742363 0.543585
vt 0.739723 0.551422
vt 0.731149 0.554936
vt 0.722634 0.563861
vt 0.726640 0.571040
vt 0.710918 0.571238
vt 0.706563 0.560135
vt 0.699700 0.570490
vt 0.688059 0.585265
vt 0.678193 0.607691
vt 0.667992 0.607620
vt 0.667232 0.625135
vt 0.663641 0.655240
vt 0.659186 0.669376
vt 0.658730 0.652859
vt 0.652763 0.686243
vt 0.652301 0.700616
vt 0.652637 0.715205
vt 0.643888 0.703991
vt 0.639131 0.719614
vt 0.636611 0.705387
vt 0.637131 0.735127
vt 0.632314 0.738595
vt 0.630576 0.756787
vt 0.629881 0.772036
vt 0.621422 0.777958
vt 0.618892 0.794176
vt 0.616087 0.810079
vt 0.613046 0.825715
vt 0.621478 0.820947
vt 0.610172 0.840398
vt 0.607696 0.857187
vt 0.602084 0.877475
vt 0.599172 0.888039
vt 0.600591 0.901037
vt 0.612405 0.897712
vt 0.606563 0.915463
vt 0.628524 0.909686
vt 0.639317 0.917628
vt 0.655826 0.922483
vt 0.669899 0.918684
vt 0.684007 0.915181
vt 0.697765 0.911222
vt 0.711471 0.906916
vt 0.725055 0.902315
vt 0.736028 0.917262
vt 0.750085 0.911636
vt 0.761144 0.902317
vt 0.765912 0.916490
vt 0.788970 0.914877
vt 0.808683 0.916452
vt 0.819720 0.904876
vt 0.825628 0.913193
vt 0.839250 0.905119
vt 0.824440 0.925820
vt 0.852238 0.909772
vt 0.002059 0.370760
vt 0.004408 0.396118
vt 0.018486 0.379070
vt 0.013679 0.362933
vt 0.029587 0.364695
vt 0.025408 0.348766
vt 0.044725 0.351922
vt 0.036226 0.335264
vt 0.049865 0.337827
vt 0.052360 0.326799
vt 0.065752 0.335499
vt 0.068539 0.322803
vt 0.084497 0.319182
vt 0.094046 0.313375
vt 0.101586 0.306396
vt 0.113245 0.300011
vt 0.122794 0.299161
vt 0.134536 0.290641
vt 0.143357 0.282841
vt 0.152460 0.275196
vt 0.161918 0.267694
vt 0.171804 0.260383
vt 0.182020 0.253564
vt 0.192475 0.247413
vt 0.203081 0.242058
vt 0.213734 0.237578
vt 0.224339 0.234023
vt 0.234774 0.231446
vt 0.248542 0.228801
vt 0.267825 0.228038
vt 0.284032 0.229699
vt 0.296314 0.234213
vt 0.302667 0.242940
vt 0.307525 0.253442
vt 0.315382 0.253075
vt 0.313772 0.263513
vt 0.301350 0.274024
vt 0.301500 0.283483
vt 0.287149 0.292779
vt 0.281569 0.295451
vt 0.278934 0.304997
vt 0.273139 0.319176
vt 0.271739 0.327591
vt 0.270657 0.341867
vt 0.267644 0.356243
vt 0.277378 0.360794
vt 0.263643 0.366615
vt 0.258604 0.376480
vt 0.270347 0.383740
vt 0.254181 0.383953
vt 0.265193 0.393952
vt 0.282289 0.392760
vt 0.276686 0.403754
vt 0.262982 0.415100
vt 0.276881 0.413433
vt 0.273426 0.424063
vt 0.287215 0.419249
vt 0.311836 0.422801
vt 0.324410 0.414340
vt 0.334299 0.414528
vt 0.345773 0.405878
vt 0.361508 0.399438
vt 0.376838 0.393507
vt 0.391774 0.385146
vt 0.405281 0.373851
vt 0.427332 0.357150
vt 0.438028 0.345824
vt 0.448559 0.334908
vt 0.458851 0.323592
vt 0.462295 0.308486
vt 0.473314 0.305210
vt 0.479677 0.292056
vt 0.478226 0.280557
vt 0.495722 0.278577
vt 0.520022 0.258104
vt 0.543116 0.245946
vt 0.556055 0.249014
vt 0.554730 0.240599
vt 0.569166 0.249213
vt 0.585275 0.248262
vt 0.582900 0.230131
vt 0.603795 0.243812
vt 0.601761 0.220026
vt 0.631945 0.247090
vt 0.645486 0.240729
vt 0.622853 0.222957
vt 0.551362 0.162652
vt 0.662942 0.263971
vt 0.681022 0.265258
vt 0.546457 0.149197
vt 0.713035 0.276238
vt 0.696989 0.282838
vt 0.721798 0.295577
vt 0.739393 0.295867
vt 0.746032 0.286773
vt 0.762895 0.306125
vt 0.746733 0.313906
vt 0.768774 0.331855
vt 0.786700 0.334486
vt 0.788078 0.316795
vt 0.788090 0.350016
vt 0.805107 0.368084
vt 0.820010 0.390339
vt 0.833252 0.408050
vt 0.847608 0.414539
vt 0.858514 0.433037
vt 0.844100 0.429431
vt 0.867821 0.451440
vt 0.854013 0.446828
vt 0.875560 0.469692
vt 0.862448 0.464151
vt 0.881787 0.487712
vt 0.869443 0.481338
vt 0.875049 0.498315
vt 0.879319 0.515001
vt 0.882324 0.531326
vt 0.884123 0.547219
vt 0.886829 0.560951
vt 0.886487 0.575995
vt 0.885148 0.590404
vt 0.882890 0.604123
vt 0.879802 0.617097
vt 0.875968 0.629288
vt 0.871477 0.640650
vt 0.866420 0.651178
vt 0.860876 0.660858
vt 0.854914 0.669696
vt 0.847245 0.681846
vt 0.838848 0.692646
vt 0.831474 0.698524
vt 0.818212 0.704601
vt 0.802777 0.704966
vt 0.788831 0.700239
vt 0.784279 0.697210
vt 0.782385 0.691846
vt 0.781669 0.687694
vt 0.784408 0.689569
vt 0.786079 0.681634
vt 0.791880 0.673741
vt 0.792724 0.682035
vt 0.798070 0.668975
vt 0.806812 0.665115
vt 0.808079 0.654952
vt 0.808455 0.644619
vt 0.812701 0.630932
vt 0.808422 0.621270
vt 0.804964 0.611391
vt 0.801053 0.602079
vt 0.809135 0.590226
vt 0.802251 0.579497
vt 0.800644 0.566466
vt 0.792332 0.558006
vt 0.780667 0.537826
vt 0.770503 0.534866
vt 0.760411 0.529030
vt 0.752687 0.527982
vt 0.749560 0.532965
vt 0.745923 0.527406
vt 0.741810 0.535348
vt 0.736297 0.528886
vt 0.732207 0.545030
vt 0.725528 0.550237
vt 0.716805 0.556256
vt 0.717977 0.544293
vt 0.703980 0.551110
vt 0.695172 0.560141
vt 0.688160 0.566727
vt 0.681975 0.574911
vt 0.676607 0.584650
vt 0.672837 0.595587
vt 0.668003 0.592386
vt 0.660014 0.616921
vt 0.658848 0.632809
vt 0.653107 0.646046
vt 0.652323 0.659538
vt 0.651935 0.673491
vt 0.642484 0.675592
vt 0.637348 0.690458
vt 0.635854 0.676758
vt 0.632032 0.692702
vt 0.631546 0.709570
vt 0.632551 0.722806
vt 0.626292 0.727534
vt 0.619991 0.746898
vt 0.617540 0.764618
vt 0.600259 0.834993
vt 0.596112 0.849037
vt 0.591782 0.861863
vt 0.595903 0.869844
vt 0.585125 0.879331
vt 0.580446 0.890009
vt 0.575671 0.900050
vt 0.588667 0.904509
vt 0.568412 0.913901
vt 0.582674 0.922331
vt 0.595592 0.927414
vt 0.610762 0.932465
vt 0.626939 0.933097
vt 0.644475 0.938182
vt 0.661541 0.939036
vt 0.676934 0.935026
vt 0.692044 0.930952
vt 0.706865 0.927014
vt 0.721576 0.922262
vt 0.731040 0.937757
vt 0.746068 0.932618
vt 0.765761 0.935205
vt 0.777488 0.925141
vt 0.782840 0.933576
vt 0.797066 0.927430
vt 0.795220 0.939480
vt 0.003460 0.423015
vt 0.008062 0.448249
vt 0.019629 0.429291
vt 0.013351 0.412771
vt 0.028279 0.412579
vt 0.023180 0.395525
vt 0.037847 0.397557
vt 0.038456 0.381745
vt 0.044083 0.367230
vt 0.056558 0.384295
vt 0.060826 0.369383
vt 0.069515 0.355900
vt 0.077895 0.344655
vt 0.079258 0.331541
vt 0.091075 0.331069
vt 0.105314 0.321992
vt 0.107808 0.314034
vt 0.118363 0.315795
vt 0.120021 0.309663
vt 0.132174 0.309505
vt 0.135231 0.300926
vt 0.145020 0.303550
vt 0.151174 0.297088
vt 0.159852 0.284058
vt 0.177200 0.270293
vt 0.191240 0.260446
vt 0.202668 0.256064
vt 0.212418 0.251214
vt 0.222206 0.247254
vt 0.231931 0.244249
vt 0.241466 0.242246
vt 0.254284 0.239201
vt 0.266455 0.237898
vt 0.276100 0.238960
vt 0.280179 0.245720
vt 0.290940 0.242079
vt 0.291155 0.249453
vt 0.298979 0.254046
vt 0.301023 0.265170
vt 0.291423 0.279164
vt 0.284869 0.283088
vt 0.275825 0.295497
vt 0.274777 0.301179
vt 0.271699 0.307211
vt 0.265008 0.312127
vt 0.264932 0.320345
vt 0.263001 0.329831
vt 0.259798 0.342179
vt 0.254346 0.353149
vt 0.249855 0.366964
vt 0.241346 0.372110
vt 0.239479 0.387487
vt 0.254317 0.392476
vt 0.241716 0.401043
vt 0.258577 0.404546
vt 0.237914 0.414098
vt 0.250020 0.415887
vt 0.226918 0.410566
vt 0.216738 0.404546
vt 0.204621 0.412996
vt 0.202064 0.400766
vt 0.188917 0.406649
vt 0.188529 0.418538
vt 0.173316 0.410568
vt 0.196579 0.440983
vt 0.170956 0.422258
vt 0.170804 0.433114
vt 0.178152 0.443621
vt 0.187149 0.452495
vt 0.181859 0.463934
vt 0.165001 0.449576
vt 0.167761 0.463740
vt 0.170935 0.478165
vt 0.152596 0.454763
vt 0.154025 0.469885
vt 0.156016 0.480300
vt 0.158441 0.490082
vt 0.141267 0.492529
vt 0.150309 0.511788
vt 0.162977 0.502658
vt 0.133192 0.506405
vt 0.142236 0.519282
vt 0.144763 0.539079
vt 0.161288 0.523243
vt 0.128270 0.524039
vt 0.151101 0.547229
vt 0.163945 0.536388
vt 0.143571 0.574321
vt 0.153167 0.574812
vt 0.139529 0.585214
vt 0.127459 0.595183
vt 0.128890 0.606349
vt 0.143779 0.594673
vt 0.114225 0.601829
vt 0.116913 0.616887
vt 0.119502 0.630217
vt 0.131262 0.616877
vt 0.127834 0.634848
vt 0.123498 0.652053
vt 0.106776 0.641617
vt 0.111400 0.656937
vt 0.122980 0.673640
vt 0.108686 0.675035
vt 0.124569 0.696857
vt 0.114032 0.703316
vt 0.121795 0.719739
vt 0.131620 0.724716
vt 0.135652 0.747723
vt 0.115488 0.737544
vt 0.126493 0.755989
vt 0.143760 0.770772
vt 0.137198 0.784731
vt 0.158024 0.800508
vt 0.151186 0.785769
vt 0.153272 0.810362
vt 0.173392 0.831841
vt 0.169029 0.816949
vt 0.199788 0.849818
vt 0.185564 0.833843
vt 0.149617 0.819435
vt 0.173580 0.842984
vt 0.206510 0.870119
vt 0.259887 0.904681
vt 0.221490 0.872015
vt 0.313132 0.939980
vt 0.355094 0.958981
vt 0.332799 0.941482
vt 0.304161 0.926768
vt 0.290072 0.913985
vt 0.262793 0.900415
vt 0.354034 0.944683
vt 0.327775 0.932645
vt 0.311452 0.921627
vt 0.357990 0.940649
vt 0.340856 0.932860
vt 0.323757 0.920589
vt 0.357365 0.934329
vt 0.336915 0.921822
vt 0.380368 0.937891
vt 0.363601 0.930935
vt 0.348375 0.921026
vt 0.387870 0.934731
vt 0.372833 0.928432
vt 0.362101 0.922105
vt 0.390459 0.926166
vt 0.375402 0.922292
vt 0.388300 0.917702
vt 0.366607 0.915223
vt 0.406059 0.922205
vt 0.387353 0.907192
vt 0.374248 0.910912
vt 0.410561 0.917331
vt 0.399042 0.911734
vt 0.414424 0.912144
vt 0.403762 0.905965
vt 0.398295 0.895659
vt 0.418116 0.906506
vt 0.408460 0.900347
vt 0.417366 0.893970
vt 0.407698 0.883028
vt 0.416877 0.882406
vt 0.426118 0.880736
vt 0.414062 0.869189
vt 0.422412 0.867949
vt 0.430212 0.865516
vt 0.411977 0.855692
vt 0.423175 0.851838
vt 0.431761 0.848808
vt 0.428062 0.833745
vt 0.416192 0.844821
vt 0.416043 0.836127
vt 0.440247 0.838681
vt 0.415932 0.827705
vt 0.427516 0.821250
vt 0.417598 0.814569
vt 0.432558 0.811497
vt 0.425507 0.799930
vt 0.416179 0.802171
vt 0.414863 0.792952
vt 0.421547 0.784770
vt 0.412133 0.778433
vt 0.424724 0.770875
vt 0.416557 0.762779
vt 0.408361 0.761485
vt 0.423476 0.754087
vt 0.411363 0.748394
vt 0.401923 0.750961
vt 0.417237 0.741667
vt 0.403283 0.737503
vt 0.409280 0.728651
vt 0.423245 0.732560
vt 0.415925 0.721638
vt 0.406402 0.717384
vt 0.398514 0.722221
vt 0.401954 0.707844
vt 0.413022 0.708281
vt 0.404854 0.700505
vt 0.392352 0.695871
vt 0.391345 0.709442
vt 0.380101 0.712116
vt 0.389811 0.722245
vt 0.389890 0.735319
vt 0.393796 0.748949
vt 0.397870 0.763713
vt 0.399231 0.772308
vt 0.400649 0.780997
vt 0.402487 0.790085
vt 0.403147 0.798128
vt 0.402432 0.811446
vt 0.410013 0.813347
vt 0.403042 0.822802
vt 0.403092 0.830986
vt 0.404558 0.844010
vt 0.398870 0.859881
vt 0.405675 0.870352
vt 0.396089 0.867148
vt 0.393534 0.876893
vt 0.398233 0.883859
vt 0.383472 0.889596
vt 0.388001 0.896189
vt 0.376082 0.900162
vt 0.364302 0.905114
vt 0.353289 0.913384
vt 0.339802 0.909356
vt 0.328717 0.910575
vt 0.316211 0.910173
vt 0.303330 0.911411
vt 0.286492 0.902699
vt 0.267231 0.895977
vt 0.247209 0.882927
vt 0.235762 0.880523
vt 0.216401 0.859822
vt 0.201636 0.840984
vt 0.187544 0.827986
vt 0.176668 0.813637
vt 0.171351 0.793798
vt 0.160972 0.785206
vt 0.159489 0.768509
vt 0.149668 0.758365
vt 0.151143 0.743709
vt 0.141814 0.732650
vt 0.145222 0.719658
vt 0.137349 0.708235
vt 0.142093 0.696402
vt 0.134747 0.684714
vt 0.134542 0.665960
vt 0.135935 0.644559
vt 0.139028 0.625104
vt 0.141315 0.609511
vt 0.151021 0.612498
vt 0.158680 0.584907
vt 0.166746 0.570710
vt 0.183950 0.559380
vt 0.202125 0.543018
vt 0.203129 0.533925
vt 0.217864 0.521425
vt 0.239278 0.501904
vt 0.230689 0.506545
vt 0.248366 0.501170
vt 0.249396 0.494389
vt 0.258659 0.489205
vt 0.281024 0.477419
vt 0.280342 0.469467
vt 0.269570 0.483115
vt 0.292155 0.472435
vt 0.292813 0.463789
vt 0.304514 0.466122
vt 0.304998 0.459517
vt 0.316191 0.461001
vt 0.317316 0.453825
vt 0.325796 0.447033
vt 0.308175 0.453450
vt 0.335181 0.446953
vt 0.348201 0.439527
vt 0.345265 0.429481
vt 0.334725 0.434141
vt 0.355051 0.429182
vt 0.365012 0.433141
vt 0.372330 0.421804
vt 0.383257 0.411673
vt 0.363081 0.419085
vt 0.385775 0.417347
vt 0.396852 0.407892
vt 0.402310 0.400874
vt 0.389554 0.405269
vt 0.407117 0.404099
vt 0.417659 0.398852
vt 0.423997 0.392500
vt 0.409293 0.391945
vt 0.420701 0.386999
vt 0.430391 0.383474
vt 0.439192 0.381702
vt 0.439673 0.371286
vt 0.450157 0.377812
vt 0.458977 0.364581
vt 0.460572 0.374446
vt 0.471516 0.370977
vt 0.473390 0.359829
vt 0.480129 0.348425
vt 0.466472 0.352497
vt 0.487282 0.356175
vt 0.493339 0.344848
vt 0.498258 0.331529
vt 0.483057 0.334825
vt 0.506393 0.342993
vt 0.517974 0.328159
vt 0.505698 0.321038
vt 0.521238 0.311440
vt 0.538223 0.321054
vt 0.537641 0.303089
vt 0.532781 0.291548
vt 0.552456 0.313452
vt 0.549997 0.295846
vt 0.565503 0.308230
vt 0.563262 0.289921
vt 0.553719 0.277737
vt 0.579491 0.304063
vt 0.577592 0.285292
vt 0.567502 0.272397
vt 0.593272 0.293839
vt 0.596712 0.275200
vt 0.582677 0.268836
vt 0.606372 0.289747
vt 0.614346 0.277845
vt 0.618746 0.298252
vt 0.631266 0.284473
vt 0.630465 0.307635
vt 0.640637 0.299300
vt 0.648944 0.293952
vt 0.652185 0.310413
vt 0.661333 0.306503
vt 0.657710 0.323799
vt 0.672231 0.318394
vt 0.681588 0.329434
vt 0.696334 0.324649
vt 0.687675 0.312183
vt 0.687750 0.340414
vt 0.703601 0.336478
vt 0.699767 0.349463
vt 0.710165 0.347568
vt 0.727749 0.347272
vt 0.722686 0.335905
vt 0.709818 0.359508
vt 0.732170 0.357969
vt 0.723059 0.373020
vt 0.737870 0.373044
vt 0.750777 0.365287
vt 0.752392 0.388327
vt 0.765639 0.378117
vt 0.769197 0.396301
vt 0.779874 0.391483
vt 0.760327 0.402466
vt 0.782017 0.408673
vt 0.793355 0.405367
vt 0.771913 0.413357
vt 0.799976 0.420620
vt 0.783523 0.424915
vt 0.805480 0.434922
vt 0.816432 0.441464
vt 0.817719 0.426635
vt 0.794552 0.436994
vt 0.829645 0.457363
vt 0.828342 0.441867
vt 0.799562 0.450496
vt 0.814905 0.455549
vt 0.823604 0.469001
vt 0.837911 0.472040
vt 0.831232 0.482616
vt 0.841790 0.484698
vt 0.832791 0.495391
vt 0.849077 0.496424
vt 0.838420 0.508720
vt 0.854198 0.511047
vt 0.842962 0.522006
vt 0.858163 0.525499
vt 0.846418 0.535168
vt 0.861002 0.539699
vt 0.848799 0.548101
vt 0.862753 0.553559
vt 0.850137 0.560720
vt 0.863465 0.567001
vt 0.850467 0.572913
vt 0.863195 0.579944
vt 0.849856 0.584609
vt 0.862010 0.592308
vt 0.851658 0.598572
vt 0.859984 0.604029
vt 0.849217 0.609175
vt 0.857204 0.615064
vt 0.846102 0.619113
vt 0.853760 0.625383
vt 0.842391 0.628354
vt 0.848827 0.638454
vt 0.836856 0.641567
vt 0.840689 0.656757
vt 0.830951 0.652085
vt 0.826973 0.661259
vt 0.831723 0.669321
vt 0.825628 0.675619
vt 0.817931 0.653277
vt 0.815288 0.669586
vt 0.819343 0.681270
vt 0.810124 0.685665
vt 0.804468 0.677391
vt 0.799397 0.685558
vt 0.797291 0.697642
vt 0.791575 0.689553
vt 0.787075 0.694304
vt 0.809487 0.693721
vt 0.812948 0.700774
vt 0.821969 0.691768
vt 0.831583 0.684910
vt 0.838237 0.678463
vt 0.842362 0.668149
vt 0.852239 0.655258
vt 0.858502 0.642464
vt 0.862960 0.632354
vt 0.866841 0.621474
vt 0.870059 0.609822
vt 0.872521 0.597437
vt 0.874146 0.584366
vt 0.874860 0.570672
vt 0.874585 0.556415
vt 0.873254 0.541670
vt 0.870802 0.526506
vt 0.867177 0.510999
vt 0.862329 0.495228
vt 0.856214 0.479269
vt 0.848798 0.463203
vt 0.840049 0.447093
vt 0.830498 0.427347
vt 0.818766 0.411079
vt 0.805767 0.403381
vt 0.791993 0.388033
vt 0.805483 0.386145
vt 0.777001 0.372993
vt 0.790194 0.369520
vt 0.760925 0.358368
vt 0.773342 0.353063
vt 0.743819 0.344173
vt 0.754810 0.336853
vt 0.734474 0.320841
vt 0.716746 0.323938
vt 0.709573 0.311195
vt 0.700647 0.297200
vt 0.677307 0.298852
vt 0.664201 0.284512
vt 0.647924 0.269047
vt 0.637558 0.278068
vt 0.621779 0.263669
vt 0.617904 0.272287
vt 0.601637 0.262951
vt 0.585578 0.257132
vt 0.570369 0.257178
vt 0.556314 0.260905
vt 0.544074 0.258183
vt 0.542225 0.275143
vt 0.531426 0.264519
vt 0.523610 0.274912
vt 0.518954 0.292848
vt 0.509752 0.284148
vt 0.508256 0.303505
vt 0.495228 0.297297
vt 0.493371 0.315717
vt 0.474918 0.325111
vt 0.465778 0.337789
vt 0.455546 0.348108
vt 0.450736 0.358469
vt 0.438441 0.361844
vt 0.421557 0.375834
vt 0.409775 0.383485
vt 0.401677 0.393950
vt 0.385754 0.401437
vt 0.373196 0.411346
vt 0.360602 0.415926
vt 0.348652 0.421661
vt 0.324094 0.437431
vt 0.308375 0.445262
vt 0.298887 0.454314
vt 0.285073 0.461420
vt 0.270649 0.472257
vt 0.259374 0.479349
vt 0.249435 0.484307
vt 0.240277 0.491370
vt 0.231116 0.498817
vt 0.226752 0.494329
vt 0.213537 0.500746
vt 0.205875 0.501590
vt 0.188976 0.521801
vt 0.183691 0.517349
vt 0.172088 0.527674
vt 0.177634 0.508989
vt 0.175095 0.493540
vt 0.190348 0.491604
vt 0.181196 0.480181
vt 0.196097 0.476417
vt 0.200575 0.463912
vt 0.205485 0.451036
vt 0.212074 0.460051
vt 0.223912 0.455867
vt 0.211528 0.475776
vt 0.227009 0.466969
vt 0.204794 0.488815
vt 0.194153 0.506978
vt 0.199420 0.498148
vt 0.216098 0.492107
vt 0.226226 0.478170
vt 0.241782 0.466560
vt 0.258589 0.457186
vt 0.271220 0.447706
vt 0.281262 0.447635
vt 0.294394 0.441507
vt 0.310373 0.437149
vt 0.309715 0.430693
vt 0.323339 0.430071
vt 0.326107 0.423651
vt 0.348857 0.410697
vt 0.368745 0.402706
vt 0.383349 0.397874
vt 0.391505 0.391132
vt 0.424262 0.366570
vt 0.480928 0.310821
vt 0.680715 0.281332
vt 0.367149 0.408183
vt 0.348374 0.415690
vt 0.339416 0.424820
vt 0.289441 0.452141
vt 0.275498 0.461915
vt 0.262668 0.469030
vt 0.251352 0.473529
vt 0.240025 0.481353
vt 0.227552 0.486607
vt 0.820797 0.642500
vt 0.825513 0.635406
vt 0.819453 0.617374
vt 0.814767 0.604728
vt 0.817663 0.594652
vt 0.819088 0.580775
vt 0.811635 0.573233
vt 0.817126 0.564886
vt 0.806938 0.556625
vt 0.797772 0.549144
vt 0.793855 0.538312
vt 0.783228 0.526628
vt 0.771960 0.520384
vt 0.759354 0.519416
vt 0.760906 0.513138
vt 0.750878 0.513659
vt 0.751602 0.519939
vt 0.745190 0.522060
vt 0.741395 0.512316
vt 0.731216 0.517556
vt 0.724594 0.527885
vt 0.728496 0.536378
vt 0.713060 0.534935
vt 0.701967 0.537591
vt 0.691698 0.545275
vt 0.684510 0.552497
vt 0.674280 0.561067
vt 0.671286 0.572573
vt 0.660991 0.590704
vt 0.653332 0.608955
vt 0.651940 0.621343
vt 0.651298 0.633963
vt 0.647093 0.647600
vt 0.644332 0.634623
vt 0.644749 0.661271
vt 0.634123 0.648442
vt 0.635350 0.662577
vt 0.629608 0.663882
vt 0.630537 0.679158
vt 0.623597 0.698567
vt 0.619917 0.716344
vt 0.619078 0.732232
vt 0.607363 0.762757
vt 0.606615 0.778789
vt 0.595477 0.804877
vt 0.584565 0.813363
vt 0.598500 0.785667
vt 0.592645 0.795805
vt 0.587188 0.803513
vt 0.581400 0.807317
vt 0.574098 0.818886
vt 0.572695 0.815541
vt 0.564635 0.828942
vt 0.558750 0.826001
vt 0.563523 0.818389
vt 0.553051 0.822995
vt 0.572057 0.807360
vt 0.557134 0.813669
vt 0.550162 0.817698
vt 0.542463 0.819248
vt 0.538152 0.814818
vt 0.536193 0.823789
vt 0.529214 0.818282
vt 0.535138 0.811617
vt 0.532671 0.806912
vt 0.527093 0.812162
vt 0.529248 0.803089
vt 0.524071 0.807946
vt 0.532443 0.798133
vt 0.532698 0.786075
vt 0.523875 0.797587
vt 0.522194 0.789599
vt 0.525602 0.781183
vt 0.533202 0.771340
vt 0.521300 0.771885
vt 0.530192 0.755473
vt 0.520302 0.759233
vt 0.521209 0.748947
vt 0.529232 0.742060
vt 0.521594 0.736476
vt 0.532400 0.729624
vt 0.514602 0.729055
vt 0.531887 0.714180
vt 0.537489 0.704170
vt 0.530077 0.695235
vt 0.522462 0.683291
vt 0.510560 0.687386
vt 0.509480 0.677475
vt 0.489798 0.682667
vt 0.513057 0.670447
vt 0.508954 0.655431
vt 0.502505 0.647311
vt 0.493201 0.639022
vt 0.485252 0.640112
vt 0.473977 0.641716
vt 0.479416 0.652280
vt 0.468232 0.647146
vt 0.457973 0.650718
vt 0.463750 0.659760
vt 0.457930 0.673172
vt 0.452346 0.677674
vt 0.463714 0.686379
vt 0.475065 0.684231
vt 0.483170 0.690933
vt 0.485633 0.686162
vt 0.492633 0.695795
vt 0.487151 0.700944
vt 0.494064 0.708580
vt 0.500788 0.714350
vt 0.498524 0.726980
vt 0.507019 0.732569
vt 0.510440 0.743346
vt 0.513125 0.754217
vt 0.510516 0.767142
vt 0.511319 0.779285
vt 0.512644 0.790659
vt 0.514461 0.800908
vt 0.516569 0.810327
vt 0.518672 0.817632
vt 0.524376 0.825103
vt 0.528443 0.831107
vt 0.534856 0.833668
vt 0.542533 0.827816
vt 0.541531 0.837008
vt 0.550365 0.830412
vt 0.555454 0.837839
vt 0.576629 0.827582
vt 0.566115 0.842601
vt 0.578179 0.835866
vt 0.570091 0.852365
vt 0.584526 0.845803
vt 0.579521 0.862608
vt 0.571777 0.876514
vt 0.566035 0.887192
vt 0.556597 0.901934
vt 0.546525 0.915448
vt 0.539473 0.923560
vt 0.553791 0.928197
vt 0.532856 0.938360
vt 0.564451 0.933627
vt 0.543890 0.944284
vt 0.578256 0.938954
vt 0.558616 0.949482
vt 0.594812 0.946908
vt 0.576697 0.954180
vt 0.612019 0.944334
vt 0.615212 0.959742
vt 0.631370 0.952865
vt 0.651099 0.957714
vt 0.637044 0.968504
vt 0.667809 0.954375
vt 0.684047 0.950516
vt 0.699942 0.946753
vt 0.715561 0.942316
vt 0.722159 0.954620
vt 0.737963 0.949906
vt 0.753416 0.944868
vt 0.734518 0.960729
vt 0.765869 0.950822
vt 0.013478 0.481808
vt 0.018290 0.463068
vt 0.008506 0.466047
vt 0.034898 0.477018
vt 0.027100 0.453515
vt 0.042553 0.460155
vt 0.040749 0.444380
vt 0.034351 0.428655
vt 0.048820 0.429015
vt 0.043036 0.413598
vt 0.056906 0.414340
vt 0.056262 0.399459
vt 0.073351 0.400236
vt 0.072972 0.385621
vt 0.080714 0.371811
vt 0.088261 0.359336
vt 0.095698 0.348373
vt 0.102236 0.335484
vt 0.112370 0.326677
vt 0.123060 0.326143
vt 0.132086 0.316767
vt 0.143213 0.314936
vt 0.155862 0.311775
vt 0.161660 0.301816
vt 0.167161 0.288324
vt 0.176221 0.289882
vt 0.183251 0.278965
vt 0.191686 0.272618
vt 0.200494 0.266686
vt 0.214800 0.265343
vt 0.223630 0.261249
vt 0.229533 0.255016
vt 0.241340 0.255909
vt 0.247451 0.251176
vt 0.261757 0.249352
vt 0.271504 0.253116
vt 0.277063 0.259735
vt 0.285997 0.256731
vt 0.288743 0.267532
vt 0.277068 0.277213
vt 0.270540 0.270012
vt 0.267749 0.260050
vt 0.259893 0.262843
vt 0.252425 0.258419
vt 0.250245 0.271404
vt 0.240531 0.269363
vt 0.234478 0.265330
vt 0.227086 0.274071
vt 0.219296 0.278035
vt 0.205772 0.275217
vt 0.209627 0.283947
vt 0.203770 0.290200
vt 0.194819 0.287597
vt 0.184998 0.291399
vt 0.189435 0.298671
vt 0.182486 0.302655
vt 0.172703 0.302817
vt 0.165605 0.309329
vt 0.163413 0.314649
vt 0.152907 0.317834
vt 0.143813 0.326780
vt 0.153085 0.324697
vt 0.135135 0.324149
vt 0.135452 0.334234
vt 0.124836 0.344905
vt 0.115798 0.339419
vt 0.108940 0.350058
vt 0.118771 0.361467
vt 0.102149 0.361272
vt 0.109318 0.374085
vt 0.095349 0.373547
vt 0.103227 0.387426
vt 0.087434 0.391579
vt 0.097229 0.400963
vt 0.090778 0.414486
vt 0.074237 0.414631
vt 0.084080 0.428137
vt 0.066861 0.428995
vt 0.077053 0.442454
vt 0.059265 0.443954
vt 0.060820 0.458900
vt 0.078675 0.456414
vt 0.053534 0.475514
vt 0.071709 0.472412
vt 0.037155 0.493821
vt 0.055680 0.491058
vt 0.044508 0.509665
vt 0.016088 0.499219
vt 0.026641 0.514479
vt 0.030171 0.531838
vt 0.043327 0.527409
vt 0.027564 0.551586
vt 0.046981 0.544041
vt 0.019608 0.526691
vt 0.708557 0.965400
vt 0.689628 0.962898
vt 0.693425 0.971190
vt 0.675255 0.972749
vt 0.656012 0.969553
vt 0.651024 0.979160
vt 0.621587 0.975172
vt 0.617311 0.984503
vt 0.604890 0.977861
vt 0.598859 0.966463
vt 0.581283 0.968552
vt 0.587187 0.988090
vt 0.558234 0.964939
vt 0.566536 0.975519
vt 0.537718 0.956317
vt 0.536477 0.968580
vt 0.514956 0.961733
vt 0.523352 0.950011
vt 0.509350 0.946949
vt 0.493276 0.961463
vt 0.522307 0.929300
vt 0.504220 0.934446
vt 0.492567 0.946980
vt 0.487005 0.940760
vt 0.481748 0.933904
vt 0.513974 0.919939
vt 0.499127 0.922878
vt 0.482246 0.923142
vt 0.513478 0.911935
vt 0.497468 0.912092
vt 0.482044 0.912913
vt 0.512990 0.904284
vt 0.505660 0.896016
vt 0.493740 0.901523
vt 0.480617 0.905064
vt 0.479083 0.897426
vt 0.490000 0.891197
vt 0.500426 0.882918
vt 0.483287 0.885265
vt 0.489915 0.877194
vt 0.476407 0.873567
vt 0.470905 0.882310
vt 0.504104 0.867205
vt 0.490577 0.868525
vt 0.483020 0.862171
vt 0.474572 0.859963
vt 0.489804 0.856659
vt 0.476654 0.848778
vt 0.486199 0.843443
vt 0.482064 0.833947
vt 0.470251 0.842569
vt 0.469162 0.834260
vt 0.480545 0.825987
vt 0.464744 0.824845
vt 0.478679 0.818045
vt 0.469019 0.815161
vt 0.477508 0.806718
vt 0.465679 0.805571
vt 0.475899 0.797271
vt 0.468575 0.791978
vt 0.458685 0.793612
vt 0.463975 0.779534
vt 0.474282 0.780268
vt 0.472689 0.768253
vt 0.460150 0.767028
vt 0.468288 0.757176
vt 0.480449 0.759571
vt 0.477169 0.747789
vt 0.465753 0.740482
vt 0.458964 0.750156
vt 0.465187 0.728463
vt 0.452046 0.738179
vt 0.478636 0.735514
vt 0.455124 0.722742
vt 0.466083 0.714174
vt 0.456133 0.707224
vt 0.448393 0.714598
vt 0.462000 0.697504
vt 0.450329 0.690484
vt 0.446076 0.700791
vt 0.442212 0.678891
vt 0.436890 0.664927
vt 0.432432 0.672130
vt 0.426214 0.659404
vt 0.417282 0.670892
vt 0.425824 0.684287
vt 0.436085 0.691100
vt 0.428867 0.701988
vt 0.440200 0.707691
vt 0.441037 0.719863
vt 0.439900 0.733341
vt 0.440139 0.744314
vt 0.447663 0.749673
vt 0.451398 0.759748
vt 0.449333 0.770709
vt 0.454024 0.780978
vt 0.444292 0.778093
vt 0.448653 0.788376
vt 0.441604 0.796787
vt 0.451764 0.802183
vt 0.454747 0.811140
vt 0.452877 0.819176
vt 0.453102 0.831966
vt 0.456768 0.841877
vt 0.457175 0.850096
vt 0.466962 0.857139
vt 0.459888 0.861160
vt 0.467903 0.872022
vt 0.459672 0.875937
vt 0.457858 0.889484
vt 0.470812 0.888506
vt 0.464644 0.897849
vt 0.449671 0.897650
vt 0.448070 0.903445
vt 0.463320 0.905168
vt 0.454326 0.912671
vt 0.467616 0.910825
vt 0.467306 0.918715
vt 0.451779 0.923011
vt 0.466155 0.926682
vt 0.448439 0.933014
vt 0.465650 0.934738
vt 0.444502 0.942920
vt 0.468924 0.946382
vt 0.448420 0.949878
vt 0.453640 0.956636
vt 0.473081 0.959061
vt 0.449940 0.970184
vt 0.479508 0.972072
vt 0.507807 0.976280
vt 0.461510 0.977867
vt 0.463523 0.986965
vt 0.543926 0.986788
vt 0.549744 0.978778
vt 0.559977 0.995082
vt 0.573716 0.982741
vt 0.067089 0.675487
vt 0.065450 0.653156
vt 0.058644 0.659095
vt 0.082070 0.663130
vt 0.079620 0.642317
vt 0.066352 0.630016
vt 0.053137 0.639107
vt 0.077490 0.622589
vt 0.064682 0.610499
vt 0.047511 0.621371
vt 0.059827 0.593722
vt 0.041374 0.603957
vt 0.055216 0.577073
vt 0.036795 0.586260
vt 0.050998 0.560486
vt 0.031392 0.569133
vt 0.068220 0.553647
vt 0.064633 0.537922
vt 0.056692 0.523580
vt 0.070234 0.519622
vt 0.062765 0.505589
vt 0.076341 0.501980
vt 0.073805 0.487157
vt 0.091251 0.482588
vt 0.089187 0.468464
vt 0.093993 0.449301
vt 0.100750 0.435727
vt 0.106941 0.422276
vt 0.114641 0.413006
vt 0.115728 0.399611
vt 0.117404 0.386613
vt 0.126240 0.372795
vt 0.130942 0.388366
vt 0.133563 0.356567
vt 0.143210 0.343972
vt 0.153639 0.333897
vt 0.163483 0.327226
vt 0.164494 0.318750
vt 0.174918 0.318489
vt 0.176298 0.312390
vt 0.183542 0.311854
vt 0.188788 0.311050
vt 0.198024 0.302019
vt 0.205354 0.304170
vt 0.213339 0.297868
vt 0.219718 0.289417
vt 0.228370 0.285121
vt 0.241903 0.280925
vt 0.260257 0.275319
vt 0.266243 0.282972
vt 0.275881 0.286400
vt 0.268564 0.294464
vt 0.265733 0.302224
vt 0.260988 0.306583
vt 0.258556 0.318441
vt 0.255077 0.326797
vt 0.249144 0.342551
vt 0.243945 0.355836
vt 0.231045 0.360719
vt 0.228088 0.372987
vt 0.213739 0.374053
vt 0.222645 0.384573
vt 0.226634 0.394983
vt 0.209382 0.389345
vt 0.194230 0.391756
vt 0.188018 0.382165
vt 0.181863 0.396637
vt 0.169499 0.387977
vt 0.167856 0.400271
vt 0.155753 0.391157
vt 0.152566 0.403480
vt 0.152830 0.414656
vt 0.153959 0.426075
vt 0.148268 0.439162
vt 0.141157 0.452964
vt 0.131560 0.462967
vt 0.136694 0.478553
vt 0.119139 0.487030
vt 0.121927 0.499445
vt 0.116683 0.516934
vt 0.109182 0.531353
vt 0.091268 0.528658
vt 0.100497 0.548749
vt 0.100770 0.573116
vt 0.083180 0.542313
vt 0.089217 0.561651
vt 0.084218 0.581093
vt 0.088095 0.597076
vt 0.103937 0.589060
vt 0.099507 0.609447
vt 0.088262 0.615625
vt 0.099695 0.627882
vt 0.074097 0.595450
vt 0.094594 0.652083
vt 0.094925 0.675612
vt 0.086131 0.684717
vt 0.094370 0.703647
vt 0.102194 0.693501
vt 0.074451 0.694802
vt 0.088512 0.710099
vt 0.098097 0.729520
vt 0.105603 0.719005
vt 0.081969 0.716152
vt 0.091571 0.735725
vt 0.103613 0.753720
vt 0.444136 0.994385
vt 0.447102 0.983502
vt 0.431271 0.978049
vt 0.424967 0.985568
vt 0.416669 0.969921
vt 0.435071 0.963240
vt 0.406963 0.959537
vt 0.426638 0.952599
vt 0.401790 0.951658
vt 0.400093 0.945468
vt 0.427194 0.941626
vt 0.407897 0.940233
vt 0.423425 0.934687
vt 0.435551 0.926922
vt 0.422930 0.924411
vt 0.408447 0.929621
vt 0.440463 0.916495
vt 0.429049 0.913525
vt 0.439585 0.907966
vt 0.430975 0.901464
vt 0.444707 0.892475
vt 0.441901 0.882780
vt 0.431440 0.892452
vt 0.451021 0.879711
vt 0.443320 0.867816
vt 0.452585 0.865133
vt 0.443041 0.856734
vt 0.443689 0.848719
vt 0.440473 0.825491
vt 0.441427 0.811809
vt 0.434775 0.780042
vt 0.431885 0.792467
vt 0.433030 0.765110
vt 0.440895 0.761138
vt 0.433819 0.753278
vt 0.428723 0.743036
vt 0.430873 0.724973
vt 0.429113 0.712960
vt 0.416907 0.696828
vt 0.416445 0.683593
vt 0.404901 0.689821
vt 0.405897 0.675956
vt 0.395873 0.679587
vt 0.384350 0.685906
vt 0.381796 0.698905
vt 0.369414 0.704338
vt 0.368266 0.716141
vt 0.379097 0.723891
vt 0.374441 0.732895
vt 0.382413 0.742209
vt 0.383721 0.751446
vt 0.385139 0.760648
vt 0.386333 0.769405
vt 0.388709 0.782319
vt 0.389510 0.794647
vt 0.393357 0.803519
vt 0.390232 0.814324
vt 0.390262 0.825938
vt 0.387656 0.833779
vt 0.396365 0.841042
vt 0.381614 0.843677
vt 0.394268 0.850539
vt 0.386206 0.856471
vt 0.377804 0.864231
vt 0.381914 0.872673
vt 0.379555 0.883418
vt 0.370298 0.882456
vt 0.367377 0.894282
vt 0.359794 0.888136
vt 0.354780 0.896994
vt 0.346968 0.900799
vt 0.336440 0.899354
vt 0.326306 0.898422
vt 0.314853 0.899327
vt 0.301654 0.900038
vt 0.287746 0.895223
vt 0.271882 0.890602
vt 0.255868 0.881252
vt 0.241659 0.870159
vt 0.230099 0.867955
vt 0.221911 0.854531
vt 0.198358 0.830790
vt 0.186258 0.815925
vt 0.179892 0.800124
vt 0.169005 0.771502
vt 0.161634 0.751985
vt 0.155380 0.729437
vt 0.149410 0.707422
vt 0.150576 0.684908
vt 0.144153 0.674072
vt 0.150741 0.663270
vt 0.145176 0.652224
vt 0.152821 0.642270
vt 0.148105 0.631389
vt 0.157917 0.597841
vt 0.171590 0.586806
vt 0.182288 0.571278
vt 0.199981 0.553579
vt 0.216350 0.531705
vt 0.226415 0.521802
vt 0.236723 0.512527
vt 0.246399 0.509266
vt 0.257601 0.497566
vt 0.268545 0.491786
vt 0.280171 0.483157
vt 0.302756 0.472773
vt 0.339323 0.451192
vt 0.327964 0.455839
vt 0.351493 0.442393
vt 0.363066 0.437634
vt 0.374823 0.430915
vt 0.386259 0.426295
vt 0.397585 0.421277
vt 0.396506 0.416480
vt 0.408466 0.414223
vt 0.419282 0.409347
vt 0.429387 0.402815
vt 0.428720 0.394112
vt 0.440416 0.397593
vt 0.445321 0.386046
vt 0.465747 0.378121
vt 0.481510 0.368462
vt 0.491164 0.365822
vt 0.503522 0.352966
vt 0.519354 0.342014
vt 0.531139 0.348923
vt 0.529512 0.335661
vt 0.542461 0.337535
vt 0.558105 0.327233
vt 0.558653 0.341043
vt 0.570913 0.330648
vt 0.581984 0.324778
vt 0.593460 0.312457
vt 0.598779 0.326327
vt 0.608987 0.311569
vt 0.608063 0.333293
vt 0.619820 0.318952
vt 0.630039 0.327022
vt 0.641616 0.317099
vt 0.639624 0.335472
vt 0.667768 0.333603
vt 0.675721 0.343756
vt 0.692193 0.350157
vt 0.689337 0.363591
vt 0.703122 0.365508
vt 0.713553 0.374264
vt 0.726415 0.391918
vt 0.736644 0.391366
vt 0.736269 0.404500
vt 0.747845 0.404888
vt 0.744893 0.416852
vt 0.759148 0.418383
vt 0.773878 0.429303
vt 0.761820 0.434132
vt 0.784402 0.440146
vt 0.775217 0.444462
vt 0.781770 0.454938
vt 0.808379 0.466083
vt 0.793776 0.465393
vt 0.820974 0.481603
vt 0.805336 0.477209
vt 0.812897 0.488906
vt 0.819529 0.500832
vt 0.825162 0.512903
vt 0.829763 0.525028
vt 0.833304 0.537118
vt 0.835767 0.549061
vt 0.837179 0.560737
vt 0.837502 0.573856
vt 0.841708 0.590587
vt 0.842993 0.603272
vt 0.834832 0.596501
vt 0.837009 0.610458
vt 0.836732 0.622052
vt 0.829166 0.614842
vt 0.829789 0.627712
vt 0.825959 0.600503
vt 0.828659 0.582896
vt 0.828310 0.567393
vt 0.817439 0.552051
vt 0.807197 0.541460
vt 0.799305 0.527933
vt 0.785195 0.514883
vt 0.778097 0.505208
vt 0.767366 0.504173
vt 0.759979 0.503455
vt 0.750103 0.500691
vt 0.750792 0.507201
vt 0.740774 0.499534
vt 0.733446 0.500212
vt 0.725337 0.506044
vt 0.716634 0.520445
vt 0.708293 0.512473
vt 0.702190 0.522248
vt 0.690270 0.527627
vt 0.678845 0.542429
vt 0.676641 0.532175
vt 0.669837 0.548733
vt 0.662846 0.566320
vt 0.651841 0.583006
vt 0.653353 0.571436
vt 0.651273 0.595694
vt 0.647171 0.607736
vt 0.642417 0.593458
vt 0.640977 0.620852
vt 0.632580 0.634030
vt 0.630601 0.618564
vt 0.624744 0.613545
vt 0.626916 0.631017
vt 0.628120 0.648395
vt 0.619787 0.670539
vt 0.618363 0.687127
vt 0.613854 0.718728
vt 0.610617 0.735764
vt 0.609949 0.749100
vt 0.603495 0.774512
vt 0.592692 0.788431
vt 0.588220 0.796751
vt 0.580862 0.797573
vt 0.563260 0.808874
vt 0.551491 0.810509
vt 0.544847 0.812863
vt 0.539171 0.810689
vt 0.536359 0.805201
vt 0.537908 0.795325
vt 0.538996 0.786031
vt 0.540910 0.763008
vt 0.540169 0.750944
vt 0.539769 0.741921
vt 0.542819 0.732385
vt 0.542354 0.723057
vt 0.545599 0.711401
vt 0.549327 0.699868
vt 0.537872 0.685225
vt 0.549001 0.690155
vt 0.528224 0.672757
vt 0.520496 0.663337
vt 0.524900 0.653282
vt 0.515417 0.647258
vt 0.508136 0.640679
vt 0.500475 0.632386
vt 0.496130 0.627082
vt 0.488196 0.619546
vt 0.484742 0.627866
vt 0.472802 0.632410
vt 0.470515 0.623144
vt 0.461583 0.633504
vt 0.455314 0.642126
vt 0.446597 0.634494
vt 0.443043 0.639144
vt 0.439236 0.628294
vt 0.430759 0.617122
vt 0.417733 0.617697
vt 0.419119 0.625368
vt 0.412655 0.619612
vt 0.406123 0.619070
vt 0.398944 0.641280
vt 0.401934 0.649920
vt 0.415514 0.653395
vt 0.409711 0.663013
vt 0.400817 0.662307
vt 0.383026 0.673470
vt 0.371876 0.676202
vt 0.374262 0.691177
vt 0.364076 0.687827
vt 0.359111 0.697219
vt 0.357567 0.711196
vt 0.368222 0.724528
vt 0.359682 0.726601
vt 0.357556 0.737427
vt 0.367765 0.743150
vt 0.374420 0.753952
vt 0.365282 0.757382
vt 0.373990 0.765944
vt 0.376455 0.778908
vt 0.379061 0.795859
vt 0.380081 0.810109
vt 0.377901 0.823403
vt 0.370344 0.834000
vt 0.372005 0.856405
vt 0.362639 0.866120
vt 0.365491 0.874859
vt 0.352655 0.876172
vt 0.345585 0.883541
vt 0.347302 0.890361
vt 0.329068 0.888169
vt 0.314813 0.889253
vt 0.304134 0.888640
vt 0.292228 0.886444
vt 0.277967 0.883855
vt 0.263650 0.877931
vt 0.255636 0.867516
vt 0.239849 0.859199
vt 0.221549 0.846257
vt 0.211134 0.841046
vt 0.201524 0.822576
vt 0.190340 0.811940
vt 0.178552 0.787374
vt 0.163956 0.736992
vt 0.159943 0.715839
vt 0.157231 0.697627
vt 0.157706 0.673737
vt 0.159294 0.653246
vt 0.158889 0.625929
vt 0.164488 0.606862
vt 0.187857 0.582634
vt 0.193105 0.567221
vt 0.206256 0.562647
vt 0.212590 0.546176
vt 0.222791 0.536552
vt 0.234718 0.522495
vt 0.243169 0.520961
vt 0.258885 0.508144
vt 0.266635 0.499887
vt 0.277571 0.494153
vt 0.290971 0.480002
vt 0.314222 0.467696
vt 0.325697 0.463025
vt 0.350246 0.446724
vt 0.361289 0.442906
vt 0.380196 0.434399
vt 0.397523 0.428149
vt 0.409272 0.418027
vt 0.420789 0.413158
vt 0.431854 0.407702
vt 0.451243 0.392699
vt 0.460759 0.386530
vt 0.471812 0.382850
vt 0.480080 0.374445
vt 0.489616 0.373340
vt 0.528305 0.357790
vt 0.542205 0.350579
vt 0.549979 0.351725
vt 0.559332 0.351796
vt 0.576066 0.350237
vt 0.584880 0.340316
vt 0.601734 0.349503
vt 0.617043 0.340460
vt 0.625688 0.347985
vt 0.635676 0.359270
vt 0.648390 0.344283
vt 0.649109 0.358317
vt 0.663737 0.349086
vt 0.663850 0.362366
vt 0.677798 0.355579
vt 0.695134 0.372962
vt 0.709323 0.379191
vt 0.704943 0.390845
vt 0.716087 0.388789
vt 0.718564 0.396965
vt 0.724946 0.405821
vt 0.730271 0.413703
vt 0.732908 0.421707
vt 0.749003 0.432684
vt 0.754879 0.448186
vt 0.765255 0.450639
vt 0.779066 0.465796
vt 0.788615 0.477105
vt 0.796147 0.490445
vt 0.806928 0.503129
vt 0.813593 0.511304
vt 0.814465 0.522568
vt 0.818703 0.535257
vt 0.825640 0.545322
vt 0.827497 0.556493
vt 0.800072 0.515677
vt 0.794556 0.502828
vt 0.780980 0.495349
vt 0.770288 0.491722
vt 0.760705 0.490354
vt 0.753276 0.483047
vt 0.750968 0.493613
vt 0.749054 0.482451
vt 0.746725 0.487094
vt 0.746453 0.494114
vt 0.738933 0.488509
vt 0.723568 0.492486
vt 0.715024 0.504217
vt 0.709923 0.493893
vt 0.698322 0.507078
vt 0.688690 0.508098
vt 0.682018 0.516182
vt 0.668491 0.530066
vt 0.659290 0.546744
vt 0.659328 0.533338
vt 0.654264 0.559261
vt 0.638875 0.566035
vt 0.636212 0.577715
vt 0.630550 0.590888
vt 0.635598 0.605836
vt 0.628814 0.602880
vt 0.622289 0.598110
vt 0.617614 0.587175
vt 0.616347 0.606057
vt 0.619425 0.620782
vt 0.621419 0.636764
vt 0.619686 0.655361
vt 0.614730 0.706169
vt 0.597852 0.780490
vt 0.585800 0.789725
vt 0.572692 0.799770
vt 0.569950 0.797491
vt 0.560300 0.805430
vt 0.549222 0.805422
vt 0.543126 0.801246
vt 0.547211 0.794008
vt 0.567936 0.772290
vt 0.577948 0.763605
vt 0.582811 0.758808
vt 0.577600 0.753219
vt 0.579210 0.745981
vt 0.569777 0.753185
vt 0.562661 0.752609
vt 0.551798 0.760588
vt 0.557024 0.746116
vt 0.548518 0.753983
vt 0.550561 0.741965
vt 0.551948 0.729490
vt 0.553574 0.717051
vt 0.561420 0.705518
vt 0.559243 0.693438
vt 0.559091 0.678039
vt 0.551682 0.670050
vt 0.546530 0.678785
vt 0.542590 0.661896
vt 0.537873 0.669993
vt 0.533929 0.657036
vt 0.520251 0.636271
vt 0.529563 0.639103
vt 0.528945 0.625109
vt 0.525390 0.616451
vt 0.506051 0.606311
vt 0.494936 0.600521
vt 0.486573 0.601598
vt 0.491585 0.607320
vt 0.482392 0.603263
vt 0.492810 0.615665
vt 0.473890 0.616180
vt 0.463167 0.617730
vt 0.453149 0.627205
vt 0.446540 0.620177
vt 0.441631 0.615850
vt 0.434182 0.609644
vt 0.425980 0.603178
vt 0.410470 0.610839
vt 0.432310 0.595925
vt 0.425942 0.586822
vt 0.414174 0.579359
vt 0.400280 0.572127
vt 0.409334 0.569171
vt 0.416205 0.567811
vt 0.398021 0.558144
vt 0.410068 0.554487
vt 0.401777 0.545361
vt 0.419928 0.547646
vt 0.403277 0.533140
vt 0.392568 0.538188
vt 0.417807 0.538926
vt 0.399230 0.517835
vt 0.384822 0.526973
vt 0.413377 0.527709
vt 0.410840 0.513344
vt 0.417776 0.503994
vt 0.398654 0.502541
vt 0.425263 0.492538
vt 0.408628 0.493988
vt 0.430011 0.506664
vt 0.442065 0.501017
vt 0.443887 0.487948
vt 0.435273 0.485045
vt 0.453992 0.496386
vt 0.457065 0.484517
vt 0.464075 0.489021
vt 0.470671 0.477704
vt 0.476330 0.494807
vt 0.480227 0.487123
vt 0.481055 0.476570
vt 0.489395 0.479391
vt 0.494890 0.487870
vt 0.499097 0.477970
vt 0.504093 0.487328
vt 0.511679 0.481867
vt 0.506595 0.473848
vt 0.514764 0.492647
vt 0.516361 0.473301
vt 0.522590 0.485590
vt 0.527156 0.473141
vt 0.529102 0.491043
vt 0.538247 0.478380
vt 0.543350 0.492714
vt 0.550575 0.486764
vt 0.549627 0.472078
vt 0.560715 0.475404
vt 0.559083 0.501714
vt 0.566291 0.495797
vt 0.574529 0.484833
vt 0.578466 0.494542
vt 0.582527 0.504628
vt 0.584411 0.515674
vt 0.594254 0.514959
vt 0.593591 0.503634
vt 0.595324 0.525200
vt 0.605353 0.526871
vt 0.605616 0.537091
vt 0.610671 0.541523
vt 0.610029 0.547118
vt 0.619189 0.541596
vt 0.621807 0.550391
vt 0.624394 0.540908
vt 0.626965 0.548303
vt 0.630541 0.534658
vt 0.631750 0.545530
vt 0.635097 0.524162
vt 0.642414 0.539002
vt 0.643192 0.520466
vt 0.652665 0.520847
vt 0.650838 0.507435
vt 0.645775 0.509664
vt 0.649219 0.539451
vt 0.660535 0.519281
vt 0.662126 0.504700
vt 0.670288 0.505274
vt 0.681811 0.482952
vt 0.679810 0.502316
vt 0.689965 0.492113
vt 0.696875 0.475019
vt 0.700123 0.492308
vt 0.707291 0.477443
vt 0.723118 0.483339
vt 0.723007 0.473788
vt 0.735934 0.474472
vt 0.729396 0.464853
vt 0.738859 0.481179
vt 0.735410 0.465276
vt 0.744413 0.479725
vt 0.744274 0.473256
vt 0.745449 0.466333
vt 0.750327 0.473373
vt 0.758153 0.469906
vt 0.766931 0.481167
vt 0.773035 0.475637
vt 0.765425 0.463775
vt 0.780254 0.484225
vt 0.750753 0.459355
vt 0.742930 0.455048
vt 0.732173 0.452722
vt 0.737085 0.460001
vt 0.717427 0.452687
vt 0.711251 0.464343
vt 0.699453 0.453643
vt 0.686060 0.460894
vt 0.675396 0.467850
vt 0.685659 0.440710
vt 0.695344 0.437579
vt 0.708576 0.438028
vt 0.718209 0.440045
vt 0.724996 0.432775
vt 0.729730 0.445451
vt 0.737295 0.436804
vt 0.735720 0.429141
vt 0.740957 0.444835
vt 0.722342 0.418270
vt 0.714445 0.420024
vt 0.702571 0.424412
vt 0.687151 0.423442
vt 0.694224 0.409299
vt 0.675147 0.421968
vt 0.678384 0.407712
vt 0.665185 0.412143
vt 0.653824 0.422942
vt 0.651733 0.403955
vt 0.650262 0.434828
vt 0.650560 0.449693
vt 0.655732 0.485718
vt 0.637127 0.513605
vt 0.630137 0.518432
vt 0.627331 0.529032
vt 0.623465 0.527675
vt 0.616694 0.529798
vt 0.608202 0.527448
vt 0.602787 0.516364
vt 0.592668 0.491009
vt 0.589343 0.479177
vt 0.571341 0.474593
vt 0.568295 0.464131
vt 0.556851 0.459462
vt 0.544246 0.457324
vt 0.536407 0.466401
vt 0.530612 0.459097
vt 0.517081 0.462464
vt 0.505998 0.463575
vt 0.495454 0.465306
vt 0.487941 0.468516
vt 0.470746 0.465623
vt 0.462855 0.472609
vt 0.452550 0.471995
vt 0.441251 0.473379
vt 0.430579 0.472910
vt 0.421037 0.483717
vt 0.406120 0.483483
vt 0.394954 0.492518
vt 0.386486 0.500744
vt 0.389822 0.510296
vt 0.380141 0.508795
vt 0.386429 0.518672
vt 0.371638 0.520669
vt 0.373595 0.533876
vt 0.381262 0.545297
vt 0.385084 0.556124
vt 0.385157 0.564856
vt 0.387127 0.572203
vt 0.392641 0.580762
vt 0.383794 0.584013
vt 0.389452 0.594585
vt 0.396063 0.603696
vt 0.403266 0.612345
vt 0.382331 0.604688
vt 0.376214 0.594653
vt 0.371476 0.600874
vt 0.370676 0.587760
vt 0.368239 0.580418
vt 0.373917 0.574546
vt 0.362862 0.573506
vt 0.372550 0.565902
vt 0.360341 0.562127
vt 0.369448 0.552934
vt 0.358705 0.544625
vt 0.352362 0.553153
vt 0.368229 0.541431
vt 0.357846 0.524594
vt 0.351614 0.538317
vt 0.364838 0.510846
vt 0.370765 0.502145
vt 0.379032 0.493890
vt 0.391034 0.484622
vt 0.410147 0.470534
vt 0.393067 0.476186
vt 0.418916 0.475857
vt 0.422751 0.466126
vt 0.434523 0.464461
vt 0.445914 0.462889
vt 0.457576 0.460516
vt 0.472001 0.450606
vt 0.477882 0.460721
vt 0.485315 0.455172
vt 0.496816 0.452482
vt 0.511858 0.454013
vt 0.502319 0.441984
vt 0.515689 0.442050
vt 0.526091 0.449645
vt 0.541212 0.446624
vt 0.557640 0.446869
vt 0.569168 0.452016
vt 0.578673 0.459035
vt 0.584362 0.468455
vt 0.600036 0.504134
vt 0.601787 0.504304
vt 0.598859 0.490970
vt 0.604892 0.516542
vt 0.612774 0.521138
vt 0.619259 0.515948
vt 0.626192 0.513220
vt 0.621204 0.506586
vt 0.632192 0.507692
vt 0.628133 0.501099
vt 0.603097 0.480001
vt 0.596696 0.478582
vt 0.595899 0.467259
vt 0.591381 0.455299
vt 0.582624 0.446665
vt 0.582827 0.436869
vt 0.571239 0.440404
vt 0.573008 0.428857
vt 0.573141 0.415131
vt 0.551668 0.405794
vt 0.534475 0.410158
vt 0.565764 0.407660
vt 0.545690 0.395030
vt 0.537533 0.400742
vt 0.557995 0.394761
vt 0.553051 0.390031
vt 0.563422 0.382685
vt 0.582037 0.380343
vt 0.572311 0.376127
vt 0.577568 0.390804
vt 0.601015 0.383885
vt 0.596218 0.376782
vt 0.587723 0.372078
vt 0.611536 0.389852
vt 0.604405 0.382367
vt 0.616577 0.398047
vt 0.610619 0.377129
vt 0.593658 0.365478
vt 0.579791 0.368116
vt 0.571105 0.364652
vt 0.560592 0.363825
vt 0.545022 0.360531
vt 0.540154 0.369209
vt 0.530259 0.366818
vt 0.528093 0.372421
vt 0.517398 0.372163
vt 0.516684 0.384196
vt 0.490349 0.391629
vt 0.511238 0.395427
vt 0.527273 0.398498
vt 0.512158 0.401897
vt 0.518156 0.413897
vt 0.506896 0.413734
vt 0.498181 0.427551
vt 0.514642 0.429391
vt 0.487212 0.439804
vt 0.478000 0.436671
vt 0.465547 0.440796
vt 0.461884 0.449745
vt 0.447871 0.445329
vt 0.449828 0.453435
vt 0.438378 0.455923
vt 0.426634 0.457602
vt 0.414747 0.460671
vt 0.401981 0.465138
vt 0.390195 0.469736
vt 0.376776 0.483386
vt 0.365754 0.491215
vt 0.355628 0.494938
vt 0.350756 0.505698
vt 0.343518 0.532333
vt 0.341858 0.548626
vt 0.342734 0.564340
vt 0.352558 0.570304
vt 0.340879 0.580336
vt 0.352322 0.582683
vt 0.331160 0.587947
vt 0.330783 0.575155
vt 0.330656 0.558919
vt 0.324265 0.570573
vt 0.307594 0.533498
vt 0.308504 0.521641
vt 0.300233 0.525282
vt 0.295636 0.523172
vt 0.289046 0.526995
vt 0.281248 0.530161
vt 0.273762 0.535049
vt 0.264442 0.542061
vt 0.254282 0.543105
vt 0.253063 0.554136
vt 0.263261 0.533696
vt 0.249098 0.549865
vt 0.242034 0.560002
vt 0.243884 0.551082
vt 0.237306 0.561380
vt 0.230297 0.571302
vt 0.235548 0.570435
vt 0.234838 0.559681
vt 0.222353 0.575044
vt 0.216851 0.585368
vt 0.227313 0.582740
vt 0.220396 0.595786
vt 0.212222 0.596151
vt 0.212538 0.610762
vt 0.204603 0.605054
vt 0.204375 0.616225
vt 0.207020 0.624948
vt 0.197693 0.630634
vt 0.207369 0.640486
vt 0.194321 0.645303
vt 0.200973 0.650092
vt 0.196918 0.666852
vt 0.206661 0.657959
vt 0.189902 0.659035
vt 0.197714 0.682867
vt 0.203389 0.673771
vt 0.187963 0.674040
vt 0.187629 0.689197
vt 0.194506 0.698401
vt 0.202454 0.694155
vt 0.198218 0.709425
vt 0.189236 0.702305
vt 0.190332 0.721882
vt 0.198467 0.724678
vt 0.204434 0.716444
vt 0.207583 0.728038
vt 0.195450 0.737559
vt 0.207895 0.740638
vt 0.199639 0.750211
vt 0.212363 0.751769
vt 0.209302 0.759120
vt 0.222205 0.769235
vt 0.214548 0.770531
vt 0.216904 0.785650
vt 0.229015 0.783262
vt 0.227031 0.791778
vt 0.238749 0.789077
vt 0.227714 0.800949
vt 0.245796 0.803524
vt 0.235705 0.810022
vt 0.243955 0.817941
vt 0.257751 0.813736
vt 0.255356 0.803263
vt 0.258765 0.821671
vt 0.268771 0.819650
vt 0.261282 0.829952
vt 0.276709 0.833022
vt 0.276541 0.823335
vt 0.284117 0.826075
vt 0.291642 0.838777
vt 0.294024 0.828966
vt 0.300654 0.824369
vt 0.301779 0.843292
vt 0.326309 0.846369
vt 0.323527 0.839002
vt 0.320143 0.829738
vt 0.329964 0.830974
vt 0.330277 0.823272
vt 0.320487 0.822734
vt 0.323298 0.811194
vt 0.337994 0.817627
vt 0.333615 0.812007
vt 0.328136 0.801507
vt 0.346479 0.808906
vt 0.340824 0.802489
vt 0.336053 0.797280
vt 0.348841 0.795798
vt 0.341907 0.789983
vt 0.334187 0.785542
vt 0.328877 0.791716
vt 0.341234 0.779638
vt 0.334628 0.772390
vt 0.326740 0.779234
vt 0.318832 0.784992
vt 0.314151 0.793731
vt 0.317001 0.801805
vt 0.311475 0.807484
vt 0.313608 0.814181
vt 0.307389 0.817922
vt 0.311883 0.824710
vt 0.298429 0.813854
vt 0.285352 0.815926
vt 0.274120 0.810342
vt 0.266521 0.805748
vt 0.256468 0.793410
vt 0.245549 0.786384
vt 0.236884 0.775718
vt 0.231458 0.766652
vt 0.226786 0.756898
vt 0.227118 0.746946
vt 0.219077 0.740352
vt 0.215338 0.729890
vt 0.215330 0.714697
vt 0.212743 0.703921
vt 0.210996 0.693009
vt 0.210757 0.681605
vt 0.211553 0.668094
vt 0.214221 0.650651
vt 0.219697 0.641831
vt 0.215814 0.628817
vt 0.218399 0.616711
vt 0.220046 0.606011
vt 0.225778 0.609957
vt 0.226196 0.598047
vt 0.233827 0.591261
vt 0.235787 0.579537
vt 0.242431 0.569553
vt 0.246188 0.563120
vt 0.256584 0.554494
vt 0.266348 0.543693
vt 0.276250 0.537468
vt 0.269008 0.544695
vt 0.282479 0.534468
vt 0.289265 0.531366
vt 0.299059 0.561821
vt 0.299326 0.574232
vt 0.310424 0.569928
vt 0.304446 0.584059
vt 0.314173 0.584424
vt 0.305056 0.597772
vt 0.315185 0.595216
vt 0.323055 0.587652
vt 0.325650 0.602418
vt 0.312544 0.605176
vt 0.313661 0.612671
vt 0.327424 0.619104
vt 0.318955 0.622368
vt 0.331029 0.630287
vt 0.309054 0.626458
vt 0.325313 0.637000
vt 0.309977 0.640866
vt 0.319883 0.645136
vt 0.330525 0.650499
vt 0.315981 0.657729
vt 0.331329 0.661072
vt 0.342213 0.656860
vt 0.321445 0.667065
vt 0.331771 0.674226
vt 0.339161 0.668152
vt 0.343635 0.680495
vt 0.336554 0.686904
vt 0.324984 0.690947
vt 0.341361 0.697123
vt 0.350090 0.696958
vt 0.331604 0.703069
vt 0.342737 0.708979
vt 0.348133 0.718370
vt 0.348697 0.726950
vt 0.342241 0.736574
vt 0.345195 0.745921
vt 0.355028 0.752086
vt 0.354629 0.764985
vt 0.363796 0.772302
vt 0.365321 0.784592
vt 0.368628 0.795067
vt 0.369312 0.804984
vt 0.368410 0.819891
vt 0.358411 0.835730
vt 0.364638 0.844535
vt 0.359424 0.855023
vt 0.345086 0.858496
vt 0.348382 0.867627
vt 0.336002 0.871175
vt 0.334185 0.878405
vt 0.318763 0.878479
vt 0.306894 0.873399
vt 0.295989 0.877262
vt 0.283847 0.876658
vt 0.273906 0.870164
vt 0.230854 0.848514
vt 0.221849 0.833001
vt 0.213049 0.833787
vt 0.211169 0.824238
vt 0.200577 0.809322
vt 0.189903 0.800357
vt 0.185738 0.787761
vt 0.179123 0.775499
vt 0.176597 0.763306
vt 0.171544 0.755925
vt 0.170649 0.743831
vt 0.166570 0.723768
vt 0.164065 0.703551
vt 0.163125 0.683245
vt 0.163786 0.663193
vt 0.166537 0.643426
vt 0.166594 0.630250
vt 0.171076 0.614301
vt 0.179759 0.606082
vt 0.178230 0.596025
vt 0.200165 0.572341
vt 0.215779 0.571228
vt 0.207861 0.578395
vt 0.196622 0.588432
vt 0.203475 0.590869
vt 0.197062 0.604218
vt 0.188597 0.598581
vt 0.186688 0.613582
vt 0.185717 0.627807
vt 0.193120 0.618900
vt 0.176054 0.629737
vt 0.179012 0.644694
vt 0.185920 0.637098
vt 0.174400 0.658874
vt 0.182572 0.653848
vt 0.173008 0.677356
vt 0.180667 0.670728
vt 0.169854 0.691322
vt 0.177396 0.697397
vt 0.179877 0.687586
vt 0.170897 0.707042
vt 0.180543 0.717935
vt 0.182209 0.706016
vt 0.173568 0.725726
vt 0.177984 0.735905
vt 0.184935 0.734603
vt 0.182237 0.751093
vt 0.189685 0.747075
vt 0.186418 0.766824
vt 0.198697 0.772848
vt 0.198820 0.763728
vt 0.195831 0.784631
vt 0.205062 0.786054
vt 0.206330 0.799951
vt 0.212765 0.811799
vt 0.214983 0.799050
vt 0.219842 0.818915
vt 0.230092 0.819917
vt 0.223318 0.810123
vt 0.231753 0.833553
vt 0.240087 0.838982
vt 0.249144 0.836112
vt 0.245100 0.827181
vt 0.240797 0.849297
vt 0.250625 0.846583
vt 0.258858 0.842096
vt 0.252999 0.856884
vt 0.264131 0.850535
vt 0.267685 0.860962
vt 0.277819 0.856497
vt 0.293383 0.869405
vt 0.291444 0.862194
vt 0.286663 0.852126
vt 0.295025 0.852799
vt 0.300258 0.862574
vt 0.305645 0.852645
vt 0.312134 0.860504
vt 0.319112 0.853092
vt 0.320168 0.867984
vt 0.333189 0.862523
vt 0.331297 0.853499
vt 0.338849 0.849099
vt 0.335920 0.838765
vt 0.346309 0.845987
vt 0.344586 0.832828
vt 0.341906 0.824978
vt 0.354609 0.826306
vt 0.349241 0.816948
vt 0.360049 0.810532
vt 0.355735 0.802596
vt 0.351664 0.787129
vt 0.354217 0.777300
vt 0.345233 0.771025
vt 0.326765 0.767443
vt 0.318469 0.771524
vt 0.314412 0.779103
vt 0.304453 0.801929
vt 0.289629 0.807687
vt 0.281304 0.802467
vt 0.274197 0.797306
vt 0.267363 0.791527
vt 0.261800 0.781362
vt 0.254370 0.779382
vt 0.248242 0.771694
vt 0.243290 0.763416
vt 0.238550 0.754888
vt 0.236390 0.741700
vt 0.232217 0.733128
vt 0.226217 0.727306
vt 0.222109 0.718138
vt 0.223470 0.704171
vt 0.222076 0.693919
vt 0.220833 0.683734
vt 0.220741 0.673047
vt 0.221415 0.662425
vt 0.223007 0.651688
vt 0.225804 0.631667
vt 0.226412 0.622338
vt 0.232984 0.615051
vt 0.232244 0.604452
vt 0.241157 0.577612
vt 0.248801 0.565957
vt 0.261470 0.553678
vt 0.280187 0.542049
vt 0.277964 0.550596
vt 0.272352 0.547153
vt 0.271661 0.555645
vt 0.272373 0.564129
vt 0.277702 0.562860
vt 0.273237 0.570849
vt 0.280567 0.572278
vt 0.273360 0.577779
vt 0.276518 0.584877
vt 0.287354 0.578191
vt 0.289018 0.567110
vt 0.284571 0.587185
vt 0.294623 0.588147
vt 0.292103 0.602214
vt 0.297177 0.609708
vt 0.290653 0.620446
vt 0.299323 0.622626
vt 0.293108 0.633956
vt 0.300722 0.637407
vt 0.297565 0.647607
vt 0.309620 0.651667
vt 0.298766 0.655183
vt 0.297279 0.665943
vt 0.307671 0.669072
vt 0.317948 0.678485
vt 0.302573 0.681996
vt 0.313941 0.691340
vt 0.320435 0.707378
vt 0.329627 0.717522
vt 0.336394 0.726174
vt 0.324720 0.729059
vt 0.327804 0.736865
vt 0.334826 0.746805
vt 0.343946 0.759902
vt 0.332992 0.758434
vt 0.360590 0.796177
vt 0.358238 0.819239
vt 0.353354 0.842286
vt 0.195954 0.797643
vt 0.187480 0.781324
vt 0.325216 0.750807
vt 0.314983 0.763447
vt 0.307947 0.772351
vt 0.298997 0.776682
vt 0.307551 0.785253
vt 0.299939 0.789675
vt 0.296224 0.801226
vt 0.286251 0.792685
vt 0.276606 0.786303
vt 0.270331 0.779505
vt 0.262489 0.770142
vt 0.257978 0.759171
vt 0.251932 0.749625
vt 0.245121 0.741876
vt 0.242083 0.725084
vt 0.235087 0.716092
vt 0.235663 0.707383
vt 0.233505 0.694454
vt 0.232064 0.685077
vt 0.231041 0.675771
vt 0.231138 0.666106
vt 0.231768 0.656368
vt 0.233196 0.646705
vt 0.231640 0.638362
vt 0.238355 0.631587
vt 0.234713 0.621485
vt 0.240452 0.615508
vt 0.240583 0.608315
vt 0.237797 0.603532
vt 0.237270 0.597529
vt 0.238204 0.587529
vt 0.242618 0.586285
vt 0.244526 0.575825
vt 0.251645 0.570912
vt 0.255717 0.564267
vt 0.265853 0.561304
vt 0.262817 0.570078
vt 0.257048 0.575097
vt 0.241274 0.597682
vt 0.246039 0.610956
vt 0.249420 0.616690
vt 0.243330 0.621640
vt 0.246668 0.633082
vt 0.244675 0.643364
vt 0.242417 0.651340
vt 0.241749 0.664419
vt 0.242953 0.677218
vt 0.243667 0.685487
vt 0.241763 0.697066
vt 0.248191 0.701950
vt 0.250627 0.710049
vt 0.250496 0.721774
vt 0.254097 0.729698
vt 0.261073 0.739662
vt 0.268387 0.749165
vt 0.270398 0.760504
vt 0.278409 0.770029
vt 0.290707 0.786944
vt 0.289914 0.772256
vt 0.286709 0.762995
vt 0.280391 0.752542
vt 0.274063 0.736147
vt 0.267043 0.726351
vt 0.263635 0.719184
vt 0.260593 0.711220
vt 0.258517 0.698074
vt 0.253233 0.683960
vt 0.251717 0.666775
vt 0.252759 0.652009
vt 0.254864 0.641415
vt 0.252903 0.621718
vt 0.259079 0.624928
vt 0.251951 0.611347
vt 0.247535 0.606615
vt 0.250492 0.602340
vt 0.246414 0.594331
vt 0.265290 0.576952
vt 0.264762 0.586624
vt 0.267684 0.593682
vt 0.257176 0.596526
vt 0.276712 0.595333
vt 0.263615 0.602190
vt 0.266413 0.605545
vt 0.273634 0.604700
vt 0.285738 0.597540
vt 0.282727 0.607452
vt 0.275670 0.612197
vt 0.282352 0.618780
vt 0.271073 0.622780
vt 0.277099 0.631140
vt 0.285204 0.633126
vt 0.277929 0.646054
vt 0.286682 0.648305
vt 0.277243 0.657146
vt 0.285689 0.663490
vt 0.284723 0.677779
vt 0.293276 0.678293
vt 0.283852 0.691253
vt 0.298869 0.693795
vt 0.292714 0.701128
vt 0.307489 0.708988
vt 0.307345 0.697941
vt 0.299074 0.715738
vt 0.312801 0.717147
vt 0.306078 0.730051
vt 0.315802 0.724760
vt 0.314017 0.740110
vt 0.313613 0.753175
vt 0.303376 0.764607
vt 0.299147 0.758541
vt 0.291268 0.751212
vt 0.302948 0.748391
vt 0.296501 0.740973
vt 0.285544 0.734761
vt 0.276430 0.720968
vt 0.289277 0.721592
vt 0.270558 0.708093
vt 0.280997 0.704759
vt 0.269044 0.694755
vt 0.262818 0.684518
vt 0.275165 0.683865
vt 0.272962 0.675873
vt 0.260771 0.670621
vt 0.269554 0.665639
vt 0.262169 0.655739
vt 0.261983 0.641166
vt 0.258746 0.631914
vt 0.265416 0.615641
vt 0.258175 0.613290
vt 0.256975 0.607494
vt 0.269449 0.636164
vt 0.269889 0.647599
vt 0.285699 0.714363
vt 0.296468 0.729414
vt 0.282039 0.844369
vt 0.270880 0.839779
vt 0.209543 0.778145
vt 0.226832 0.562585
vt 0.248263 0.539913
vt 0.260382 0.529486
vt 0.252268 0.522772
vt 0.270266 0.523513
vt 0.263321 0.516763
vt 0.277176 0.515300
vt 0.274070 0.507297
vt 0.286277 0.507417
vt 0.285465 0.497341
vt 0.296325 0.499401
vt 0.298268 0.486523
vt 0.307186 0.491257
vt 0.309962 0.479760
vt 0.320100 0.476669
vt 0.332312 0.468567
vt 0.340670 0.472215
vt 0.344895 0.460958
vt 0.348392 0.453501
vt 0.337062 0.458036
vt 0.357441 0.454130
vt 0.368618 0.450206
vt 0.372886 0.441215
vt 0.380009 0.446875
vt 0.384432 0.437263
vt 0.397416 0.437616
vt 0.407033 0.425524
vt 0.418667 0.426810
vt 0.420845 0.419788
vt 0.429980 0.421413
vt 0.433433 0.415191
vt 0.442510 0.414259
vt 0.452637 0.415084
vt 0.454922 0.409594
vt 0.454541 0.399390
vt 0.443438 0.404332
vt 0.465973 0.405423
vt 0.465414 0.394368
vt 0.481141 0.400607
vt 0.476314 0.391453
vt 0.288594 0.488325
vt 0.519055 0.368179
vt 0.537894 0.358878
vt 0.553954 0.361232
vt 0.565902 0.356428
vt 0.586156 0.360364
vt 0.575561 0.358343
vt 0.603390 0.370252
vt 0.629651 0.374580
vt 0.622701 0.366108
vt 0.642335 0.384722
vt 0.664071 0.393723
vt 0.652311 0.376625
vt 0.684731 0.392982
vt 0.673594 0.375703
vt 0.706751 0.404348
vt 0.717102 0.406493
vt 0.695678 0.383242
vt 0.614829 0.358570
vt 0.496161 0.402366
vt 0.485222 0.407156
vt 0.495627 0.413637
vt 0.483005 0.422880
vt 0.463889 0.431698
vt 0.449023 0.436045
vt 0.430726 0.448366
vt 0.418716 0.451339
vt 0.407450 0.452958
vt 0.393811 0.460930
vt 0.381070 0.467023
vt 0.372429 0.472464
vt 0.361918 0.481617
vt 0.345204 0.495159
vt 0.335666 0.486224
vt 0.325867 0.490680
vt 0.347835 0.479489
vt 0.358564 0.475692
vt 0.373683 0.461585
vt 0.362600 0.465006
vt 0.387473 0.452974
vt 0.399539 0.448130
vt 0.422958 0.441925
vt 0.414127 0.438623
vt 0.434965 0.438563
vt 0.439191 0.427308
vt 0.462189 0.420640
vt 0.450373 0.425259
vt 0.473147 0.419869
vt 0.470664 0.409249
vt 0.426886 0.432410
vt 0.352147 0.466260
vt 0.328151 0.481704
vt 0.316932 0.489594
vt 0.306604 0.498583
vt 0.297685 0.508165
vt 0.288180 0.512206
vt 0.291933 0.514989
vt 0.256279 0.536732
vt 0.354463 0.683071
vt 0.349796 0.672406
vt 0.362294 0.675785
vt 0.355014 0.664062
vt 0.348895 0.647710
vt 0.339108 0.638152
vt 0.340976 0.621608
vt 0.357965 0.614291
vt 0.356288 0.626240
vt 0.350117 0.635215
vt 0.364758 0.638584
vt 0.360022 0.644930
vt 0.361326 0.654879
vt 0.370829 0.648215
vt 0.367369 0.664586
vt 0.373976 0.656179
vt 0.377077 0.663954
vt 0.390206 0.663864
vt 0.385141 0.653681
vt 0.378725 0.644407
vt 0.375130 0.627739
vt 0.366690 0.625880
vt 0.368817 0.617656
vt 0.383112 0.624815
vt 0.387290 0.631270
vt 0.388013 0.642225
vt 0.618329 0.420760
vt 0.631642 0.423345
vt 0.619033 0.426237
vt 0.626965 0.430642
vt 0.635381 0.434354
vt 0.640522 0.424080
vt 0.644455 0.436421
vt 0.643415 0.445166
vt 0.651267 0.457704
vt 0.649899 0.468853
vt 0.645181 0.466266
vt 0.644745 0.474474
vt 0.645883 0.478337
vt 0.641783 0.478672
vt 0.639016 0.455895
vt 0.631747 0.459808
vt 0.627327 0.460832
vt 0.621110 0.472596
vt 0.627805 0.478484
vt 0.628259 0.486501
vt 0.631979 0.490968
vt 0.635709 0.494546
vt 0.631589 0.499700
vt 0.632326 0.502516
vt 0.623730 0.493085
vt 0.621716 0.465478
vt 0.619214 0.462766
vt 0.620915 0.455771
vt 0.620440 0.444685
vt 0.619717 0.435052
vt 0.615089 0.437128
vt 0.604979 0.470915
vt 0.598646 0.456926
vt 0.584446 0.425311
vt 0.584363 0.410371
vt 0.576447 0.404367
vt 0.581880 0.398656
vt 0.593324 0.416133
vt 0.640405 0.554432
vt 0.627789 0.568634
vt 0.604901 0.561353
vt 0.609336 0.575035
vt 0.613159 0.628687
vt 0.616475 0.643805
vt 0.607189 0.615113
vt 0.605711 0.632588
vt 0.595226 0.647861
vt 0.599787 0.664788
vt 0.593126 0.680187
vt 0.592480 0.691388
vt 0.592950 0.702386
vt 0.603488 0.695848
vt 0.591403 0.715037
vt 0.594202 0.722092
vt 0.586916 0.730498
vt 0.595907 0.732449
vt 0.591804 0.741072
vt 0.585637 0.741601
vt 0.587794 0.751583
vt 0.587242 0.761853
vt 0.582033 0.767451
vt 0.573785 0.771151
vt 0.576396 0.777801
vt 0.571747 0.791538
vt 0.578733 0.785598
vt 0.587182 0.775087
vt 0.589887 0.767633
vt 0.593500 0.760610
vt 0.596147 0.751143
vt 0.598066 0.740442
vt 0.603372 0.742708
vt 0.591924 0.770131
vt 0.591785 0.777023
vt 0.581790 0.788369
vt 0.582951 0.781591
vt 0.560063 0.799767
vt 0.582352 0.727281
vt 0.574184 0.739752
vt 0.568246 0.735668
vt 0.561293 0.730870
vt 0.561394 0.720510
vt 0.569305 0.709389
vt 0.569570 0.695985
vt 0.571423 0.683736
vt 0.570897 0.667188
vt 0.562547 0.661280
vt 0.553267 0.655066
vt 0.543065 0.647116
vt 0.542152 0.635790
vt 0.544921 0.624004
vt 0.541289 0.615255
vt 0.520904 0.608158
vt 0.514394 0.600545
vt 0.503480 0.592892
vt 0.495383 0.589651
vt 0.487588 0.586614
vt 0.480299 0.596334
vt 0.472337 0.585412
vt 0.473790 0.592246
vt 0.484895 0.610249
vt 0.477095 0.610111
vt 0.468142 0.608408
vt 0.461590 0.606044
vt 0.454824 0.618663
vt 0.451165 0.611505
vt 0.442101 0.605444
vt 0.442248 0.595457
vt 0.435813 0.585348
vt 0.437750 0.580155
vt 0.451773 0.580320
vt 0.459265 0.583959
vt 0.460288 0.575198
vt 0.447801 0.571184
vt 0.437197 0.564067
vt 0.453993 0.564370
vt 0.443214 0.558371
vt 0.431852 0.549532
vt 0.451199 0.554052
vt 0.440147 0.541908
vt 0.426827 0.535697
vt 0.432324 0.523820
vt 0.446122 0.536462
vt 0.440863 0.528315
vt 0.442455 0.519492
vt 0.451798 0.526429
vt 0.453864 0.518083
vt 0.441531 0.510245
vt 0.454018 0.506690
vt 0.461448 0.514467
vt 0.465516 0.502670
vt 0.469138 0.517565
vt 0.473566 0.505958
vt 0.478898 0.513933
vt 0.487945 0.499365
vt 0.487411 0.515548
vt 0.495590 0.509084
vt 0.499016 0.503860
vt 0.500586 0.519988
vt 0.511382 0.515357
vt 0.515500 0.507988
vt 0.503666 0.496674
vt 0.524610 0.516881
vt 0.531271 0.511162
vt 0.520026 0.501848
vt 0.534457 0.506105
vt 0.530572 0.523434
vt 0.546734 0.521402
vt 0.546048 0.511392
vt 0.538940 0.499033
vt 0.554997 0.513350
vt 0.549877 0.504863
vt 0.561089 0.533030
vt 0.563905 0.525938
vt 0.569446 0.519918
vt 0.575374 0.536115
vt 0.586518 0.527105
vt 0.583552 0.543878
vt 0.595108 0.536946
vt 0.594437 0.551327
vt 0.597797 0.565988
vt 0.602413 0.548098
vt 0.606250 0.596742
vt 0.602858 0.580745
vt 0.597569 0.586296
vt 0.600350 0.601741
vt 0.595686 0.618238
vt 0.589125 0.607370
vt 0.595463 0.631195
vt 0.588960 0.667021
vt 0.581720 0.676878
vt 0.581702 0.689650
vt 0.581384 0.699112
vt 0.582567 0.711712
vt 0.573498 0.722490
vt 0.580089 0.661905
vt 0.580419 0.650625
vt 0.568179 0.648115
vt 0.558221 0.643075
vt 0.554489 0.632497
vt 0.543175 0.604495
vt 0.529481 0.605399
vt 0.512533 0.590706
vt 0.477828 0.579033
vt 0.450077 0.585957
vt 0.447510 0.591972
vt 0.451136 0.598190
vt 0.457001 0.601531
vt 0.443513 0.586263
vt 0.464127 0.571096
vt 0.462087 0.562062
vt 0.453740 0.546032
vt 0.455733 0.537744
vt 0.463354 0.538212
vt 0.463424 0.528886
vt 0.473177 0.526897
vt 0.484952 0.528749
vt 0.495974 0.527866
vt 0.508954 0.528457
vt 0.521326 0.531010
vt 0.538496 0.526813
vt 0.549461 0.534073
vt 0.560848 0.544072
vt 0.570581 0.547230
vt 0.577965 0.554733
vt 0.586853 0.560094
vt 0.592659 0.571693
vt 0.584204 0.581452
vt 0.577514 0.573155
vt 0.586189 0.595453
vt 0.587422 0.620471
vt 0.586366 0.636082
vt 0.576989 0.634813
vt 0.567593 0.633575
vt 0.559105 0.622695
vt 0.552550 0.611240
vt 0.555040 0.600271
vt 0.541511 0.593864
vt 0.532319 0.598521
vt 0.522471 0.595703
vt 0.501295 0.584068
vt 0.490403 0.577859
vt 0.483713 0.574592
vt 0.477348 0.571163
vt 0.471013 0.567752
vt 0.464891 0.554602
vt 0.466085 0.548229
vt 0.474009 0.545852
vt 0.472765 0.537792
vt 0.482868 0.545533
vt 0.477281 0.534943
vt 0.486091 0.537796
vt 0.495447 0.538167
vt 0.511954 0.539323
vt 0.524447 0.544647
vt 0.532427 0.539083
vt 0.544925 0.548741
vt 0.542354 0.539201
vt 0.554236 0.547170
vt 0.567110 0.561637
vt 0.576320 0.591307
vt 0.574865 0.603311
vt 0.578323 0.616950
vt 0.568543 0.617068
vt 0.562586 0.607281
vt 0.550302 0.591833
vt 0.534760 0.587048
vt 0.521859 0.586635
vt 0.508066 0.582086
vt 0.500521 0.575751
vt 0.482527 0.566767
vt 0.494520 0.571370
vt 0.487776 0.565729
vt 0.487158 0.554756
vt 0.497792 0.557892
vt 0.493873 0.548724
vt 0.518963 0.549508
vt 0.531302 0.560145
vt 0.536962 0.551138
vt 0.542193 0.558550
vt 0.550703 0.569387
vt 0.556489 0.563658
vt 0.565713 0.574950
vt 0.569793 0.584514
vt 0.566338 0.596463
vt 0.558488 0.585233
vt 0.548149 0.582880
vt 0.543082 0.572774
vt 0.533769 0.574006
vt 0.523919 0.576267
vt 0.513132 0.576239
vt 0.503093 0.565620
vt 0.494301 0.563434
vt 0.513241 0.566682
vt 0.507451 0.560138
vt 0.521566 0.563563
vt 0.571438 0.510304
vt 0.423827 0.520788
vt 0.425485 0.562572
vt 0.420899 0.714834
vt 0.435023 0.878248
vt 0.402946 0.933624
vt 0.376240 0.945003
vt 0.376466 0.953616
vt 0.387659 0.964933
vt 0.380674 0.971551
vt 0.405202 0.979799
vt 0.130888 0.797323
vt 0.121410 0.769167
vt 0.115634 0.776121
vt 0.072021 0.569315
vt 0.088037 0.514031
vt 0.089428 0.498163
vt 0.105122 0.507645
vt 0.102238 0.493824
vt 0.108281 0.477517
vt 0.102004 0.465595
vt 0.116900 0.465487
vt 0.113178 0.450005
vt 0.120800 0.433894
vt 0.130782 0.444832
vt 0.137657 0.431505
vt 0.130760 0.417497
vt 0.137391 0.406887
vt 0.141405 0.394143
vt 0.145571 0.381442
vt 0.143595 0.366425
vt 0.157317 0.373252
vt 0.152450 0.354166
vt 0.161363 0.342322
vt 0.174904 0.326558
vt 0.188424 0.317719
vt 0.196512 0.311489
vt 0.211968 0.306700
vt 0.221294 0.299487
vt 0.232631 0.298040
vt 0.236758 0.290830
vt 0.253128 0.286153
vt 0.259994 0.292706
vt 0.245204 0.294514
vt 0.240930 0.299988
vt 0.228882 0.303745
vt 0.220432 0.306573
vt 0.206707 0.312426
vt 0.203752 0.317342
vt 0.185415 0.325136
vt 0.195960 0.326332
vt 0.180761 0.334669
vt 0.171188 0.342323
vt 0.183045 0.345557
vt 0.167169 0.360045
vt 0.178675 0.358025
vt 0.171448 0.375910
vt 0.186420 0.371163
vt 0.190950 0.359022
vt 0.193721 0.348147
vt 0.190706 0.337845
vt 0.205711 0.325360
vt 0.214851 0.311829
vt 0.222986 0.308923
vt 0.233460 0.306182
vt 0.256945 0.299311
vt 0.261495 0.299744
vt 0.257794 0.303178
vt 0.254656 0.303885
vt 0.240646 0.306267
vt 0.243496 0.308338
vt 0.235533 0.308150
vt 0.230066 0.312122
vt 0.240970 0.313817
vt 0.224901 0.318838
vt 0.233399 0.321166
vt 0.215452 0.319812
vt 0.216750 0.328091
vt 0.224095 0.330349
vt 0.219147 0.342065
vt 0.205476 0.339602
vt 0.217516 0.351827
vt 0.206438 0.355861
vt 0.219303 0.363958
vt 0.202215 0.369849
vt 0.230329 0.351179
vt 0.230491 0.341698
vt 0.231365 0.332333
vt 0.249726 0.317205
vt 0.244090 0.321718
vt 0.241574 0.328143
vt 0.242978 0.335493
vt 0.239983 0.344443
vt 0.475551 0.696078
vt 0.471205 0.704944
vt 0.481233 0.711033
vt 0.489778 0.718967
vt 0.490281 0.732453
vt 0.499045 0.738322
vt 0.502301 0.748918
vt 0.493711 0.754116
vt 0.501802 0.763610
vt 0.501994 0.777761
vt 0.503392 0.793257
vt 0.501250 0.804187
vt 0.506597 0.814707
vt 0.512373 0.824710
vt 0.511366 0.833928
vt 0.511978 0.841991
vt 0.523918 0.842179
vt 0.534256 0.845990
vt 0.544955 0.850245
vt 0.555133 0.848857
vt 0.555576 0.857757
vt 0.549625 0.867706
vt 0.564286 0.866243
vt 0.545103 0.875891
vt 0.556130 0.880177
vt 0.542925 0.899159
vt 0.536276 0.910829
vt 0.528452 0.906226
vt 0.543358 0.888930
vt 0.529894 0.896155
vt 0.532748 0.883662
vt 0.519944 0.890640
vt 0.524228 0.875829
vt 0.514678 0.884185
vt 0.509845 0.877312
vt 0.516739 0.867206
vt 0.518605 0.853382
vt 0.503305 0.859218
vt 0.511222 0.849981
vt 0.499102 0.851230
vt 0.502246 0.840176
vt 0.493317 0.837807
vt 0.501545 0.828015
vt 0.491772 0.828855
vt 0.491589 0.817778
vt 0.495486 0.811161
vt 0.486599 0.803953
vt 0.493076 0.795736
vt 0.481979 0.787129
vt 0.492392 0.778609
vt 0.484749 0.772054
vt 0.492325 0.762825
vt 0.490494 0.743685
vt 0.479109 0.722218
vt 0.492404 0.788180
vt 0.526066 0.856239
vt 0.530389 0.860029
vt 0.535079 0.863541
vt 0.540016 0.866983
vt 0.761432 0.710067
vt 0.774600 0.725338
vt 0.781257 0.732618
vt 0.789525 0.736828
vt 0.807057 0.747281
vt 0.814906 0.744233
vt 0.830422 0.742224
vt 0.849707 0.731679
vt 0.862808 0.723358
vt 0.871750 0.716233
vt 0.889602 0.698246
vt 0.898238 0.687455
vt 0.906509 0.675480
vt 0.914284 0.662391
vt 0.921447 0.648209
vt 0.939743 0.615813
vt 0.944602 0.598039
vt 0.948407 0.579252
vt 0.951057 0.559479
vt 0.952452 0.538756
vt 0.952488 0.517111
vt 0.944015 0.498750
vt 0.940894 0.475958
vt 0.954715 0.492523
vt 0.932587 0.454930
vt 0.951846 0.468877
vt 0.939480 0.449553
vt 0.925353 0.430190
vt 0.337319 0.061951
vt 0.320364 0.063594
vt 0.340794 0.074775
vt 0.358071 0.069829
vt 0.351318 0.059918
vt 0.361916 0.083777
vt 0.382128 0.082015
vt 0.382127 0.073158
vt 0.400868 0.103093
vt 0.417247 0.119942
vt 0.434833 0.126327
vt 0.457815 0.160615
vt 0.466761 0.174435
vt 0.482624 0.180920
vt 0.472766 0.188174
vt 0.487238 0.201777
vt 0.475736 0.201635
vt 0.475607 0.214265
vt 0.481137 0.225388
vt 0.470607 0.230651
vt 0.962508 0.488573
vt 0.429644 0.274694
vt 0.414327 0.297621
vt 0.208029 0.516939
vt 0.553468 0.156931
vt 0.553674 0.158230
vt 0.555044 0.158758
vt 0.554036 0.156864
vt 0.555524 0.158983
vt 0.554973 0.157380
vt 0.556619 0.160342
vt 0.557519 0.162131
vt 0.557395 0.162131
vt 0.554969 0.159449
s 1
usemtl material_0.002
f 3/1/1 2183/2/2 2185/3/3
f 3/1/1 2185/3/3 2/4/4
f 3/1/1 4/5/5 2183/2/2
f 3/1/1 5/6/6 4/5/5
f 6/7/7 1967/8/8 4683/9/9
f 6/7/7 7/10/10 1967/8/8
f 9/11/11 2795/12/12 2796/13/13
f 9/11/11 2796/13/13 2798/14/14
f 9/11/11 2798/14/14 67/15/15
f 9/11/11 67/15/15 8/16/16
f 9/11/11 8/16/16 2789/17/17
f 9/11/11 2792/18/18 2795/12/12
f 11/19/19 4008/20/20 4684/21/21
f 11/19/19 4684/21/21 68/22/22
f 11/19/19 4018/23/23 4008/20/20
f 11/19/19 10/24/24 4018/23/23
f 12/25/25 13/26/26 3258/27/27
f 12/25/25 3258/27/27 14/28/28
f 12/25/25 133/29/29 15/30/30
f 12/25/25 15/30/30 72/31/31
f 12/25/25 72/31/31 13/26/26
f 32/32/32 3251/33/33 3252/34/34
f 3209/35/35 4019/36/36 3208/37/37
f 3107/38/38 18/39/39 4007/40/40
f 19/41/41 4056/42/42 4058/43/43
f 19/41/41 4046/44/44 21/45/45
f 19/41/41 21/45/45 4056/42/42
f 19/41/41 4058/43/43 20/46/46
f 1789/47/47 22/48/48 6/7/7
f 1789/47/47 6/7/7 4680/49/49
f 23/50/50 3394/51/51 156/52/52
f 23/50/50 24/53/53 157/54/54
f 25/55/55 3284/56/56 26/57/57
f 25/55/55 26/57/57 3971/58/58
f 25/55/55 3971/58/58 27/59/59
f 25/55/55 27/59/59 28/60/60
f 31/61/61 30/62/62 29/63/63
f 32/32/32 15/30/30 33/64/64
f 35/65/65 4668/66/66 34/67/67
f 36/68/68 292/69/69 128/70/70
f 36/68/68 37/71/71 292/69/69
f 36/68/68 128/70/70 38/72/72
f 36/68/68 38/72/72 287/73/73
f 40/74/74 41/75/75 1628/76/76
f 40/74/74 1628/76/76 39/77/77
f 40/74/74 39/77/77 1979/78/78
f 40/74/74 1979/78/78 42/79/79
f 4015/80/80 4017/81/81 4012/82/82
f 4015/80/80 4012/82/82 43/83/83
f 45/84/84 46/85/85 3254/86/86
f 45/84/84 136/87/87 3858/88/88
f 45/84/84 3858/88/88 47/89/89
f 45/84/84 47/89/89 46/85/85
f 45/84/84 3254/86/86 3255/90/90
f 45/84/84 3255/90/90 136/87/87
f 48/91/91 2158/92/92 2142/93/93
f 48/91/91 49/94/94 160/95/95
f 48/91/91 160/95/95 2158/92/92
f 50/96/96 3154/97/97 3989/98/98
f 50/96/96 3989/98/98 51/99/99
f 50/96/96 2793/100/100 52/101/101
f 50/96/96 52/101/101 3151/102/102
f 50/96/96 3151/102/102 3154/97/97
f 53/103/103 3946/104/104 54/105/105
f 53/103/103 54/105/105 104/106/106
f 53/103/103 104/106/106 103/107/107
f 53/103/103 103/107/107 55/108/108
f 56/109/109 2936/110/110 4099/111/111
f 56/109/109 4099/111/111 4097/112/112
f 56/109/109 4097/112/112 4100/113/113
f 58/114/114 60/115/115 1646/116/116
f 58/114/114 59/117/117 1641/118/118
f 58/114/114 1641/118/118 57/119/119
f 58/114/114 1646/116/116 59/117/117
f 61/120/120 62/121/121 4681/122/122
f 61/120/120 101/123/123 62/121/121
f 63/124/124 2955/125/125 2768/126/126
f 63/124/124 64/127/127 65/128/128
f 63/124/124 2768/126/126 64/127/127
f 66/129/129 67/15/15 2798/14/14
f 66/129/129 2152/130/130 2149/131/131
f 66/129/129 2798/14/14 2152/130/130
f 70/132/132 3264/133/133 69/134/134
f 70/132/132 3221/135/135 3223/136/136
f 70/132/132 69/134/134 3221/135/135
f 70/132/132 71/137/137 3264/133/133
f 72/31/31 3252/34/34 13/26/26
f 4019/36/36 3209/35/35 16/138/138
f 4019/36/36 4021/139/139 3207/140/140
f 4019/36/36 3207/140/140 3208/37/37
f 3209/35/35 17/141/141 16/138/138
f 73/142/142 4111/143/143 4110/144/144
f 73/142/142 4110/144/144 4093/145/145
f 74/146/146 75/147/147 2133/148/148
f 74/146/146 2163/149/149 75/147/147
f 74/146/146 76/150/150 2163/149/149
f 4684/21/21 77/151/151 78/152/152
f 78/152/152 44/153/153 68/22/22
f 78/152/152 4010/154/154 44/153/153
f 80/155/155 79/156/156 3211/157/157
f 80/155/155 4064/158/158 4026/159/159
f 80/155/155 4026/159/159 4041/160/160
f 80/155/155 3211/157/157 4064/158/158
f 81/161/161 82/162/162 4059/163/163
f 81/161/161 4059/163/163 4061/164/164
f 81/161/161 3236/165/165 83/166/166
f 81/161/161 83/166/166 82/162/162
f 84/167/167 83/166/166 3233/168/168
f 84/167/167 82/162/162 83/166/166
f 88/169/169 85/170/170 3464/171/171
f 88/169/169 3464/171/171 86/172/172
f 88/169/169 86/172/172 3815/173/173
f 89/174/174 1785/175/175 90/176/176
f 89/174/174 91/177/177 1784/178/178
f 89/174/174 1784/178/178 1785/175/175
f 92/179/179 2073/180/180 1995/181/181
f 92/179/179 1408/182/182 2073/180/180
f 93/183/183 4495/184/184 4493/185/185
f 93/183/183 4493/185/185 4491/186/186
f 94/187/187 95/188/188 2163/149/149
f 94/187/187 2139/189/189 95/188/188
f 94/187/187 2140/190/190 2139/189/189
f 96/191/191 31/61/61 2150/192/192
f 96/191/191 2154/193/193 31/61/61
f 98/194/194 3990/195/195 3156/196/196
f 50/96/96 2794/197/197 2793/100/100
f 100/198/198 3761/199/199 3648/200/200
f 102/201/201 3104/202/202 3105/203/203
f 102/201/201 3105/203/203 3080/204/204
f 102/201/201 3080/204/204 3079/205/205
f 102/201/201 3079/205/205 3098/206/206
f 103/107/107 104/106/106 3294/207/207
f 103/107/107 3294/207/207 105/208/208
f 103/107/107 105/208/208 106/209/209
f 103/107/107 106/209/209 3916/210/210
f 107/211/211 4085/212/212 108/213/213
f 107/211/211 2932/214/214 109/215/215
f 107/211/211 109/215/215 4085/212/212
f 4042/216/216 4055/217/217 4057/218/218
f 4042/216/216 4040/219/219 4055/217/217
f 79/156/156 110/220/220 111/221/221
f 79/156/156 111/221/221 3213/222/222
f 79/156/156 80/155/155 110/220/220
f 113/223/223 4356/224/224 2928/225/225
f 113/223/223 2928/225/225 4077/226/226
f 113/223/223 4077/226/226 4081/227/227
f 113/223/223 4083/228/228 4356/224/224
f 115/229/229 114/230/230 2948/231/231
f 116/232/232 673/233/233 674/234/234
f 116/232/232 118/235/235 117/236/236
f 116/232/232 117/236/236 487/237/237
f 116/232/232 487/237/237 668/238/238
f 116/232/232 668/238/238 671/239/239
f 116/232/232 671/239/239 673/233/233
f 120/240/240 122/241/241 119/242/242
f 120/240/240 121/243/243 3106/244/244
f 120/240/240 3106/244/244 122/241/241
f 3034/245/245 3032/246/246 4072/247/247
f 3034/245/245 4072/247/247 123/248/248
f 126/249/249 127/250/250 284/251/251
f 126/249/249 128/70/70 127/250/250
f 129/252/252 3871/253/253 130/254/254
f 129/252/252 3238/255/255 3102/256/256
f 129/252/252 3102/256/256 3871/253/253
f 131/257/257 4031/258/258 4032/259/259
f 131/257/257 4032/259/259 4036/260/260
f 4492/261/261 4459/262/262 4463/263/263
f 133/29/29 3245/264/264 3248/265/265
f 133/29/29 134/266/266 3244/267/267
f 133/29/29 3244/267/267 3245/264/264
f 133/29/29 14/28/28 134/266/266
f 133/29/29 12/25/25 14/28/28
f 13/26/26 3252/34/34 135/268/268
f 137/269/269 3858/88/88 136/87/87
f 138/270/270 1645/271/271 1648/272/272
f 139/273/273 140/274/274 2987/275/275
f 139/273/273 2987/275/275 2990/276/276
f 139/273/273 2990/276/276 2991/277/277
f 139/273/273 2991/277/277 3147/278/278
f 141/279/279 2972/280/280 2973/281/281
f 141/279/279 2970/282/282 2972/280/280
f 141/279/279 142/283/283 2970/282/282
f 143/284/284 4154/285/285 146/286/286
f 143/284/284 146/286/286 144/287/287
f 147/288/288 4218/289/289 4219/290/290
f 147/288/288 148/291/291 4140/292/292
f 147/288/288 4140/292/292 4218/289/289
f 149/293/293 4313/294/294 4311/295/295
f 150/296/296 4306/297/297 151/298/298
f 152/299/299 4143/300/300 148/291/291
f 153/301/301 3291/302/302 3292/303/303
f 153/301/301 3293/304/304 3395/305/305
f 153/301/301 3395/305/305 154/306/306
f 153/301/301 3292/303/303 3293/304/304
f 153/301/301 154/306/306 3399/307/307
f 155/308/308 3947/309/309 3948/310/310
f 155/308/308 3948/310/310 3954/311/311
f 156/52/52 3392/312/312 3537/313/313
f 157/54/54 3396/314/314 23/50/50
f 158/315/315 159/316/316 162/317/317
f 2663/318/318 3859/319/319 163/320/320
f 2663/318/318 163/320/320 2861/321/321
f 2663/318/318 2860/322/322 3859/319/319
f 164/323/323 4679/324/324 165/325/325
f 164/323/323 165/325/325 1968/326/326
f 164/323/323 1968/326/326 166/327/327
f 164/323/323 1788/328/328 4679/324/324
f 167/329/329 973/330/330 35/65/65
f 167/329/329 34/67/67 168/331/331
f 167/329/329 168/331/331 973/330/330
f 169/332/332 960/333/333 962/334/334
f 169/332/332 962/334/334 170/335/335
f 169/332/332 951/336/336 956/337/337
f 169/332/332 958/338/338 959/339/339
f 169/332/332 959/339/339 960/333/333
f 169/332/332 956/337/337 958/338/338
f 171/340/340 1403/341/341 42/79/79
f 171/340/340 42/79/79 172/342/342
f 171/340/340 173/343/343 1403/341/341
f 171/340/340 172/342/342 1992/344/344
f 171/340/340 1992/344/344 1993/345/345
f 171/340/340 1993/345/345 173/343/343
f 175/346/346 462/347/347 464/348/348
f 839/349/349 176/350/350 642/351/351
f 178/352/352 177/353/353 3230/354/354
f 3339/355/355 3341/356/356 3342/357/357
f 1269/358/358 1270/359/359 1054/360/360
f 179/361/361 368/362/362 369/363/363
f 179/361/361 180/364/364 368/362/362
f 180/364/364 179/361/361 181/365/365
f 180/364/364 181/365/365 182/366/366
f 182/366/366 372/367/367 184/368/368
f 182/366/366 184/368/368 183/369/369
f 184/368/368 365/370/370 183/369/369
f 365/370/370 184/368/368 374/371/371
f 365/370/370 374/371/371 185/372/372
f 185/372/372 186/373/373 365/370/370
f 185/372/372 187/374/374 186/373/373
f 187/374/374 185/372/372 376/375/375
f 187/374/374 376/375/375 188/376/376
f 188/376/376 363/377/377 187/374/374
f 188/376/376 190/378/378 363/377/377
f 190/378/378 188/376/376 189/379/379
f 190/378/378 189/379/379 191/380/380
f 191/380/380 362/381/381 190/378/378
f 191/380/380 189/379/379 192/382/382
f 191/380/380 192/382/382 380/383/383
f 380/383/383 193/384/384 191/380/380
f 380/383/383 194/385/385 193/384/384
f 194/385/385 195/386/386 361/387/387
f 194/385/385 361/387/387 193/384/384
f 194/385/385 381/388/388 195/386/386
f 195/386/386 381/388/388 197/389/389
f 197/389/389 196/390/390 360/391/391
f 197/389/389 360/391/391 195/386/386
f 196/390/390 198/392/392 359/393/393
f 196/390/390 197/389/389 199/394/394
f 198/392/392 200/395/395 358/396/396
f 198/392/392 196/390/390 201/397/397
f 200/395/395 202/398/398 357/399/399
f 200/395/395 198/392/392 203/400/400
f 202/398/398 204/401/401 355/402/402
f 202/398/398 200/395/395 205/403/403
f 204/401/401 202/398/398 207/404/404
f 204/401/401 210/405/405 206/406/406
f 210/405/405 208/407/407 206/406/406
f 210/405/405 204/401/401 209/408/408
f 210/405/405 211/409/409 208/407/407
f 211/409/409 212/410/410 351/411/411
f 211/409/409 351/411/411 208/407/407
f 211/409/409 210/405/405 391/412/412
f 212/410/410 213/413/413 349/414/414
f 212/410/410 211/409/409 392/415/415
f 213/413/413 214/416/416 348/417/417
f 214/416/416 347/418/418 348/417/417
f 214/416/416 215/419/419 347/418/418
f 215/419/419 216/420/420 346/421/421
f 215/419/419 346/421/421 347/418/418
f 215/419/419 214/416/416 396/422/422
f 216/420/420 217/423/423 345/424/424
f 216/420/420 215/419/419 397/425/425
f 217/423/423 218/426/426 344/427/427
f 218/426/426 217/423/423 220/428/428
f 218/426/426 220/428/428 221/429/429
f 218/426/426 221/429/429 343/430/430
f 221/429/429 219/431/431 343/430/430
f 221/429/429 222/432/432 219/431/431
f 222/432/432 223/433/433 341/434/434
f 222/432/432 341/434/434 219/431/431
f 222/432/432 221/429/429 401/435/435
f 223/433/433 224/436/436 339/437/437
f 223/433/433 222/432/432 403/438/438
f 223/433/433 403/438/438 225/439/439
f 223/433/433 225/439/439 224/436/436
f 224/436/436 226/440/440 337/441/441
f 224/436/436 225/439/439 228/442/442
f 224/436/436 228/442/442 226/440/440
f 226/440/440 228/442/442 229/443/443
f 226/440/440 229/443/443 230/444/444
f 226/440/440 230/444/444 227/445/445
f 230/444/444 231/446/446 227/445/445
f 230/444/444 229/443/443 232/447/447
f 230/444/444 232/447/447 233/448/448
f 230/444/444 233/448/448 231/446/446
f 233/448/448 234/449/449 231/446/446
f 235/450/450 236/451/451 240/452/452
f 235/450/450 240/452/452 237/453/453
f 235/450/450 237/453/453 239/454/454
f 237/453/453 238/455/455 239/454/454
f 237/453/453 240/452/452 242/456/456
f 237/453/453 242/456/456 241/457/457
f 237/453/453 241/457/457 238/455/455
f 241/457/457 243/458/458 329/459/459
f 241/457/457 329/459/459 238/455/455
f 243/458/458 244/460/460 324/461/461
f 243/458/458 241/457/457 246/462/462
f 243/458/458 246/462/462 244/460/460
f 244/460/460 246/462/462 248/463/463
f 244/460/460 248/463/463 249/464/464
f 244/460/460 249/464/464 245/465/465
f 249/464/464 247/466/466 245/465/465
f 249/464/464 250/467/467 247/466/466
f 250/467/467 321/468/468 247/466/466
f 250/467/467 249/464/464 420/469/469
f 250/467/467 420/469/469 251/470/470
f 250/467/467 251/470/470 252/471/471
f 250/467/467 252/471/471 253/472/472
f 252/471/471 318/473/473 253/472/472
f 252/471/471 423/474/474 318/473/473
f 423/474/474 254/475/475 318/473/473
f 423/474/474 425/476/476 254/475/475
f 254/475/475 425/476/476 255/477/477
f 255/477/477 256/478/478 254/475/475
f 255/477/477 257/479/479 256/478/478
f 257/479/479 258/480/480 256/478/478
f 258/480/480 257/479/479 427/481/481
f 258/480/480 427/481/481 260/482/482
f 258/480/480 260/482/482 259/483/483
f 259/483/483 314/484/484 258/480/480
f 259/483/483 260/482/482 429/485/485
f 259/483/483 429/485/485 430/486/486
f 259/483/483 430/486/486 263/487/487
f 259/483/483 263/487/487 261/488/488
f 263/487/487 262/489/489 261/488/488
f 263/487/487 431/490/490 265/491/491
f 263/487/487 265/491/491 264/492/492
f 264/492/492 265/491/491 433/493/493
f 264/492/492 433/493/493 266/494/494
f 264/492/492 266/494/494 311/495/495
f 266/494/494 433/493/493 434/496/496
f 266/494/494 434/496/496 267/497/497
f 267/497/497 434/496/496 436/498/498
f 267/497/497 436/498/498 268/499/499
f 268/499/499 436/498/498 438/500/500
f 268/499/499 438/500/500 269/501/501
f 269/501/501 306/502/502 268/499/499
f 269/501/501 270/503/503 305/504/504
f 269/501/501 439/505/505 272/506/506
f 269/501/501 272/506/506 270/503/503
f 270/503/503 271/507/507 304/508/508
f 270/503/503 272/506/506 271/507/507
f 271/507/507 273/509/509 303/510/510
f 271/507/507 272/506/506 442/511/511
f 271/507/507 442/511/511 273/509/509
f 273/509/509 274/512/512 302/513/513
f 273/509/509 442/511/511 443/514/514
f 273/509/509 443/514/514 274/512/512
f 274/512/512 275/515/515 301/516/516
f 274/512/512 443/514/514 276/517/517
f 274/512/512 276/517/517 275/515/515
f 275/515/515 276/517/517 278/518/518
f 275/515/515 278/518/518 277/519/519
f 277/519/519 278/518/518 279/520/520
f 279/520/520 297/521/521 277/519/519
f 279/520/520 280/522/522 297/521/521
f 280/522/522 279/520/520 445/523/523
f 280/522/522 446/524/524 282/525/525
f 280/522/522 282/525/525 281/526/526
f 282/525/525 284/251/251 281/526/526
f 284/251/251 283/527/527 281/526/526
f 284/251/251 38/72/72 126/249/249
f 126/249/249 38/72/72 128/70/70
f 38/72/72 284/251/251 447/528/528
f 38/72/72 447/528/528 285/529/529
f 285/529/529 286/530/530 287/73/73
f 285/529/529 287/73/73 38/72/72
f 287/73/73 286/530/530 288/531/531
f 288/531/531 453/532/532 36/68/68
f 288/531/531 36/68/68 287/73/73
f 36/68/68 453/532/532 454/533/533
f 36/68/68 454/533/533 37/71/71
f 454/533/533 455/534/534 290/535/535
f 454/533/533 290/535/535 37/71/71
f 290/535/535 455/534/534 289/536/536
f 290/535/535 289/536/536 291/537/537
f 290/535/535 291/537/537 292/69/69
f 290/535/535 292/69/69 37/71/71
f 292/69/69 291/537/537 293/538/538
f 292/69/69 293/538/538 127/250/250
f 292/69/69 127/250/250 128/70/70
f 127/250/250 293/538/538 294/539/539
f 294/539/539 283/527/527 127/250/250
f 283/527/527 294/539/539 295/540/540
f 283/527/527 284/251/251 127/250/250
f 283/527/527 295/540/540 474/541/541
f 283/527/527 474/541/541 296/542/542
f 296/542/542 281/526/526 283/527/527
f 281/526/526 296/542/542 476/543/543
f 281/526/526 476/543/543 298/544/544
f 298/544/544 297/521/521 280/522/522
f 298/544/544 280/522/522 281/526/526
f 297/521/521 298/544/544 299/545/545
f 299/545/545 300/546/546 277/519/519
f 299/545/545 277/519/519 297/521/521
f 300/546/546 301/516/516 275/515/515
f 300/546/546 275/515/515 277/519/519
f 301/516/516 300/546/546 479/547/547
f 301/516/516 480/548/548 302/513/513
f 301/516/516 302/513/513 274/512/512
f 302/513/513 481/549/549 303/510/510
f 302/513/513 303/510/510 273/509/509
f 303/510/510 481/549/549 482/550/550
f 303/510/510 482/550/550 304/508/508
f 303/510/510 304/508/508 271/507/507
f 304/508/508 482/550/550 305/504/504
f 304/508/508 305/504/504 270/503/503
f 305/504/504 307/551/551 306/502/502
f 305/504/504 306/502/502 269/501/501
f 306/502/502 307/551/551 308/552/552
f 306/502/502 308/552/552 268/499/499
f 308/552/552 309/553/553 267/497/497
f 308/552/552 267/497/497 268/499/499
f 309/553/553 310/554/554 266/494/494
f 309/553/553 266/494/494 267/497/497
f 310/554/554 493/555/555 311/495/495
f 310/554/554 311/495/495 266/494/494
f 311/495/495 493/555/555 312/556/556
f 311/495/495 312/556/556 264/492/492
f 312/556/556 262/489/489 263/487/487
f 312/556/556 263/487/487 264/492/492
f 262/489/489 312/556/556 495/557/557
f 262/489/489 313/558/558 261/488/488
f 313/558/558 262/489/489 496/559/559
f 313/558/558 314/484/484 259/483/483
f 313/558/558 259/483/483 261/488/488
f 314/484/484 313/558/558 316/560/560
f 314/484/484 316/560/560 315/561/561
f 314/484/484 315/561/561 258/480/480
f 315/561/561 256/478/478 258/480/480
f 256/478/478 315/561/561 317/562/562
f 317/562/562 318/473/473 254/475/475
f 317/562/562 254/475/475 256/478/478
f 318/473/473 317/562/562 319/563/563
f 319/563/563 253/472/472 318/473/473
f 253/472/472 319/563/563 320/564/564
f 253/472/472 320/564/564 321/468/468
f 321/468/468 320/564/564 322/565/565
f 321/468/468 322/565/565 323/566/566
f 321/468/468 250/467/467 253/472/472
f 323/566/566 247/466/466 321/468/468
f 323/566/566 504/567/567 325/568/568
f 323/566/566 325/568/568 324/461/461
f 323/566/566 324/461/461 245/465/465
f 323/566/566 245/465/465 247/466/466
f 324/461/461 325/568/568 326/569/569
f 324/461/461 326/569/569 327/570/570
f 324/461/461 244/460/460 245/465/465
f 327/570/570 326/569/569 328/571/571
f 327/570/570 328/571/571 329/459/459
f 327/570/570 329/459/459 243/458/458
f 327/570/570 243/458/458 324/461/461
f 332/572/572 330/573/573 333/574/574
f 332/572/572 333/574/574 331/575/575
f 329/459/459 239/454/454 238/455/455
f 331/575/575 333/574/574 334/576/576
f 331/575/575 334/576/576 335/577/577
f 331/575/575 335/577/577 234/449/449
f 331/575/575 234/449/449 332/572/572
f 335/577/577 336/578/578 231/446/446
f 335/577/577 231/446/446 234/449/449
f 336/578/578 335/577/577 516/579/579
f 336/578/578 227/445/445 231/446/446
f 227/445/445 336/578/578 517/580/580
f 227/445/445 517/580/580 338/581/581
f 227/445/445 338/581/581 337/441/441
f 227/445/445 337/441/441 226/440/440
f 337/441/441 338/581/581 340/582/582
f 337/441/441 340/582/582 339/437/437
f 337/441/441 339/437/437 224/436/436
f 339/437/437 340/582/582 522/583/583
f 339/437/437 522/583/583 341/434/434
f 339/437/437 341/434/434 223/433/433
f 341/434/434 522/583/583 523/584/584
f 341/434/434 523/584/584 342/585/585
f 341/434/434 342/585/585 219/431/431
f 342/585/585 343/430/430 219/431/431
f 343/430/430 342/585/585 524/586/586
f 343/430/430 344/427/427 218/426/426
f 344/427/427 343/430/430 525/587/587
f 344/427/427 525/587/587 526/588/588
f 344/427/427 526/588/588 345/424/424
f 344/427/427 345/424/424 217/423/423
f 345/424/424 526/588/588 527/589/589
f 345/424/424 527/589/589 346/421/421
f 345/424/424 346/421/421 216/420/420
f 346/421/421 527/589/589 528/590/590
f 346/421/421 528/590/590 347/418/418
f 348/417/417 347/418/418 529/591/591
f 348/417/417 349/414/414 213/413/413
f 349/414/414 348/417/417 531/592/592
f 349/414/414 531/592/592 350/593/593
f 349/414/414 350/593/593 351/411/411
f 349/414/414 351/411/411 212/410/410
f 351/411/411 350/593/593 352/594/594
f 351/411/411 352/594/594 208/407/407
f 208/407/407 352/594/594 353/595/595
f 208/407/407 353/595/595 206/406/406
f 206/406/406 353/595/595 354/596/596
f 206/406/406 354/596/596 355/402/402
f 206/406/406 355/402/402 204/401/401
f 355/402/402 354/596/596 356/597/597
f 355/402/402 356/597/597 357/399/399
f 355/402/402 357/399/399 202/398/398
f 357/399/399 358/396/396 200/395/395
f 358/396/396 357/399/399 538/598/598
f 358/396/396 359/393/393 198/392/392
f 359/393/393 358/396/396 540/599/599
f 359/393/393 360/391/391 196/390/390
f 360/391/391 359/393/393 541/600/600
f 360/391/391 361/387/387 195/386/386
f 361/387/387 360/391/391 542/601/601
f 361/387/387 543/602/602 544/603/603
f 361/387/387 544/603/603 193/384/384
f 544/603/603 362/381/381 191/380/380
f 544/603/603 191/380/380 193/384/384
f 362/381/381 546/604/604 363/377/377
f 362/381/381 363/377/377 190/378/378
f 363/377/377 364/605/605 186/373/373
f 186/373/373 364/605/605 547/606/606
f 186/373/373 187/374/374 363/377/377
f 186/373/373 547/606/606 365/370/370
f 183/369/369 548/607/607 366/608/608
f 366/608/608 367/609/609 182/366/366
f 366/608/608 182/366/366 183/369/369
f 367/609/609 368/362/362 180/364/364
f 367/609/609 180/364/364 182/366/366
f 368/362/362 551/610/610 552/611/611
f 368/362/362 552/611/611 369/363/363
f 369/363/363 552/611/611 553/612/612
f 369/363/363 370/613/613 179/361/361
f 179/361/361 370/613/613 371/614/614
f 179/361/361 371/614/614 181/365/365
f 181/365/365 371/614/614 372/367/367
f 372/367/367 182/366/366 181/365/365
f 372/367/367 371/614/614 373/615/615
f 372/367/367 373/615/615 375/616/616
f 372/367/367 375/616/616 374/371/371
f 372/367/367 374/371/371 184/368/368
f 374/371/371 559/617/617 376/375/375
f 374/371/371 376/375/375 185/372/372
f 376/375/375 561/618/618 377/619/619
f 376/375/375 377/619/619 188/376/376
f 377/619/619 189/379/379 188/376/376
f 189/379/379 377/619/619 378/620/620
f 378/620/620 192/382/382 189/379/379
f 378/620/620 564/621/621 192/382/382
f 192/382/382 564/621/621 379/622/622
f 192/382/382 379/622/622 380/383/383
f 380/383/383 379/622/622 566/623/623
f 566/623/623 194/385/385 380/383/383
f 566/623/623 382/624/624 381/388/388
f 566/623/623 381/388/388 194/385/385
f 381/388/388 382/624/624 383/625/625
f 383/625/625 197/389/389 381/388/388
f 383/625/625 384/626/626 197/389/389
f 384/626/626 199/394/394 197/389/389
f 199/394/394 201/397/397 196/390/390
f 199/394/394 384/626/626 385/627/627
f 201/397/397 203/400/400 198/392/392
f 201/397/397 199/394/394 386/628/628
f 203/400/400 205/403/403 200/395/395
f 203/400/400 201/397/397 387/629/629
f 205/403/403 207/404/404 202/398/398
f 205/403/403 203/400/400 388/630/630
f 207/404/404 209/408/408 204/401/401
f 207/404/404 205/403/403 389/631/631
f 209/408/408 391/412/412 210/405/405
f 209/408/408 207/404/404 390/632/632
f 391/412/412 392/415/415 211/409/409
f 391/412/412 209/408/408 573/633/633
f 392/415/415 391/412/412 393/634/634
f 392/415/415 393/634/634 394/635/635
f 392/415/415 394/635/635 212/410/410
f 394/635/635 213/413/413 212/410/410
f 394/635/635 395/636/636 213/413/413
f 395/636/636 396/422/422 214/416/416
f 395/636/636 214/416/416 213/413/413
f 395/636/636 394/635/635 577/637/637
f 396/422/422 397/425/425 215/419/419
f 396/422/422 395/636/636 578/638/638
f 397/425/425 396/422/422 398/639/639
f 397/425/425 398/639/639 399/640/640
f 397/425/425 399/640/640 216/420/420
f 399/640/640 217/423/423 216/420/420
f 399/640/640 400/641/641 217/423/423
f 400/641/641 220/428/428 217/423/423
f 400/641/641 399/640/640 582/642/642
f 400/641/641 402/643/643 220/428/428
f 402/643/643 401/435/435 221/429/429
f 402/643/643 221/429/429 220/428/428
f 402/643/643 400/641/641 584/644/644
f 401/435/435 403/438/438 222/432/432
f 401/435/435 402/643/643 404/645/645
f 401/435/435 404/645/645 403/438/438
f 403/438/438 404/645/645 405/646/646
f 403/438/438 405/646/646 406/647/647
f 403/438/438 406/647/647 225/439/439
f 406/647/647 228/442/442 225/439/439
f 406/647/647 405/646/646 407/648/648
f 406/647/647 407/648/648 408/649/649
f 406/647/647 408/649/649 228/442/442
f 408/649/649 232/447/447 229/443/443
f 408/649/649 229/443/443 228/442/442
f 410/650/650 411/651/651 412/652/652
f 411/651/651 236/451/451 412/652/652
f 411/651/651 410/650/650 596/653/653
f 411/651/651 596/653/653 413/654/654
f 411/651/651 413/654/654 414/655/655
f 411/651/651 414/655/655 236/451/451
f 414/655/655 240/452/452 236/451/451
f 414/655/655 415/656/656 240/452/452
f 415/656/656 242/456/456 240/452/452
f 415/656/656 414/655/655 598/657/657
f 415/656/656 416/658/658 242/456/456
f 416/658/658 241/457/457 242/456/456
f 416/658/658 415/656/656 600/659/659
f 416/658/658 417/660/660 241/457/457
f 417/660/660 246/462/462 241/457/457
f 417/660/660 416/658/658 602/661/661
f 417/660/660 418/662/662 246/462/462
f 418/662/662 248/463/463 246/462/462
f 418/662/662 417/660/660 603/663/663
f 418/662/662 419/664/664 248/463/463
f 419/664/664 420/469/469 249/464/464
f 419/664/664 249/464/464 248/463/463
f 419/664/664 418/662/662 604/665/665
f 420/469/469 419/664/664 605/666/666
f 420/469/469 605/666/666 421/667/667
f 420/469/469 421/667/667 422/668/668
f 420/469/469 422/668/668 251/470/470
f 422/668/668 252/471/471 251/470/470
f 422/668/668 423/474/474 252/471/471
f 423/474/474 422/668/668 606/669/669
f 423/474/474 606/669/669 424/670/670
f 424/670/670 425/476/476 423/474/474
f 424/670/670 607/671/671 425/476/476
f 425/476/476 607/671/671 608/672/672
f 425/476/476 608/672/672 426/673/673
f 425/476/476 426/673/673 255/477/477
f 426/673/673 257/479/479 255/477/477
f 426/673/673 427/481/481 257/479/479
f 427/481/481 426/673/673 428/674/674
f 427/481/481 428/674/674 610/675/675
f 427/481/481 610/675/675 429/485/485
f 427/481/481 429/485/485 260/482/482
f 429/485/485 610/675/675 613/676/676
f 429/485/485 613/676/676 430/486/486
f 430/486/486 613/676/676 614/677/677
f 430/486/486 614/677/677 431/490/490
f 431/490/490 263/487/487 430/486/486
f 431/490/490 614/677/677 432/678/678
f 431/490/490 432/678/678 433/493/493
f 431/490/490 433/493/493 265/491/491
f 433/493/493 432/678/678 435/679/679
f 433/493/493 435/679/679 434/496/496
f 434/496/496 435/679/679 437/680/680
f 434/496/496 437/680/680 436/498/498
f 436/498/498 437/680/680 618/681/681
f 436/498/498 618/681/681 438/500/500
f 438/500/500 618/681/681 440/682/682
f 438/500/500 440/682/682 439/505/505
f 439/505/505 269/501/501 438/500/500
f 439/505/505 440/682/682 441/683/683
f 439/505/505 441/683/683 272/506/506
f 441/683/683 621/684/684 442/511/511
f 441/683/683 442/511/511 272/506/506
f 442/511/511 621/684/684 623/685/685
f 442/511/511 623/685/685 443/514/514
f 443/514/514 623/685/685 624/686/686
f 443/514/514 624/686/686 276/517/517
f 444/687/687 279/520/520 278/518/518
f 444/687/687 445/523/523 279/520/520
f 445/523/523 444/687/687 626/688/688
f 445/523/523 626/688/688 448/689/689
f 445/523/523 448/689/689 446/524/524
f 446/524/524 280/522/522 445/523/523
f 447/528/528 282/525/525 446/524/524
f 447/528/528 284/251/251 282/525/525
f 446/524/524 449/690/690 447/528/528
f 449/690/690 446/524/524 448/689/689
f 449/690/690 450/691/691 285/529/529
f 449/690/690 285/529/529 447/528/528
f 450/691/691 451/692/692 286/530/530
f 450/691/691 286/530/530 285/529/529
f 286/530/530 451/692/692 452/693/693
f 286/530/530 452/693/693 288/531/531
f 452/693/693 451/692/692 630/694/694
f 452/693/693 631/695/695 288/531/531
f 631/695/695 453/532/532 288/531/531
f 454/533/533 634/696/696 455/534/534
f 455/534/534 634/696/696 289/536/536
f 289/536/536 458/697/697 456/698/698
f 456/698/698 469/699/699 289/536/536
f 456/698/698 458/697/697 457/700/700
f 457/700/700 459/701/701 467/702/702
f 457/700/700 458/697/697 636/703/703
f 457/700/700 636/703/703 459/701/701
f 459/701/701 461/704/704 466/705/705
f 459/701/701 466/705/705 467/702/702
f 459/701/701 636/703/703 461/704/704
f 460/706/706 461/704/704 637/707/707
f 460/706/706 639/708/708 640/709/709
f 462/347/347 175/346/346 640/709/709
f 462/347/347 463/710/710 464/348/348
f 464/348/348 463/710/710 174/711/711
f 464/348/348 174/711/711 175/346/346
f 646/712/712 175/346/346 174/711/711
f 646/712/712 647/713/713 640/709/709
f 646/712/712 640/709/709 175/346/346
f 647/713/713 460/706/706 640/709/709
f 647/713/713 465/714/714 460/706/706
f 465/714/714 648/715/715 460/706/706
f 648/715/715 466/705/705 461/704/704
f 648/715/715 461/704/704 460/706/706
f 467/702/702 468/716/716 457/700/700
f 468/716/716 456/698/698 457/700/700
f 468/716/716 469/699/699 456/698/698
f 469/699/699 291/537/537 289/536/536
f 469/699/699 468/716/716 470/717/717
f 469/699/699 470/717/717 652/718/718
f 469/699/699 652/718/718 471/719/719
f 469/699/699 471/719/719 291/537/537
f 471/719/719 293/538/538 291/537/537
f 293/538/538 471/719/719 472/720/720
f 293/538/538 472/720/720 654/721/721
f 293/538/538 654/721/721 295/540/540
f 293/538/538 295/540/540 294/539/539
f 295/540/540 654/721/721 473/722/722
f 295/540/540 473/722/722 474/541/541
f 474/541/541 473/722/722 657/723/723
f 474/541/541 657/723/723 658/724/724
f 474/541/541 658/724/724 475/725/725
f 475/725/725 476/543/543 296/542/542
f 475/725/725 296/542/542 474/541/541
f 476/543/543 475/725/725 660/726/726
f 476/543/543 660/726/726 477/727/727
f 476/543/543 477/727/727 298/544/544
f 477/727/727 478/728/728 298/544/544
f 478/728/728 299/545/545 298/544/544
f 478/728/728 479/547/547 300/546/546
f 478/728/728 300/546/546 299/545/545
f 479/547/547 478/728/728 662/729/729
f 479/547/547 480/548/548 301/516/516
f 480/548/548 664/730/730 481/549/549
f 480/548/548 481/549/549 302/513/513
f 481/549/549 664/730/730 483/731/731
f 481/549/549 483/731/731 482/550/550
f 482/550/550 483/731/731 484/732/732
f 484/732/732 485/733/733 486/734/734
f 484/732/732 486/734/734 305/504/504
f 484/732/732 305/504/504 482/550/550
f 486/734/734 488/735/735 307/551/551
f 486/734/734 307/551/551 305/504/504
f 488/735/735 486/734/734 487/237/237
f 488/735/735 489/736/736 308/552/552
f 488/735/735 308/552/552 307/551/551
f 489/736/736 488/735/735 117/236/236
f 489/736/736 117/236/236 491/737/737
f 489/736/736 491/737/737 490/738/738
f 489/736/736 490/738/738 309/553/553
f 489/736/736 309/553/553 308/552/552
f 490/738/738 492/739/739 310/554/554
f 490/738/738 310/554/554 309/553/553
f 492/739/739 493/555/555 310/554/554
f 493/555/555 492/739/739 682/740/740
f 493/555/555 682/740/740 494/741/741
f 493/555/555 494/741/741 312/556/556
f 494/741/741 684/742/742 495/557/557
f 494/741/741 495/557/557 312/556/556
f 495/557/557 684/742/742 497/743/743
f 495/557/557 497/743/743 496/559/559
f 495/557/557 496/559/559 262/489/489
f 496/559/559 497/743/743 686/744/744
f 496/559/559 686/744/744 498/745/745
f 496/559/559 498/745/745 313/558/558
f 498/745/745 499/746/746 316/560/560
f 498/745/745 316/560/560 313/558/558
f 499/746/746 498/745/745 688/747/747
f 499/746/746 317/562/562 315/561/561
f 499/746/746 315/561/561 316/560/560
f 317/562/562 499/746/746 500/748/748
f 500/748/748 690/749/749 501/750/750
f 500/748/748 501/750/750 319/563/563
f 500/748/748 319/563/563 317/562/562
f 501/750/750 502/751/751 319/563/563
f 502/751/751 501/750/750 692/752/752
f 502/751/751 320/564/564 319/563/563
f 502/751/751 503/753/753 322/565/565
f 502/751/751 322/565/565 320/564/564
f 322/565/565 503/753/753 693/754/754
f 322/565/565 693/754/754 504/567/567
f 504/567/567 693/754/754 505/755/755
f 504/567/567 505/755/755 506/756/756
f 504/567/567 323/566/566 322/565/565
f 506/756/756 505/755/755 696/757/757
f 506/756/756 696/757/757 507/758/758
f 506/756/756 507/758/758 325/568/568
f 506/756/756 325/568/568 504/567/567
f 510/759/759 508/760/760 511/761/761
f 510/759/759 511/761/761 509/762/762
f 507/758/758 328/571/571 326/569/569
f 507/758/758 326/569/569 325/568/568
f 509/762/762 511/761/761 512/763/763
f 509/762/762 512/763/763 513/764/764
f 509/762/762 513/764/764 330/573/573
f 509/762/762 330/573/573 510/759/759
f 513/764/764 514/765/765 333/574/574
f 513/764/764 333/574/574 330/573/573
f 514/765/765 513/764/764 703/766/766
f 514/765/765 515/767/767 334/576/576
f 514/765/765 334/576/576 333/574/574
f 515/767/767 514/765/765 705/768/768
f 515/767/767 516/579/579 335/577/577
f 515/767/767 335/577/577 334/576/576
f 516/579/579 515/767/767 707/769/769
f 516/579/579 707/769/769 518/770/770
f 516/579/579 518/770/770 517/580/580
f 516/579/579 517/580/580 336/578/578
f 517/580/580 518/770/770 519/771/671
f 517/580/580 519/771/671 520/772/771
f 517/580/580 520/772/771 338/581/581
f 520/772/771 521/773/772 340/582/582
f 520/772/771 340/582/582 338/581/581
f 521/773/772 520/772/771 712/774/773
f 521/773/772 522/583/583 340/582/582
f 522/583/583 521/773/772 713/775/774
f 523/584/584 522/583/583 715/776/775
f 523/584/584 524/586/586 342/585/585
f 524/586/586 523/584/584 716/777/776
f 524/586/586 716/777/776 717/778/777
f 524/586/586 717/778/777 525/587/587
f 524/586/586 525/587/587 343/430/430
f 525/587/587 717/778/777 718/779/778
f 525/587/587 718/779/778 526/588/588
f 527/589/589 526/588/588 719/780/779
f 528/590/590 527/589/589 721/781/780
f 528/590/590 529/591/591 347/418/418
f 529/591/591 528/590/590 723/782/781
f 529/591/591 723/782/781 530/783/782
f 529/591/591 530/783/782 531/592/592
f 529/591/591 531/592/592 348/417/417
f 531/592/592 530/783/782 532/784/783
f 531/592/592 532/784/783 350/593/593
f 350/593/593 532/784/783 533/785/784
f 350/593/593 533/785/784 352/594/594
f 352/594/594 533/785/784 534/786/785
f 352/594/594 534/786/785 353/595/595
f 353/595/595 534/786/785 535/787/786
f 353/595/595 535/787/786 354/596/596
f 354/596/596 535/787/786 536/788/787
f 354/596/596 536/788/787 356/597/597
f 356/597/597 536/788/787 537/789/788
f 356/597/597 537/789/788 538/598/598
f 356/597/597 538/598/598 357/399/399
f 538/598/598 537/789/788 539/790/789
f 538/598/598 539/790/789 540/599/599
f 538/598/598 540/599/599 358/396/396
f 540/599/599 541/600/600 359/393/393
f 541/600/600 540/599/599 733/791/790
f 541/600/600 542/601/601 360/391/391
f 542/601/601 541/600/600 734/792/791
f 542/601/601 734/792/791 543/602/602
f 542/601/601 543/602/602 361/387/387
f 543/602/602 735/793/792 545/794/793
f 543/602/602 545/794/793 544/603/603
f 544/603/603 545/794/793 546/604/604
f 546/604/604 362/381/381 544/603/603
f 546/604/604 737/795/794 364/605/605
f 546/604/604 364/605/605 363/377/377
f 364/605/605 738/796/795 547/606/606
f 547/606/606 738/796/795 548/607/607
f 548/607/607 183/369/369 365/370/370
f 548/607/607 365/370/370 547/606/606
f 548/607/607 741/797/796 366/608/608
f 549/798/797 550/799/798 551/610/610
f 549/798/797 551/610/610 367/609/609
f 549/798/797 367/609/609 366/608/608
f 551/610/610 368/362/362 367/609/609
f 552/611/611 551/610/610 743/800/799
f 552/611/611 743/800/799 553/612/612
f 553/612/612 554/801/800 369/363/363
f 554/801/800 555/802/801 370/613/613
f 554/801/800 370/613/613 369/363/363
f 555/802/801 556/803/802 370/613/613
f 370/613/613 556/803/802 751/804/803
f 370/613/613 751/804/803 557/805/804
f 557/805/804 371/614/614 370/613/613
f 557/805/804 558/806/805 371/614/614
f 558/806/805 373/615/615 371/614/614
f 375/616/616 373/615/615 753/807/806
f 559/617/617 374/371/371 375/616/616
f 559/617/617 375/616/616 754/808/807
f 559/617/617 560/809/808 561/618/618
f 559/617/617 561/618/618 376/375/375
f 561/618/618 562/810/809 377/619/619
f 562/810/809 378/620/620 377/619/619
f 562/810/809 757/811/810 563/812/811
f 562/810/809 563/812/811 564/621/621
f 562/810/809 564/621/621 378/620/620
f 564/621/621 563/812/811 379/622/622
f 379/622/622 760/813/812 565/814/813
f 565/814/813 566/623/623 379/622/622
f 566/623/623 565/814/813 567/815/814
f 567/815/814 382/624/624 566/623/623
f 567/815/814 568/816/815 382/624/624
f 568/816/815 383/625/625 382/624/624
f 568/816/815 763/817/816 569/818/817
f 568/816/815 569/818/817 383/625/625
f 569/818/817 384/626/626 383/625/625
f 569/818/817 570/819/818 384/626/626
f 570/819/818 385/627/627 384/626/626
f 570/819/818 569/818/817 764/820/819
f 385/627/627 386/628/628 199/394/394
f 385/627/627 570/819/818 765/821/820
f 386/628/628 387/629/629 201/397/397
f 386/628/628 385/627/627 767/822/821
f 387/629/629 388/630/630 203/400/400
f 387/629/629 386/628/628 769/823/822
f 388/630/630 389/631/631 205/403/403
f 388/630/630 387/629/629 571/824/823
f 389/631/631 390/632/632 207/404/404
f 389/631/631 388/630/630 572/825/824
f 390/632/632 573/633/633 209/408/408
f 390/632/632 389/631/631 773/826/825
f 573/633/633 390/632/632 774/827/826
f 573/633/633 774/827/826 574/828/827
f 573/633/633 574/828/827 575/829/828
f 573/633/633 575/829/828 391/412/412
f 575/829/828 393/634/634 391/412/412
f 575/829/828 576/830/829 393/634/634
f 576/830/829 577/637/637 394/635/635
f 576/830/829 394/635/635 393/634/634
f 576/830/829 575/829/828 778/831/830
f 577/637/637 578/638/638 395/636/636
f 577/637/637 576/830/829 779/832/831
f 577/637/637 779/832/831 579/833/832
f 577/637/637 579/833/832 578/638/638
f 578/638/638 579/833/832 580/834/833
f 578/638/638 580/834/833 581/835/834
f 578/638/638 581/835/834 396/422/422
f 581/835/834 398/639/639 396/422/422
f 581/835/834 583/836/835 398/639/639
f 583/836/835 582/642/642 399/640/640
f 583/836/835 399/640/640 398/639/639
f 583/836/835 581/835/834 784/837/836
f 582/642/642 584/644/644 400/641/641
f 582/642/642 583/836/835 585/838/837
f 582/642/642 585/838/837 584/644/644
f 584/644/644 585/838/837 586/839/838
f 584/644/644 586/839/838 587/840/839
f 584/644/644 587/840/839 402/643/643
f 587/840/839 404/645/645 402/643/643
f 587/840/839 586/839/838 588/841/840
f 587/840/839 588/841/840 589/842/841
f 587/840/839 589/842/841 404/645/645
f 589/842/841 407/648/648 405/646/646
f 589/842/841 405/646/646 404/645/645
f 591/843/842 592/844/843 593/845/844
f 592/844/843 409/846/845 593/845/844
f 592/844/843 591/843/842 796/847/846
f 592/844/843 796/847/846 594/848/847
f 592/844/843 594/848/847 595/849/848
f 592/844/843 595/849/848 409/846/845
f 595/849/848 596/653/653 410/650/650
f 595/849/848 410/650/650 409/846/845
f 596/653/653 595/849/848 597/850/849
f 596/653/653 597/850/849 413/654/654
f 413/654/654 598/657/657 414/655/655
f 413/654/654 597/850/849 599/851/850
f 413/654/654 599/851/850 598/657/657
f 598/657/657 600/659/659 415/656/656
f 598/657/657 599/851/850 601/852/851
f 598/657/657 601/852/851 600/659/659
f 600/659/659 602/661/661 416/658/658
f 600/659/659 601/852/851 803/853/852
f 600/659/659 803/853/852 602/661/661
f 602/661/661 603/663/663 417/660/660
f 602/661/661 803/853/852 804/854/853
f 602/661/661 804/854/853 603/663/663
f 603/663/663 604/665/665 418/662/662
f 603/663/663 804/854/853 805/855/854
f 603/663/663 805/855/854 604/665/665
f 604/665/665 605/666/666 419/664/664
f 604/665/665 805/855/854 806/856/855
f 604/665/665 806/856/855 605/666/666
f 605/666/666 806/856/855 807/857/856
f 605/666/666 807/857/856 606/669/669
f 605/666/666 606/669/669 421/667/667
f 606/669/669 422/668/668 421/667/667
f 606/669/669 808/858/857 809/859/858
f 606/669/669 809/859/858 607/671/671
f 606/669/669 607/671/671 424/670/670
f 607/671/671 809/859/858 810/860/859
f 607/671/671 810/860/859 608/672/672
f 608/672/672 810/860/859 609/861/860
f 608/672/672 609/861/860 428/674/674
f 428/674/674 426/673/673 608/672/672
f 428/674/674 609/861/860 611/862/861
f 428/674/674 611/862/861 610/675/675
f 610/675/675 611/862/861 612/863/862
f 612/863/862 613/676/676 610/675/675
f 612/863/862 813/864/863 613/676/676
f 613/676/676 813/864/863 615/865/864
f 613/676/676 615/865/864 614/677/677
f 614/677/677 615/865/864 432/678/678
f 432/678/678 615/865/864 616/866/865
f 616/866/865 435/679/679 432/678/678
f 616/866/865 617/867/866 437/680/680
f 616/866/865 437/680/680 435/679/679
f 437/680/680 617/867/866 619/868/867
f 437/680/680 619/868/867 618/681/681
f 618/681/681 619/868/867 620/869/868
f 618/681/681 620/869/868 440/682/682
f 620/869/868 622/870/869 440/682/682
f 622/870/869 441/683/683 440/682/682
f 622/870/869 621/684/684 441/683/683
f 621/684/684 622/870/869 820/871/870
f 621/684/684 820/871/870 623/685/685
f 623/685/685 820/871/870 821/872/871
f 623/685/685 821/872/871 624/686/686
f 624/686/686 278/518/518 276/517/517
f 624/686/686 4587/873/872 625/874/873
f 624/686/686 625/874/873 278/518/518
f 625/874/873 444/687/687 278/518/518
f 625/874/873 626/688/688 444/687/687
f 626/688/688 627/875/874 449/690/690
f 626/688/688 449/690/690 448/689/689
f 627/875/874 626/688/688 823/876/875
f 627/875/874 450/691/691 449/690/690
f 627/875/874 628/877/876 450/691/691
f 628/877/876 451/692/692 450/691/691
f 628/877/876 826/878/877 451/692/692
f 826/878/877 629/879/878 630/694/694
f 826/878/877 630/694/694 451/692/692
f 630/694/694 828/880/879 452/693/693
f 828/880/879 631/695/695 452/693/693
f 631/695/695 828/880/879 832/881/880
f 631/695/695 832/881/880 632/882/881
f 631/695/695 632/882/881 453/532/532
f 632/882/881 633/883/882 454/533/533
f 632/882/881 454/533/533 453/532/532
f 633/883/882 834/884/883 634/696/696
f 633/883/882 634/696/696 454/533/533
f 634/696/696 635/885/884 458/697/697
f 458/697/697 289/536/536 634/696/696
f 458/697/697 635/885/884 835/886/885
f 458/697/697 835/886/885 636/703/703
f 636/703/703 637/707/707 461/704/704
f 637/707/707 636/703/703 836/887/886
f 637/707/707 638/888/887 460/706/706
f 638/888/887 639/708/708 460/706/706
f 639/708/708 838/889/888 640/709/709
f 640/709/709 838/889/888 839/349/349
f 640/709/709 839/349/349 462/347/347
f 839/349/349 642/351/351 463/710/710
f 463/710/710 462/347/347 839/349/349
f 642/351/351 641/890/889 643/891/890
f 642/351/351 643/891/890 463/710/710
f 643/891/890 644/892/891 463/710/710
f 644/892/891 174/711/711 463/710/710
f 644/892/891 645/893/892 846/894/893
f 644/892/891 846/894/893 174/711/711
f 174/711/711 846/894/893 646/712/712
f 646/712/712 846/894/893 647/713/713
f 648/715/715 850/895/894 466/705/705
f 466/705/705 850/895/894 649/896/895
f 466/705/705 649/896/895 467/702/702
f 649/896/895 650/897/896 468/716/716
f 649/896/895 468/716/716 467/702/702
f 650/897/896 470/717/717 468/716/716
f 650/897/896 651/898/897 652/718/718
f 650/897/896 652/718/718 470/717/717
f 472/720/720 652/718/718 653/899/898
f 472/720/720 471/719/719 652/718/718
f 472/720/720 653/899/898 855/900/899
f 472/720/720 855/900/899 654/721/721
f 654/721/721 855/900/899 655/901/900
f 654/721/721 655/901/900 473/722/722
f 655/901/900 855/900/899 857/902/901
f 473/722/722 655/901/900 656/903/902
f 473/722/722 656/903/902 657/723/723
f 657/723/723 656/903/902 859/904/903
f 657/723/723 859/904/903 658/724/724
f 658/724/724 859/904/903 659/905/904
f 658/724/724 659/905/904 475/725/725
f 659/905/904 660/726/726 475/725/725
f 660/726/726 659/905/904 860/906/905
f 660/726/726 860/906/905 661/907/906
f 660/726/726 661/907/906 477/727/727
f 661/907/906 662/729/729 478/728/728
f 661/907/906 478/728/728 477/727/727
f 662/729/729 863/908/907 663/909/908
f 662/729/729 663/909/908 479/547/547
f 663/909/908 664/730/730 480/548/548
f 663/909/908 480/548/548 479/547/547
f 664/730/730 663/909/908 864/910/909
f 665/911/910 664/730/730 865/912/911
f 665/911/910 666/913/912 483/731/731
f 665/911/910 483/731/731 664/730/730
f 666/913/912 667/914/913 484/732/732
f 666/913/912 484/732/732 483/731/731
f 667/914/913 666/913/912 866/915/914
f 667/914/913 668/238/238 485/733/733
f 667/914/913 485/733/733 484/732/732
f 668/238/238 667/914/913 669/916/915
f 668/238/238 487/237/237 486/734/734
f 668/238/238 486/734/734 485/733/733
f 669/916/915 670/917/916 671/239/239
f 669/916/915 671/239/239 668/238/238
f 669/916/915 667/914/913 866/915/914
f 670/917/916 669/916/915 871/918/917
f 670/917/916 871/918/917 672/919/918
f 670/917/916 672/919/918 671/239/239
f 671/239/239 672/919/918 874/920/919
f 671/239/239 874/920/919 875/921/920
f 671/239/239 875/921/920 673/233/233
f 673/233/233 875/921/920 876/922/921
f 673/233/233 876/922/921 674/234/234
f 674/234/234 876/922/921 877/923/922
f 674/234/234 877/923/922 675/924/923
f 675/924/923 676/925/924 677/926/925
f 675/924/923 677/926/925 116/232/232
f 675/924/923 116/232/232 674/234/234
f 677/926/925 678/927/926 118/235/235
f 677/926/925 118/235/235 116/232/232
f 678/927/926 679/928/927 680/929/928
f 678/927/926 680/929/928 118/235/235
f 680/929/928 681/930/929 490/738/738
f 680/929/928 490/738/738 491/737/737
f 680/929/928 491/737/737 118/235/235
f 681/930/929 680/929/928 679/928/927
f 681/930/929 679/928/927 885/931/930
f 681/930/929 885/931/930 682/740/740
f 681/930/929 682/740/740 492/739/739
f 681/930/929 492/739/739 490/738/738
f 682/740/740 885/931/930 683/932/931
f 682/740/740 683/932/931 494/741/741
f 683/932/931 685/933/932 684/742/742
f 683/932/931 684/742/742 494/741/741
f 684/742/742 685/933/932 888/934/933
f 684/742/742 888/934/933 686/744/744
f 684/742/742 686/744/744 497/743/743
f 686/744/744 888/934/933 889/935/934
f 686/744/744 889/935/934 687/936/935
f 687/936/935 889/935/934 890/937/936
f 687/936/935 890/937/936 688/747/747
f 687/936/935 688/747/747 498/745/745
f 687/936/935 498/745/745 686/744/744
f 688/747/747 890/937/936 892/938/937
f 688/747/747 892/938/937 689/939/938
f 688/747/747 689/939/938 499/746/746
f 689/939/938 690/749/749 500/748/748
f 689/939/938 500/748/748 499/746/746
f 690/749/749 689/939/938 691/940/939
f 690/749/749 691/940/939 692/752/752
f 690/749/749 692/752/752 501/750/750
f 692/752/752 896/941/940 693/754/754
f 692/752/752 693/754/754 503/753/753
f 692/752/752 503/753/753 502/751/751
f 693/754/754 896/941/940 694/942/941
f 693/754/754 694/942/941 695/943/942
f 695/943/942 694/942/941 900/944/943
f 695/943/942 900/944/943 696/757/757
f 695/943/942 696/757/757 505/755/755
f 695/943/942 505/755/755 693/754/754
f 699/945/944 904/946/945 697/947/946
f 699/945/944 697/947/946 698/948/947
f 698/948/947 697/947/946 700/949/948
f 698/948/947 700/949/948 701/950/949
f 698/948/947 701/950/949 508/760/760
f 698/948/947 508/760/760 699/945/944
f 701/950/949 511/761/761 508/760/760
f 701/950/949 906/951/950 702/952/951
f 701/950/949 702/952/951 512/763/763
f 701/950/949 512/763/763 511/761/761
f 512/763/763 702/952/951 704/953/952
f 512/763/763 704/953/952 703/766/766
f 512/763/763 703/766/766 513/764/764
f 703/766/766 704/953/952 706/954/953
f 703/766/766 706/954/953 705/768/768
f 703/766/766 705/768/768 514/765/765
f 705/768/768 706/954/953 708/955/954
f 705/768/768 708/955/954 707/769/769
f 705/768/768 707/769/769 515/767/767
f 707/769/769 708/955/954 709/956/955
f 707/769/769 709/956/955 710/957/956
f 707/769/769 710/957/956 518/770/770
f 710/957/956 711/958/957 519/771/671
f 710/957/956 519/771/671 518/770/770
f 711/958/957 710/957/956 914/959/958
f 711/958/957 712/774/773 520/772/771
f 711/958/957 520/772/771 519/771/671
f 712/774/773 711/958/957 915/960/959
f 712/774/773 915/960/959 714/961/960
f 712/774/773 714/961/960 713/775/774
f 712/774/773 713/775/774 521/773/772
f 713/775/774 714/961/960 917/962/961
f 713/775/774 917/962/961 715/776/775
f 713/775/774 715/776/775 522/583/583
f 715/776/775 917/962/961 918/963/962
f 715/776/775 918/963/962 716/777/776
f 715/776/775 716/777/776 523/584/584
f 716/777/776 918/963/962 919/964/963
f 716/777/776 919/964/963 717/778/777
f 718/779/778 717/778/777 920/965/964
f 718/779/778 719/780/779 526/588/588
f 719/780/779 718/779/778 922/966/965
f 719/780/779 922/966/965 720/967/966
f 719/780/779 720/967/966 721/781/780
f 719/780/779 721/781/780 527/589/589
f 721/781/780 720/967/966 722/968/967
f 721/781/780 722/968/967 723/782/781
f 721/781/780 723/782/781 528/590/590
f 723/782/781 722/968/967 724/969/968
f 723/782/781 724/969/968 530/783/782
f 530/783/782 724/969/968 725/970/969
f 530/783/782 725/970/969 532/784/783
f 532/784/783 725/970/969 726/971/970
f 532/784/783 726/971/970 533/785/784
f 533/785/784 726/971/970 727/972/971
f 533/785/784 727/972/971 534/786/785
f 534/786/785 727/972/971 728/973/972
f 534/786/785 728/973/972 535/787/786
f 535/787/786 728/973/972 729/974/973
f 535/787/786 729/974/973 536/788/787
f 536/788/787 729/974/973 730/975/974
f 536/788/787 730/975/974 537/789/788
f 537/789/788 730/975/974 731/976/975
f 537/789/788 731/976/975 539/790/789
f 539/790/789 731/976/975 732/977/976
f 539/790/789 732/977/976 733/791/790
f 539/790/789 733/791/790 540/599/599
f 733/791/790 732/977/976 734/792/791
f 733/791/790 734/792/791 541/600/600
f 734/792/791 932/978/977 735/793/792
f 734/792/791 735/793/792 543/602/602
f 735/793/792 934/979/978 736/980/979
f 735/793/792 736/980/979 545/794/793
f 736/980/979 737/795/794 545/794/793
f 737/795/794 736/980/979 936/981/980
f 737/795/794 936/981/980 738/796/795
f 737/795/794 546/604/604 545/794/793
f 738/796/795 364/605/605 737/795/794
f 738/796/795 936/981/980 739/982/981
f 739/982/981 548/607/607 738/796/795
f 548/607/607 739/982/981 740/983/982
f 548/607/607 740/983/982 741/797/796
f 741/797/796 938/984/983 549/798/797
f 741/797/796 549/798/797 366/608/608
f 938/984/983 939/985/984 550/799/798
f 938/984/983 550/799/798 549/798/797
f 939/985/984 742/986/985 551/610/610
f 939/985/984 551/610/610 550/799/798
f 742/986/985 743/800/799 551/610/610
f 743/800/799 742/986/985 940/987/986
f 743/800/799 940/987/986 744/988/987
f 743/800/799 744/988/987 553/612/612
f 744/988/987 745/989/988 553/612/612
f 745/989/988 746/990/989 553/612/612
f 746/990/989 554/801/800 553/612/612
f 746/990/989 747/991/990 554/801/800
f 747/991/990 555/802/801 554/801/800
f 747/991/990 748/992/991 555/802/801
f 748/992/991 556/803/802 555/802/801
f 748/992/991 950/993/992 556/803/802
f 556/803/802 950/993/992 750/994/993
f 556/803/802 750/994/993 749/995/994
f 749/995/994 751/804/803 556/803/802
f 751/804/803 749/995/994 752/996/995
f 751/804/803 752/996/995 557/805/804
f 752/996/995 558/806/805 557/805/804
f 752/996/995 753/807/806 558/806/805
f 753/807/806 373/615/615 558/806/805
f 753/807/806 752/996/995 170/335/335
f 753/807/806 754/808/807 375/616/616
f 753/807/806 4677/997/996 754/808/807
f 754/808/807 560/809/808 559/617/617
f 754/808/807 755/998/997 560/809/808
f 560/809/808 755/998/997 756/999/998
f 560/809/808 756/999/998 562/810/809
f 562/810/809 561/618/618 560/809/808
f 562/810/809 756/999/998 757/811/810
f 757/811/810 4673/1000/999 563/812/811
f 563/812/811 4673/1000/999 758/1001/1000
f 758/1001/1000 760/813/812 379/622/622
f 758/1001/1000 379/622/622 563/812/811
f 758/1001/1000 759/1002/1001 760/813/812
f 760/813/812 759/1002/1001 761/1003/1002
f 760/813/812 761/1003/1002 565/814/813
f 761/1003/1002 567/815/814 565/814/813
f 761/1003/1002 762/1004/1003 567/815/814
f 762/1004/1003 568/816/815 567/815/814
f 762/1004/1003 168/331/331 763/817/816
f 762/1004/1003 763/817/816 568/816/815
f 763/817/816 168/331/331 34/67/67
f 763/817/816 34/67/67 4666/1005/1004
f 763/817/816 4666/1005/1004 764/820/819
f 763/817/816 764/820/819 569/818/817
f 764/820/819 4666/1005/1004 766/1006/1005
f 764/820/819 765/821/820 570/819/818
f 764/820/819 766/1006/1005 765/821/820
f 765/821/820 767/822/821 385/627/627
f 765/821/820 766/1006/1005 768/1007/1006
f 765/821/820 768/1007/1006 767/822/821
f 767/822/821 769/823/822 386/628/628
f 767/822/821 768/1007/1006 770/1008/1007
f 767/822/821 770/1008/1007 769/823/822
f 769/823/822 571/824/823 387/629/629
f 769/823/822 770/1008/1007 771/1009/1008
f 769/823/822 771/1009/1008 571/824/823
f 571/824/823 572/825/824 388/630/630
f 572/825/824 773/826/825 389/631/631
f 572/825/824 571/824/823 772/1010/1009
f 773/826/825 774/827/826 390/632/632
f 773/826/825 572/825/824 4653/1011/1010
f 773/826/825 4653/1011/1010 775/1012/1011
f 773/826/825 775/1012/1011 774/827/826
f 774/827/826 775/1012/1011 776/1013/1012
f 774/827/826 776/1013/1012 777/1014/1013
f 774/827/826 777/1014/1013 574/828/827
f 777/1014/1013 778/831/830 575/829/828
f 777/1014/1013 575/829/828 574/828/827
f 778/831/830 779/832/831 576/830/829
f 778/831/830 777/1014/1013 4648/1015/1014
f 778/831/830 4648/1015/1014 780/1016/1015
f 778/831/830 780/1016/1015 779/832/831
f 779/832/831 780/1016/1015 781/1017/1016
f 779/832/831 781/1017/1016 782/1018/1017
f 779/832/831 782/1018/1017 579/833/832
f 782/1018/1017 580/834/833 579/833/832
f 782/1018/1017 783/1019/1018 580/834/833
f 783/1019/1018 784/837/836 581/835/834
f 783/1019/1018 581/835/834 580/834/833
f 784/837/836 783/1019/1018 4669/1020/1019
f 784/837/836 4669/1020/1019 785/1021/1020
f 784/837/836 785/1021/1020 786/1022/1021
f 784/837/836 786/1022/1021 583/836/835
f 786/1022/1021 585/838/837 583/836/835
f 786/1022/1021 785/1021/1020 787/1023/1022
f 786/1022/1021 787/1023/1022 788/1024/1023
f 786/1022/1021 788/1024/1023 585/838/837
f 788/1024/1023 588/841/840 586/839/838
f 788/1024/1023 586/839/838 585/838/837
f 789/1025/1024 790/1026/1025 793/1027/1026
f 789/1025/1024 793/1027/1026 791/1028/1027
f 789/1025/1024 791/1028/1027 792/1029/1028
f 791/1028/1027 590/1030/1029 792/1029/1028
f 791/1028/1027 793/1027/1026 795/1031/1030
f 791/1028/1027 795/1031/1030 794/1032/1031
f 791/1028/1027 794/1032/1031 590/1030/1029
f 794/1032/1031 796/847/846 591/843/842
f 794/1032/1031 591/843/842 590/1030/1029
f 796/847/846 794/1032/1031 797/1033/1032
f 796/847/846 797/1033/1032 594/848/847
f 594/848/847 797/1033/1032 798/1034/1033
f 594/848/847 798/1034/1033 799/1035/1034
f 594/848/847 799/1035/1034 595/849/848
f 799/1035/1034 597/850/849 595/849/848
f 799/1035/1034 800/1036/1035 597/850/849
f 800/1036/1035 599/851/850 597/850/849
f 800/1036/1035 799/1035/1034 4620/1037/1036
f 800/1036/1035 801/1038/1037 599/851/850
f 801/1038/1037 601/852/851 599/851/850
f 801/1038/1037 800/1036/1035 4618/1039/1038
f 801/1038/1037 802/1040/1039 601/852/851
f 802/1040/1039 803/853/852 601/852/851
f 802/1040/1039 801/1038/1037 4616/1041/1040
f 803/853/852 802/1040/1039 4614/1042/1041
f 804/854/853 803/853/852 4612/1043/1042
f 805/855/854 804/854/853 4610/1044/1043
f 806/856/855 805/855/854 4608/1045/1044
f 807/857/856 808/858/857 606/669/669
f 807/857/856 806/856/855 4607/1046/1045
f 808/858/857 807/857/856 4605/1047/1046
f 808/858/857 4605/1047/1046 4603/1048/1047
f 808/858/857 4603/1048/1047 809/859/858
f 809/859/858 4603/1048/1047 4601/1049/1048
f 809/859/858 4601/1049/1048 810/860/859
f 810/860/859 4601/1049/1048 4600/1050/1049
f 810/860/859 4600/1050/1049 609/861/860
f 609/861/860 4600/1050/1049 811/1051/1050
f 811/1051/1050 611/862/861 609/861/860
f 811/1051/1050 4598/1052/1051 812/1053/1052
f 811/1051/1050 812/1053/1052 611/862/861
f 812/1053/1052 612/863/862 611/862/861
f 812/1053/1052 813/864/863 612/863/862
f 812/1053/1052 814/1054/1053 813/864/863
f 813/864/863 814/1054/1053 815/1055/1054
f 813/864/863 815/1055/1054 615/865/864
f 615/865/864 815/1055/1054 816/1056/1055
f 816/1056/1055 616/866/865 615/865/864
f 816/1056/1055 815/1055/1054 4594/1057/1056
f 816/1056/1055 617/867/866 616/866/865
f 816/1056/1055 4594/1057/1056 817/1058/1057
f 816/1056/1055 817/1058/1057 617/867/866
f 817/1058/1057 818/1059/1058 619/868/867
f 817/1058/1057 619/868/867 617/867/866
f 619/868/867 818/1059/1058 819/1060/1059
f 619/868/867 819/1060/1059 620/869/868
f 819/1060/1059 622/870/869 620/869/868
f 819/1060/1059 4589/1061/1060 820/871/870
f 819/1060/1059 820/871/870 622/870/869
f 820/871/870 4589/1061/1060 822/1062/1061
f 820/871/870 822/1062/1061 821/872/871
f 821/872/871 822/1062/1061 4587/873/872
f 4587/873/872 624/686/686 821/872/871
f 4587/873/872 823/876/875 625/874/873
f 823/876/875 4587/873/872 824/1063/1062
f 823/876/875 824/1063/1062 627/875/874
f 824/1063/1062 1055/1064/1063 825/1065/1064
f 824/1063/1062 825/1065/1064 628/877/876
f 824/1063/1062 628/877/876 627/875/874
f 825/1065/1064 826/878/877 628/877/876
f 826/878/877 825/1065/1064 827/1066/1065
f 827/1066/1065 629/879/878 826/878/877
f 827/1066/1065 1058/1067/1066 629/879/878
f 629/879/878 1059/1068/1067 829/1069/1068
f 629/879/878 829/1069/1068 828/880/879
f 629/879/878 828/880/879 630/694/694
f 829/1069/1068 832/881/880 828/880/879
f 832/881/880 829/1069/1068 830/1070/1069
f 832/881/880 830/1070/1069 831/1071/1070
f 832/881/880 831/1071/1070 833/1072/1071
f 832/881/880 833/1072/1071 632/882/881
f 833/1072/1071 1065/1073/1072 834/884/883
f 833/1072/1071 834/884/883 633/883/882
f 833/1072/1071 633/883/882 632/882/881
f 834/884/883 1065/1073/1072 634/696/696
f 634/696/696 1065/1073/1072 635/885/884
f 835/886/885 836/887/886 636/703/703
f 836/887/886 638/888/887 637/707/707
f 638/888/887 837/1074/1073 838/889/888
f 638/888/887 838/889/888 639/708/708
f 838/889/888 176/350/350 839/349/349
f 176/350/350 840/1075/1074 841/1076/1075
f 176/350/350 841/1076/1075 642/351/351
f 841/1076/1075 641/890/889 642/351/351
f 641/890/889 841/1076/1075 842/1077/1076
f 641/890/889 842/1077/1076 843/1078/1077
f 641/890/889 843/1078/1077 643/891/890
f 643/891/890 843/1078/1077 844/1079/1078
f 643/891/890 844/1079/1078 645/893/892
f 643/891/890 645/893/892 644/892/891
f 645/893/892 844/1079/1078 845/1080/1079
f 645/893/892 845/1080/1079 1078/1081/1080
f 645/893/892 1078/1081/1080 846/894/893
f 847/1082/1081 846/894/893 849/1083/1082
f 847/1082/1081 647/713/713 846/894/893
f 847/1082/1081 848/1084/1083 465/714/714
f 847/1082/1081 465/714/714 647/713/713
f 848/1084/1083 847/1082/1081 849/1083/1082
f 848/1084/1083 648/715/715 465/714/714
f 848/1084/1083 850/895/894 648/715/715
f 850/895/894 851/1085/1084 649/896/895
f 851/1085/1084 651/898/897 650/897/896
f 851/1085/1084 650/897/896 649/896/895
f 851/1085/1084 850/895/894 852/1086/1085
f 851/1085/1084 852/1086/1085 853/1087/1086
f 851/1085/1084 853/1087/1086 651/898/897
f 853/1087/1086 653/899/898 652/718/718
f 853/1087/1086 652/718/718 651/898/897
f 653/899/898 853/1087/1086 854/1088/1087
f 653/899/898 854/1088/1087 856/1089/1088
f 653/899/898 856/1089/1088 855/900/899
f 855/900/899 856/1089/1088 1084/1090/1089
f 855/900/899 1084/1090/1089 857/902/901
f 857/902/901 1084/1090/1089 858/1091/1090
f 857/902/901 858/1091/1090 1086/1092/1091
f 857/902/901 1086/1092/1091 656/903/902
f 857/902/901 656/903/902 655/901/900
f 1086/1092/1091 1087/1093/1092 656/903/902
f 1087/1093/1092 859/904/903 656/903/902
f 859/904/903 1087/1093/1092 1089/1094/1093
f 859/904/903 1089/1094/1093 659/905/904
f 659/905/904 1089/1094/1093 1090/1095/1094
f 659/905/904 1090/1095/1094 860/906/905
f 860/906/905 861/1096/1095 661/907/906
f 861/1096/1095 862/1097/1096 863/908/907
f 861/1096/1095 863/908/907 662/729/729
f 861/1096/1095 662/729/729 661/907/906
f 863/908/907 864/910/909 663/909/908
f 864/910/909 863/908/907 1095/1098/1097
f 864/910/909 1095/1098/1097 1096/1099/1098
f 864/910/909 1096/1099/1098 865/912/911
f 865/912/911 664/730/730 864/910/909
f 865/912/911 1097/1100/1099 867/1101/1100
f 865/912/911 867/1101/1100 866/915/914
f 865/912/911 866/915/914 665/911/910
f 866/915/914 867/1101/1100 868/1102/1101
f 866/915/914 868/1102/1101 669/916/915
f 866/915/914 666/913/912 665/911/910
f 868/1102/1101 867/1101/1100 1099/1103/1102
f 868/1102/1101 1099/1103/1102 869/1104/1103
f 868/1102/1101 869/1104/1103 870/1105/1104
f 868/1102/1101 870/1105/1104 871/918/917
f 868/1102/1101 871/918/917 669/916/915
f 870/1105/1104 869/1104/1103 1103/1106/1105
f 870/1105/1104 1103/1106/1105 872/1107/1106
f 870/1105/1104 872/1107/1106 871/918/917
f 871/918/917 872/1107/1106 1106/1108/1107
f 871/918/917 1106/1108/1107 873/1109/1108
f 871/918/917 873/1109/1108 672/919/918
f 873/1109/1108 1108/1110/1109 874/920/919
f 873/1109/1108 874/920/919 672/919/918
f 874/920/919 1108/1110/1109 1109/1111/1110
f 874/920/919 1109/1111/1110 875/921/920
f 875/921/920 1109/1111/1110 1110/1112/1111
f 875/921/920 1110/1112/1111 876/922/921
f 876/922/921 1110/1112/1111 1111/1113/1112
f 876/922/921 1111/1113/1112 877/923/922
f 877/923/922 1111/1113/1112 1112/1114/1113
f 877/923/922 1112/1114/1113 878/1115/1114
f 878/1115/1114 879/1116/1115 880/1117/1116
f 878/1115/1114 880/1117/1116 676/925/924
f 878/1115/1114 676/925/924 675/924/923
f 878/1115/1114 675/924/923 877/923/922
f 880/1117/1116 881/1118/1117 676/925/924
f 881/1118/1117 882/1119/1118 677/926/925
f 881/1118/1117 677/926/925 676/925/924
f 882/1119/1118 883/1120/1119 678/927/926
f 882/1119/1118 678/927/926 677/926/925
f 883/1120/1119 884/1121/1120 679/928/927
f 883/1120/1119 679/928/927 678/927/926
f 884/1121/1120 885/931/930 679/928/927
f 885/931/930 884/1121/1120 1121/1122/1121
f 885/931/930 1121/1122/1121 887/1123/1122
f 885/931/930 887/1123/1122 886/1124/1123
f 885/931/930 886/1124/1123 683/932/931
f 886/1124/1123 887/1123/1122 1122/1125/1124
f 886/1124/1123 1122/1125/1124 888/934/933
f 886/1124/1123 888/934/933 685/933/932
f 886/1124/1123 685/933/932 683/932/931
f 888/934/933 1122/1125/1124 1124/1126/1125
f 888/934/933 1124/1126/1125 889/935/934
f 889/935/934 1124/1126/1125 891/1127/1126
f 889/935/934 891/1127/1126 890/937/936
f 890/937/936 891/1127/1126 1127/1128/1127
f 890/937/936 1127/1128/1127 892/938/937
f 892/938/937 1127/1128/1127 894/1129/1128
f 892/938/937 894/1129/1128 893/1130/1129
f 893/1130/1129 894/1129/1128 895/1131/1130
f 893/1130/1129 895/1131/1130 691/940/939
f 893/1130/1129 691/940/939 689/939/938
f 893/1130/1129 689/939/938 892/938/937
f 691/940/939 895/1131/1130 897/1132/1131
f 691/940/939 897/1132/1131 896/941/940
f 896/941/940 897/1132/1131 898/1133/1132
f 896/941/940 898/1133/1132 899/1134/1133
f 896/941/940 692/752/752 691/940/939
f 899/1134/1133 898/1133/1132 1135/1135/1134
f 899/1134/1133 1135/1135/1134 900/944/943
f 899/1134/1133 900/944/943 694/942/941
f 899/1134/1133 694/942/941 896/941/940
f 901/1136/1135 902/1137/1136 903/1138/1137
f 901/1136/1135 903/1138/1137 904/946/945
f 903/1138/1137 902/1137/1136 1140/1139/1138
f 903/1138/1137 1140/1139/1138 905/1140/1139
f 903/1138/1137 905/1140/1139 697/947/946
f 903/1138/1137 697/947/946 904/946/945
f 905/1140/1139 1142/1141/1140 700/949/948
f 905/1140/1139 700/949/948 697/947/946
f 700/949/948 1142/1141/1140 1143/1142/1141
f 700/949/948 1143/1142/1141 906/951/950
f 906/951/950 1143/1142/1141 907/1143/1142
f 906/951/950 701/950/949 700/949/948
f 907/1143/1142 908/1144/1143 702/952/951
f 907/1143/1142 702/952/951 906/951/950
f 908/1144/1143 909/1145/1144 910/1146/1145
f 908/1144/1143 910/1146/1145 704/953/952
f 908/1144/1143 704/953/952 702/952/951
f 910/1146/1145 911/1147/1146 706/954/953
f 910/1146/1145 706/954/953 704/953/952
f 911/1147/1146 910/1146/1145 1148/1148/1147
f 911/1147/1146 912/1149/1148 708/955/954
f 911/1147/1146 708/955/954 706/954/953
f 912/1149/1148 911/1147/1146 1149/1150/1149
f 912/1149/1148 913/1151/1150 709/956/955
f 912/1149/1148 709/956/955 708/955/954
f 913/1151/1150 912/1149/1148 1150/1152/1151
f 913/1151/1150 914/959/958 710/957/956
f 913/1151/1150 710/957/956 709/956/955
f 914/959/958 913/1151/1150 1151/1153/1152
f 914/959/958 1151/1153/1152 916/1154/1153
f 914/959/958 916/1154/1153 915/960/959
f 914/959/958 915/960/959 711/958/957
f 915/960/959 916/1154/1153 1152/1155/1154
f 915/960/959 1152/1155/1154 1153/1156/1155
f 915/960/959 1153/1156/1155 714/961/960
f 1153/1156/1155 917/962/961 714/961/960
f 918/963/962 917/962/961 1155/1157/1156
f 919/964/963 918/963/962 1157/1158/1157
f 919/964/963 920/965/964 717/778/777
f 920/965/964 919/964/963 1159/1159/1158
f 920/965/964 1159/1159/1158 921/1160/1159
f 920/965/964 921/1160/1159 922/966/965
f 920/965/964 922/966/965 718/779/778
f 922/966/965 921/1160/1159 923/1161/1160
f 922/966/965 923/1161/1160 720/967/966
f 720/967/966 923/1161/1160 924/1162/1161
f 720/967/966 924/1162/1161 722/968/967
f 722/968/967 924/1162/1161 925/1163/1162
f 722/968/967 925/1163/1162 724/969/968
f 724/969/968 925/1163/1162 926/1164/1163
f 724/969/968 926/1164/1163 725/970/969
f 725/970/969 926/1164/1163 927/1165/1164
f 725/970/969 927/1165/1164 726/971/970
f 726/971/970 927/1165/1164 928/1166/1165
f 726/971/970 928/1166/1165 727/972/971
f 727/972/971 928/1166/1165 929/1167/1166
f 727/972/971 929/1167/1166 728/973/972
f 728/973/972 929/1167/1166 930/1168/1167
f 728/973/972 930/1168/1167 729/974/973
f 729/974/973 930/1168/1167 1168/1169/1168
f 729/974/973 1168/1169/1168 730/975/974
f 730/975/974 1168/1169/1168 731/976/975
f 731/976/975 1168/1169/1168 931/1170/1169
f 731/976/975 931/1170/1169 732/977/976
f 732/977/976 931/1170/1169 932/978/977
f 732/977/976 932/978/977 734/792/791
f 932/978/977 933/1171/1170 934/979/978
f 932/978/977 934/979/978 735/793/792
f 934/979/978 933/1171/1170 1169/1172/1171
f 934/979/978 1169/1172/1171 736/980/979
f 736/980/979 1169/1172/1171 935/1173/1172
f 935/1173/1172 936/981/980 736/980/979
f 936/981/980 935/1173/1172 1172/1174/1173
f 936/981/980 1172/1174/1173 739/982/981
f 739/982/981 1172/1174/1173 740/983/982
f 937/1175/1174 938/984/983 741/797/796
f 937/1175/1174 741/797/796 740/983/982
f 938/984/983 1174/1176/1175 939/985/984
f 939/985/984 1174/1176/1175 1175/1177/1176
f 1175/1177/1176 940/987/986 742/986/985
f 1175/1177/1176 742/986/985 939/985/984
f 940/987/986 1175/1177/1176 1176/1178/1177
f 940/987/986 1176/1178/1177 941/1179/1178
f 941/1179/1178 1178/1180/1179 744/988/987
f 941/1179/1178 744/988/987 940/987/986
f 1178/1180/1179 942/1181/1180 943/1182/1181
f 1178/1180/1179 943/1182/1181 745/989/988
f 1178/1180/1179 745/989/988 744/988/987
f 943/1182/1181 944/1183/1182 746/990/989
f 943/1182/1181 746/990/989 745/989/988
f 944/1183/1182 945/1184/1183 747/991/990
f 944/1183/1182 747/991/990 746/990/989
f 945/1184/1183 947/1185/1184 946/1186/1185
f 945/1184/1183 946/1186/1185 747/991/990
f 946/1186/1185 748/992/991 747/991/990
f 946/1186/1185 947/1185/1184 948/1187/1186
f 946/1186/1185 948/1187/1186 949/1188/1187
f 946/1186/1185 949/1188/1187 748/992/991
f 949/1188/1187 950/993/992 748/992/991
f 950/993/992 949/1188/1187 952/1189/1188
f 950/993/992 952/1189/1188 951/336/336
f 950/993/992 951/336/336 750/994/993
f 951/336/336 749/995/994 750/994/993
f 951/336/336 169/332/332 749/995/994
f 169/332/332 752/996/995 749/995/994
f 169/332/332 170/335/335 752/996/995
f 952/1189/1188 953/1190/1189 954/1191/1190
f 952/1189/1188 954/1191/1190 955/1192/1191
f 952/1189/1188 955/1192/1191 956/337/337
f 952/1189/1188 956/337/337 951/336/336
f 955/1192/1191 954/1191/1190 1191/1193/1192
f 955/1192/1191 1191/1193/1192 957/1194/1193
f 955/1192/1191 957/1194/1193 956/337/337
f 956/337/337 957/1194/1193 1192/1195/1194
f 956/337/337 1192/1195/1194 958/338/338
f 958/338/338 1192/1195/1194 959/339/339
f 959/339/339 1192/1195/1194 1193/1196/1195
f 959/339/339 1193/1196/1195 961/1197/1196
f 961/1197/1196 960/333/333 959/339/339
f 961/1197/1196 963/1198/1197 960/333/333
f 963/1198/1197 964/1199/1198 962/334/334
f 963/1198/1197 962/334/334 960/333/333
f 963/1198/1197 1195/1200/1199 964/1199/1198
f 964/1199/1198 1195/1200/1199 1197/1201/1200
f 964/1199/1198 1197/1201/1200 965/1202/1201
f 964/1199/1198 965/1202/1201 4676/1203/1202
f 965/1202/1201 966/1204/1203 4676/1203/1202
f 965/1202/1201 967/1205/1204 966/1204/1203
f 967/1205/1204 4674/1206/1205 966/1204/1203
f 967/1205/1204 968/1207/1206 4674/1206/1205
f 968/1207/1206 969/1208/1207 4674/1206/1205
f 968/1207/1206 970/1209/1208 969/1208/1207
f 970/1209/1208 4671/1210/1209 969/1208/1207
f 970/1209/1208 971/1211/1210 4671/1210/1209
f 971/1211/1210 973/330/330 4678/1212/1211
f 971/1211/1210 4678/1212/1211 4671/1210/1209
f 971/1211/1210 1200/1213/1212 972/1214/1213
f 971/1211/1210 972/1214/1213 973/330/330
f 972/1214/1213 35/65/65 973/330/330
f 972/1214/1213 974/1215/1214 4667/1216/1215
f 972/1214/1213 4667/1216/1215 35/65/65
f 974/1215/1214 975/1217/1216 4667/1216/1215
f 1203/1218/1217 4665/1219/1218 975/1217/1216
f 1203/1218/1217 976/1220/1219 4665/1219/1218
f 976/1220/1219 978/1221/1220 4665/1219/1218
f 976/1220/1219 977/1222/1221 979/1223/1222
f 976/1220/1219 979/1223/1222 978/1221/1220
f 979/1223/1222 977/1222/1221 1204/1224/1223
f 979/1223/1222 1204/1224/1223 981/1225/1224
f 979/1223/1222 981/1225/1224 983/1226/1225
f 979/1223/1222 983/1226/1225 980/1227/1226
f 983/1226/1225 982/1228/1227 980/1227/1226
f 983/1226/1225 981/1225/1224 1207/1229/1228
f 983/1226/1225 1207/1229/1228 985/1230/1229
f 983/1226/1225 984/1231/1230 982/1228/1227
f 983/1226/1225 985/1230/1229 988/1232/1231
f 983/1226/1225 988/1232/1231 986/1233/1232
f 983/1226/1225 986/1233/1232 984/1231/1230
f 986/1233/1232 987/1234/1233 984/1231/1230
f 986/1233/1232 988/1232/1231 989/1235/1234
f 986/1233/1232 989/1235/1234 990/1236/1235
f 986/1233/1232 990/1236/1235 987/1234/1233
f 990/1236/1235 4655/1237/1236 987/1234/1233
f 990/1236/1235 993/1238/1237 4655/1237/1236
f 993/1238/1237 992/1239/1238 4654/1240/1239
f 993/1238/1237 4654/1240/1239 4655/1237/1236
f 993/1238/1237 990/1236/1235 991/1241/1240
f 992/1239/1238 994/1242/1241 4652/1243/1242
f 992/1239/1238 993/1238/1237 996/1244/1243
f 992/1239/1238 996/1244/1243 994/1242/1241
f 994/1242/1241 996/1244/1243 997/1245/1244
f 994/1242/1241 997/1245/1244 998/1246/1245
f 994/1242/1241 998/1246/1245 995/1247/1246
f 998/1246/1245 999/1248/1247 995/1247/1246
f 998/1246/1245 997/1245/1244 1223/1249/1248
f 998/1246/1245 1223/1249/1248 1000/1250/1249
f 998/1246/1245 1000/1250/1249 999/1248/1247
f 1000/1250/1249 1001/1251/1250 999/1248/1247
f 1003/1252/1251 1004/1253/1252 1006/1254/1253
f 1004/1253/1252 1005/1255/1254 1006/1254/1253
f 1004/1253/1252 1003/1252/1251 1230/1256/1255
f 1004/1253/1252 1230/1256/1255 1007/1257/1256
f 1004/1253/1252 1007/1257/1256 1009/1258/1257
f 1004/1253/1252 1009/1258/1257 1005/1255/1254
f 1009/1258/1257 1008/1259/1258 4646/1260/1259
f 1009/1258/1257 4646/1260/1259 1005/1255/1254
f 1009/1258/1257 1011/1261/1260 1008/1259/1258
f 1011/1261/1260 1010/1262/1261 1008/1259/1258
f 1011/1261/1260 1009/1258/1257 1232/1263/1262
f 1011/1261/1260 1013/1264/1263 1010/1262/1261
f 1013/1264/1263 1012/1265/1264 1010/1262/1261
f 1013/1264/1263 1011/1261/1260 1234/1266/1265
f 1013/1264/1263 1015/1267/1266 1012/1265/1264
f 1015/1267/1266 1014/1268/1267 1012/1265/1264
f 1015/1267/1266 1013/1264/1263 1236/1269/1268
f 1015/1267/1266 1017/1270/1269 1014/1268/1267
f 1017/1270/1269 1016/1271/1270 1014/1268/1267
f 1017/1270/1269 1015/1267/1266 1238/1272/1271
f 1017/1270/1269 1018/1273/1272 1016/1271/1270
f 1018/1273/1272 1019/1274/1273 4629/1275/1274
f 1018/1273/1272 4629/1275/1274 1016/1271/1270
f 1018/1273/1272 1017/1270/1269 1240/1276/1275
f 1019/1274/1273 1020/1277/1276 4627/1278/1277
f 1019/1274/1273 1018/1273/1272 1241/1279/1278
f 1019/1274/1273 1241/1279/1278 1021/1280/1279
f 1019/1274/1273 1021/1280/1279 1020/1277/1276
f 1020/1277/1276 1022/1281/1280 4625/1282/1281
f 1020/1277/1276 1021/1280/1279 1243/1283/1282
f 1020/1277/1276 1243/1283/1282 1022/1281/1280
f 1022/1281/1280 1023/1284/1283 4623/1285/1284
f 1022/1281/1280 1243/1283/1282 1244/1286/1285
f 1022/1281/1280 1244/1286/1285 1023/1284/1283
f 1023/1284/1283 1024/1287/1286 4621/1288/1287
f 1023/1284/1283 1244/1286/1285 1245/1289/1288
f 1023/1284/1283 1245/1289/1288 1024/1287/1286
f 1024/1287/1286 1025/1290/1289 4619/1291/1290
f 1024/1287/1286 1245/1289/1288 1246/1292/1291
f 1024/1287/1286 1246/1292/1291 1025/1290/1289
f 1025/1290/1289 1246/1292/1291 1247/1293/1292
f 1025/1290/1289 1247/1293/1292 1027/1294/1293
f 1025/1290/1289 1027/1294/1293 1026/1295/1294
f 1027/1294/1293 1028/1296/1295 1026/1295/1294
f 1028/1296/1295 1027/1294/1293 1248/1297/1296
f 1029/1298/1297 1028/1296/1295 1250/1299/1298
f 1030/1300/1299 1029/1298/1297 1252/1301/1300
f 1031/1302/1301 1030/1300/1299 1254/1303/1302
f 1033/1304/1303 1034/1305/1304 1032/1306/1305
f 1033/1304/1303 1031/1302/1301 1256/1307/1306
f 1034/1305/1304 1033/1304/1303 1258/1308/1307
f 1034/1305/1304 1258/1308/1307 1035/1309/1308
f 1035/1309/1308 1258/1308/1307 1259/1310/1309
f 1035/1309/1308 1259/1310/1309 1036/1311/1310
f 1036/1311/1310 1259/1310/1309 1039/1312/1311
f 1036/1311/1310 1039/1312/1311 1037/1313/1312
f 1037/1313/1312 1039/1312/1311 1040/1314/1313
f 1037/1313/1312 1040/1314/1313 1038/1315/1314
f 1040/1314/1313 1039/1312/1311 1262/1316/1315
f 1040/1314/1313 1262/1316/1315 1041/1317/1316
f 1041/1317/1316 1262/1316/1315 1263/1318/1317
f 1041/1317/1316 1263/1318/1317 1042/1319/1318
f 1042/1319/1318 1263/1318/1317 1043/1320/1319
f 1043/1320/1319 1263/1318/1317 1044/1321/1320
f 1044/1321/1320 1045/1322/1321 4595/1323/1322
f 1044/1321/1320 4595/1323/1322 1043/1320/1319
f 1045/1322/1321 1044/1321/1320 1046/1324/1323
f 1046/1324/1323 4592/1325/1324 1045/1322/1321
f 1046/1324/1323 1264/1326/1325 1047/1327/1326
f 1046/1324/1323 1047/1327/1326 4592/1325/1324
f 1047/1327/1326 1267/1328/1327 1048/1329/1328
f 1048/1329/1328 1267/1328/1327 1049/1330/1329
f 1049/1330/1329 1051/1331/1330 1052/1332/1331
f 1049/1330/1329 1052/1332/1331 1050/1333/1332
f 1053/1334/1333 1052/1332/1331 1054/360/360
f 1054/360/360 4586/1335/1334 1053/1334/1333
f 1055/1064/1063 1054/360/360 1270/359/359
f 1055/1064/1063 1270/359/359 1056/1336/1335
f 1055/1064/1063 1056/1336/1335 827/1066/1065
f 1055/1064/1063 827/1066/1065 825/1065/1064
f 1056/1336/1335 1057/1337/1336 1058/1067/1066
f 1056/1336/1335 1058/1067/1066 827/1066/1065
f 1058/1067/1066 1057/1337/1336 1059/1068/1067
f 1058/1067/1066 1059/1068/1067 629/879/878
f 1059/1068/1067 1060/1338/1337 829/1069/1068
f 829/1069/1068 1060/1338/1337 1061/1339/1338
f 1061/1339/1338 830/1070/1069 829/1069/1068
f 830/1070/1069 1061/1339/1338 1062/1340/1339
f 830/1070/1069 1062/1340/1339 1063/1341/1340
f 830/1070/1069 1063/1341/1340 831/1071/1070
f 831/1071/1070 1063/1341/1340 1064/1342/1341
f 831/1071/1070 1064/1342/1341 833/1072/1071
f 1064/1342/1341 1065/1073/1072 833/1072/1071
f 1065/1073/1072 1066/1343/1342 835/886/885
f 1065/1073/1072 835/886/885 635/885/884
f 1066/1343/1342 1067/1344/1343 835/886/885
f 1067/1344/1343 1068/1345/1344 836/887/886
f 1067/1344/1343 836/887/886 835/886/885
f 1068/1345/1344 1069/1346/1345 836/887/886
f 1069/1346/1345 837/1074/1073 638/888/887
f 1069/1346/1345 638/888/887 836/887/886
f 837/1074/1073 1069/1346/1345 1070/1347/1346
f 837/1074/1073 1070/1347/1346 1071/1348/1347
f 837/1074/1073 1071/1348/1347 838/889/888
f 1071/1348/1347 840/1075/1074 176/350/350
f 1071/1348/1347 176/350/350 838/889/888
f 840/1075/1074 1071/1348/1347 1285/1349/1348
f 840/1075/1074 1287/1350/1349 1072/1351/1350
f 840/1075/1074 1072/1351/1350 841/1076/1075
f 1072/1351/1350 842/1077/1076 841/1076/1075
f 842/1077/1076 1072/1351/1350 1289/1352/1351
f 842/1077/1076 1289/1352/1351 1073/1353/1352
f 842/1077/1076 1073/1353/1352 1074/1354/1353
f 842/1077/1076 1074/1354/1353 843/1078/1077
f 1074/1354/1353 1075/1355/1354 1076/1356/1355
f 1074/1354/1353 1076/1356/1355 843/1078/1077
f 1076/1356/1355 844/1079/1078 843/1078/1077
f 844/1079/1078 1076/1356/1355 845/1080/1079
f 845/1080/1079 1076/1356/1355 1077/1357/1356
f 845/1080/1079 1077/1357/1356 1078/1081/1080
f 1078/1081/1080 1077/1357/1356 1080/1358/1357
f 1078/1081/1080 1080/1358/1357 849/1083/1082
f 849/1083/1082 846/894/893 1078/1081/1080
f 1079/1359/1358 848/1084/1083 849/1083/1082
f 1079/1359/1358 1080/1358/1357 852/1086/1085
f 1079/1359/1358 852/1086/1085 850/895/894
f 1079/1359/1358 850/895/894 848/1084/1083
f 1080/1358/1357 1081/1360/1359 852/1086/1085
f 1081/1360/1359 854/1088/1087 853/1087/1086
f 1081/1360/1359 853/1087/1086 852/1086/1085
f 854/1088/1087 1081/1360/1359 1082/1361/1360
f 854/1088/1087 1082/1361/1360 1083/1362/1361
f 1083/1362/1361 1084/1090/1089 856/1089/1088
f 1083/1362/1361 856/1089/1088 854/1088/1087
f 1083/1362/1361 1300/1363/1362 1084/1090/1089
f 1084/1090/1089 1300/1363/1362 1085/1364/1363
f 1085/1364/1363 858/1091/1090 1084/1090/1089
f 858/1091/1090 1085/1364/1363 1303/1365/1364
f 1086/1092/1091 858/1091/1090 1088/1366/1365
f 1086/1092/1091 1088/1366/1365 1087/1093/1092
f 1087/1093/1092 1088/1366/1365 1305/1367/1366
f 1087/1093/1092 1305/1367/1366 1089/1094/1093
f 1089/1094/1093 1305/1367/1366 1091/1368/1367
f 1089/1094/1093 1091/1368/1367 1090/1095/1094
f 1090/1095/1094 1091/1368/1367 1093/1369/1368
f 1090/1095/1094 1093/1369/1368 1092/1370/1369
f 1090/1095/1094 1092/1370/1369 860/906/905
f 1092/1370/1369 862/1097/1096 861/1096/1095
f 1092/1370/1369 861/1096/1095 860/906/905
f 862/1097/1096 1092/1370/1369 1309/1371/1370
f 862/1097/1096 1309/1371/1370 1094/1372/1371
f 1094/1372/1371 1095/1098/1097 863/908/907
f 1094/1372/1371 863/908/907 862/1097/1096
f 1096/1099/1098 1095/1098/1097 1098/1373/1372
f 1096/1099/1098 1098/1373/1372 1097/1100/1099
f 1096/1099/1098 1097/1100/1099 865/912/911
f 1097/1100/1099 1098/1373/1372 1099/1103/1102
f 1097/1100/1099 1099/1103/1102 867/1101/1100
f 1099/1103/1102 1098/1373/1372 1101/1374/1373
f 1099/1103/1102 1101/1374/1373 1100/1375/1374
f 1099/1103/1102 1100/1375/1374 869/1104/1103
f 1100/1375/1374 1101/1374/1373 1102/1376/1375
f 1100/1375/1374 1102/1376/1375 1103/1106/1105
f 1100/1375/1374 1103/1106/1105 869/1104/1103
f 1103/1106/1105 1102/1376/1375 1104/1377/1376
f 1103/1106/1105 1104/1377/1376 1105/1378/1377
f 1103/1106/1105 1105/1378/1377 872/1107/1106
f 1105/1378/1377 1106/1108/1107 872/1107/1106
f 1106/1108/1107 1105/1378/1377 1318/1379/1378
f 1106/1108/1107 1318/1379/1378 1319/1380/1379
f 1106/1108/1107 1319/1380/1379 1107/1381/1380
f 1106/1108/1107 1107/1381/1380 873/1109/1108
f 1107/1381/1380 1321/1382/1381 1108/1110/1109
f 1107/1381/1380 1108/1110/1109 873/1109/1108
f 1108/1110/1109 1321/1382/1381 1322/1383/1382
f 1108/1110/1109 1322/1383/1382 1109/1111/1110
f 1109/1111/1110 1322/1383/1382 1324/1384/1383
f 1109/1111/1110 1324/1384/1383 1110/1112/1111
f 1110/1112/1111 1324/1384/1383 1325/1385/1384
f 1110/1112/1111 1325/1385/1384 1111/1113/1112
f 1111/1113/1112 1325/1385/1384 1326/1386/1385
f 1111/1113/1112 1326/1386/1385 1112/1114/1113
f 1112/1114/1113 1326/1386/1385 1329/1387/1386
f 1112/1114/1113 1329/1387/1386 1113/1388/1387
f 1113/1388/1387 1115/1389/1388 1114/1390/1389
f 1113/1388/1387 1114/1390/1389 878/1115/1114
f 1113/1388/1387 878/1115/1114 1112/1114/1113
f 1114/1390/1389 1115/1389/1388 1331/1391/1390
f 1114/1390/1389 1331/1391/1390 1116/1392/1391
f 1114/1390/1389 1116/1392/1391 879/1116/1115
f 1114/1390/1389 879/1116/1115 878/1115/1114
f 1116/1392/1391 1117/1393/1392 880/1117/1116
f 1116/1392/1391 880/1117/1116 879/1116/1115
f 1117/1393/1392 1118/1394/1393 881/1118/1117
f 1117/1393/1392 881/1118/1117 880/1117/1116
f 1118/1394/1393 1119/1395/1394 882/1119/1118
f 1118/1394/1393 882/1119/1118 881/1118/1117
f 1119/1395/1394 1120/1396/1395 883/1120/1119
f 1119/1395/1394 883/1120/1119 882/1119/1118
f 1120/1396/1395 1121/1122/1121 884/1121/1120
f 1120/1396/1395 884/1121/1120 883/1120/1119
f 1121/1122/1121 1120/1396/1395 1339/1397/1396
f 1121/1122/1121 1339/1397/1396 1123/1398/1397
f 1121/1122/1121 1123/1398/1397 1122/1125/1124
f 1121/1122/1121 1122/1125/1124 887/1123/1122
f 1122/1125/1124 1123/1398/1397 1125/1399/1398
f 1122/1125/1124 1125/1399/1398 1124/1126/1125
f 1124/1126/1125 1125/1399/1398 1342/1400/1399
f 1124/1126/1125 1342/1400/1399 1126/1401/1400
f 1126/1401/1400 1342/1400/1399 1343/1402/1401
f 1126/1401/1400 1343/1402/1401 1127/1128/1127
f 1126/1401/1400 1127/1128/1127 891/1127/1126
f 1126/1401/1400 891/1127/1126 1124/1126/1125
f 1127/1128/1127 1343/1402/1401 1128/1403/1402
f 1127/1128/1127 1128/1403/1402 1129/1404/1403
f 1129/1404/1403 1130/1405/1404 894/1129/1128
f 1129/1404/1403 894/1129/1128 1127/1128/1127
f 1130/1405/1404 1129/1404/1403 1131/1406/1405
f 1130/1405/1404 1131/1406/1405 1132/1407/1406
f 1130/1405/1404 1132/1407/1406 1133/1408/1407
f 1130/1405/1404 1133/1408/1407 895/1131/1130
f 1130/1405/1404 895/1131/1130 894/1129/1128
f 1133/1408/1407 1132/1407/1406 1134/1409/1408
f 1133/1408/1407 1134/1409/1408 1135/1135/1134
f 1133/1408/1407 1135/1135/1134 897/1132/1131
f 1133/1408/1407 897/1132/1131 895/1131/1130
f 1138/1410/1409 1136/1411/1410 1139/1412/1411
f 1138/1410/1409 1139/1412/1411 1137/1413/1412
f 1135/1135/1134 898/1133/1132 897/1132/1131
f 1137/1413/1412 1139/1412/1411 1140/1139/1138
f 1137/1413/1412 1140/1139/1138 902/1137/1136
f 1137/1413/1412 902/1137/1136 901/1136/1135
f 1137/1413/1412 901/1136/1135 1138/1410/1409
f 1140/1139/1138 1141/1414/1413 1142/1141/1140
f 1142/1141/1140 1141/1414/1413 1143/1142/1141
f 1142/1141/1140 905/1140/1139 1140/1139/1138
f 1143/1142/1141 1141/1414/1413 1144/1415/1414
f 1144/1415/1414 1145/1416/1415 907/1143/1142
f 1144/1415/1414 907/1143/1142 1143/1142/1141
f 1145/1416/1415 1361/1417/1416 1146/1418/1417
f 1145/1416/1415 1146/1418/1417 908/1144/1143
f 1145/1416/1415 908/1144/1143 907/1143/1142
f 1146/1418/1417 1362/1419/1418 909/1145/1144
f 1146/1418/1417 909/1145/1144 908/1144/1143
f 909/1145/1144 1362/1419/1418 1147/1420/1419
f 1147/1420/1419 1364/1421/1420 1148/1148/1147
f 1147/1420/1419 1148/1148/1147 910/1146/1145
f 1147/1420/1419 910/1146/1145 909/1145/1144
f 1148/1148/1147 1364/1421/1420 1366/1422/1421
f 1148/1148/1147 1366/1422/1421 1149/1150/1149
f 1148/1148/1147 1149/1150/1149 911/1147/1146
f 1149/1150/1149 1366/1422/1421 1368/1423/1422
f 1149/1150/1149 1368/1423/1422 1150/1152/1151
f 1149/1150/1149 1150/1152/1151 912/1149/1148
f 1150/1152/1151 1368/1423/1422 1369/1424/1423
f 1150/1152/1151 1369/1424/1423 1151/1153/1152
f 1150/1152/1151 1151/1153/1152 913/1151/1150
f 1151/1153/1152 1369/1424/1423 1370/1425/1424
f 1151/1153/1152 1370/1425/1424 1371/1426/1425
f 1151/1153/1152 1371/1426/1425 916/1154/1153
f 1371/1426/1425 1152/1155/1154 916/1154/1153
f 1153/1156/1155 1152/1155/1154 1372/1427/1426
f 1153/1156/1155 1372/1427/1426 1154/1428/1427
f 1153/1156/1155 1154/1428/1427 1155/1157/1156
f 1153/1156/1155 1155/1157/1156 917/962/961
f 1155/1157/1156 1154/1428/1427 1156/1429/1428
f 1155/1157/1156 1156/1429/1428 1157/1158/1157
f 1155/1157/1156 1157/1158/1157 918/963/962
f 1157/1158/1157 1156/1429/1428 1158/1430/1429
f 1157/1158/1157 1158/1430/1429 1159/1159/1158
f 1157/1158/1157 1159/1159/1158 919/964/963
f 1159/1159/1158 1158/1430/1429 1160/1431/1430
f 1159/1159/1158 1160/1431/1430 921/1160/1159
f 921/1160/1159 1160/1431/1430 1161/1432/1431
f 921/1160/1159 1161/1432/1431 923/1161/1160
f 923/1161/1160 1161/1432/1431 1162/1433/1432
f 923/1161/1160 1162/1433/1432 924/1162/1161
f 924/1162/1161 1162/1433/1432 1163/1434/1433
f 924/1162/1161 1163/1434/1433 925/1163/1162
f 925/1163/1162 1163/1434/1433 1164/1435/1434
f 925/1163/1162 1164/1435/1434 926/1164/1163
f 926/1164/1163 1164/1435/1434 1165/1436/1435
f 926/1164/1163 1165/1436/1435 927/1165/1164
f 927/1165/1164 1165/1436/1435 1166/1437/1436
f 927/1165/1164 1166/1437/1436 928/1166/1165
f 928/1166/1165 1166/1437/1436 929/1167/1166
f 929/1167/1166 1166/1437/1436 1167/1438/1437
f 929/1167/1166 1167/1438/1437 930/1168/1167
f 930/1168/1167 1167/1438/1437 1168/1169/1168
f 1168/1169/1168 1167/1438/1437 1382/1439/1438
f 1168/1169/1168 1382/1439/1438 931/1170/1169
f 931/1170/1169 1382/1439/1438 1170/1440/1439
f 931/1170/1169 1170/1440/1439 933/1171/1170
f 931/1170/1169 933/1171/1170 932/978/977
f 933/1171/1170 1170/1440/1439 1169/1172/1171
f 1169/1172/1171 1170/1440/1439 1171/1441/1440
f 1171/1441/1440 935/1173/1172 1169/1172/1171
f 1171/1441/1440 125/1442/1441 1172/1174/1173
f 1171/1441/1440 1172/1174/1173 935/1173/1172
f 1172/1174/1173 125/1442/1441 1173/1443/1442
f 1173/1443/1442 937/1175/1174 740/983/982
f 1173/1443/1442 740/983/982 1172/1174/1173
f 937/1175/1174 1173/1443/1442 1385/1444/1443
f 937/1175/1174 1385/1444/1443 1174/1176/1175
f 1174/1176/1175 938/984/983 937/1175/1174
f 1175/1177/1176 1387/1445/1444 1388/1446/1445
f 1175/1177/1176 1388/1446/1445 1176/1178/1177
f 1176/1178/1177 1388/1446/1445 1177/1447/1446
f 1177/1447/1446 1178/1180/1179 941/1179/1178
f 1177/1447/1446 941/1179/1178 1176/1178/1177
f 1178/1180/1179 1177/1447/1446 1179/1448/1447
f 1178/1180/1179 1179/1448/1447 942/1181/1180
f 942/1181/1180 1179/1448/1447 1391/1449/1448
f 942/1181/1180 1391/1449/1448 1180/1450/1449
f 1180/1450/1449 1181/1451/1450 943/1182/1181
f 1180/1450/1449 943/1182/1181 942/1181/1180
f 1181/1451/1450 1393/1452/1451 944/1183/1182
f 1181/1451/1450 944/1183/1182 943/1182/1181
f 944/1183/1182 1393/1452/1451 1182/1453/1452
f 1182/1453/1452 945/1184/1183 944/1183/1182
f 1182/1453/1452 947/1185/1184 945/1184/1183
f 947/1185/1184 1182/1453/1452 1183/1454/1453
f 947/1185/1184 1183/1454/1453 948/1187/1186
f 948/1187/1186 1183/1454/1453 1396/1455/1454
f 948/1187/1186 1396/1455/1454 1185/1456/1455
f 948/1187/1186 1185/1456/1455 1184/1457/1456
f 1184/1457/1456 949/1188/1187 948/1187/1186
f 1184/1457/1456 1186/1458/1457 949/1188/1187
f 1186/1458/1457 953/1190/1189 949/1188/1187
f 1186/1458/1457 1184/1457/1456 1187/1459/1458
f 1186/1458/1457 1187/1459/1458 1188/1460/1459
f 1186/1458/1457 1188/1460/1459 953/1190/1189
f 1188/1460/1459 954/1191/1190 953/1190/1189
f 1188/1460/1459 1187/1459/1458 1189/1461/1460
f 1188/1460/1459 1189/1461/1460 1190/1462/1461
f 1188/1460/1459 1190/1462/1461 1191/1193/1192
f 1188/1460/1459 1191/1193/1192 954/1191/1190
f 1191/1193/1192 1190/1462/1461 1406/1463/1462
f 1191/1193/1192 1406/1463/1462 1407/1464/1463
f 1191/1193/1192 1407/1464/1463 1409/1465/1464
f 1191/1193/1192 1409/1465/1464 957/1194/1193
f 957/1194/1193 1409/1465/1464 1410/1466/1465
f 957/1194/1193 1410/1466/1465 1192/1195/1194
f 1192/1195/1194 1410/1466/1465 1411/1467/1466
f 1192/1195/1194 1411/1467/1466 1193/1196/1195
f 1193/1196/1195 1412/1468/1467 1414/1469/1468
f 1193/1196/1195 1414/1469/1468 961/1197/1196
f 1414/1469/1468 963/1198/1197 961/1197/1196
f 1414/1469/1468 1194/1470/1469 1195/1200/1199
f 1414/1469/1468 1195/1200/1199 963/1198/1197
f 1195/1200/1199 1194/1470/1469 1196/1471/1470
f 1195/1200/1199 1196/1471/1470 1197/1201/1200
f 1197/1201/1200 1196/1471/1470 1198/1472/1471
f 1197/1201/1200 1198/1472/1471 965/1202/1201
f 1198/1472/1471 967/1205/1204 965/1202/1201
f 1198/1472/1471 1416/1473/1472 1417/1474/1473
f 1198/1472/1471 1417/1474/1473 967/1205/1204
f 1417/1474/1473 968/1207/1206 967/1205/1204
f 1417/1474/1473 1199/1475/1474 968/1207/1206
f 1199/1475/1474 970/1209/1208 968/1207/1206
f 1199/1475/1474 1419/1476/1475 1200/1213/1212
f 1199/1475/1474 1200/1213/1212 970/1209/1208
f 1200/1213/1212 971/1211/1210 970/1209/1208
f 1200/1213/1212 1201/1477/1476 974/1215/1214
f 1200/1213/1212 974/1215/1214 972/1214/1213
f 1201/1477/1476 975/1217/1216 974/1215/1214
f 1201/1477/1476 1202/1478/1477 1203/1218/1217
f 1201/1477/1476 1203/1218/1217 975/1217/1216
f 1203/1218/1217 1202/1478/1477 1422/1479/1478
f 1203/1218/1217 1422/1479/1478 976/1220/1219
f 976/1220/1219 1422/1479/1478 1423/1480/1479
f 976/1220/1219 1423/1480/1479 977/1222/1221
f 977/1222/1221 1425/1481/1480 1204/1224/1223
f 1204/1224/1223 1425/1481/1480 1426/1482/1481
f 1204/1224/1223 1426/1482/1481 1205/1483/1482
f 1205/1483/1482 981/1225/1224 1204/1224/1223
f 1205/1483/1482 1206/1484/1483 1207/1229/1228
f 1205/1483/1482 1207/1229/1228 981/1225/1224
f 1207/1229/1228 1206/1484/1483 1208/1485/1484
f 1207/1229/1228 1208/1485/1484 1209/1486/1485
f 1209/1486/1485 985/1230/1229 1207/1229/1228
f 1209/1486/1485 1208/1485/1484 1429/1487/1486
f 1209/1486/1485 1210/1488/1487 985/1230/1229
f 1210/1488/1487 988/1232/1231 985/1230/1229
f 1210/1488/1487 1209/1486/1485 1211/1489/1488
f 1210/1488/1487 1211/1489/1488 1212/1490/1489
f 1210/1488/1487 1212/1490/1489 1213/1491/1490
f 1210/1488/1487 1213/1491/1490 988/1232/1231
f 1213/1491/1490 989/1235/1234 988/1232/1231
f 1213/1491/1490 1212/1490/1489 1214/1492/1491
f 1213/1491/1490 1214/1492/1491 1215/1493/1492
f 1213/1491/1490 1215/1493/1492 1216/1494/1493
f 1213/1491/1490 1216/1494/1493 989/1235/1234
f 1216/1494/1493 991/1241/1240 990/1236/1235
f 1216/1494/1493 990/1236/1235 989/1235/1234
f 1216/1494/1493 1217/1495/1494 1218/1496/1495
f 1216/1494/1493 1218/1496/1495 991/1241/1240
f 1218/1496/1495 993/1238/1237 991/1241/1240
f 1218/1496/1495 1217/1495/1494 1219/1497/1496
f 1218/1496/1495 1219/1497/1496 1220/1498/1497
f 1218/1496/1495 1220/1498/1497 1221/1499/1498
f 1218/1496/1495 1221/1499/1498 993/1238/1237
f 1221/1499/1498 996/1244/1243 993/1238/1237
f 1221/1499/1498 1220/1498/1497 1222/1500/1499
f 1221/1499/1498 1222/1500/1499 1223/1249/1248
f 1221/1499/1498 1223/1249/1248 996/1244/1243
f 1223/1249/1248 997/1245/1244 996/1244/1243
f 1225/1501/1500 1226/1502/1501 1227/1503/1502
f 1226/1502/1501 1002/1504/1503 1227/1503/1502
f 1226/1502/1501 1225/1501/1500 1449/1505/1504
f 1226/1502/1501 1449/1505/1504 1228/1506/1505
f 1226/1502/1501 1228/1506/1505 1229/1507/1506
f 1226/1502/1501 1229/1507/1506 1002/1504/1503
f 1229/1507/1506 1230/1256/1255 1003/1252/1251
f 1229/1507/1506 1003/1252/1251 1002/1504/1503
f 1229/1507/1506 1228/1506/1505 1451/1508/1507
f 1230/1256/1255 1229/1507/1506 1454/1509/1508
f 1230/1256/1255 1454/1509/1508 1231/1510/1509
f 1230/1256/1255 1231/1510/1509 1007/1257/1256
f 1007/1257/1256 1232/1263/1262 1009/1258/1257
f 1007/1257/1256 1231/1510/1509 1233/1511/1510
f 1007/1257/1256 1233/1511/1510 1232/1263/1262
f 1232/1263/1262 1234/1266/1265 1011/1261/1260
f 1232/1263/1262 1233/1511/1510 1235/1512/1511
f 1232/1263/1262 1235/1512/1511 1234/1266/1265
f 1234/1266/1265 1236/1269/1268 1013/1264/1263
f 1234/1266/1265 1235/1512/1511 1237/1513/1512
f 1234/1266/1265 1237/1513/1512 1236/1269/1268
f 1236/1269/1268 1238/1272/1271 1015/1267/1266
f 1236/1269/1268 1237/1513/1512 1239/1514/1513
f 1236/1269/1268 1239/1514/1513 1238/1272/1271
f 1238/1272/1271 1240/1276/1275 1017/1270/1269
f 1238/1272/1271 1239/1514/1513 1461/1515/1514
f 1238/1272/1271 1461/1515/1514 1240/1276/1275
f 1240/1276/1275 1241/1279/1278 1018/1273/1272
f 1240/1276/1275 1461/1515/1514 1462/1516/1515
f 1240/1276/1275 1462/1516/1515 1241/1279/1278
f 1241/1279/1278 1462/1516/1515 1463/1517/1516
f 1241/1279/1278 1463/1517/1516 1242/1518/1517
f 1241/1279/1278 1242/1518/1517 1021/1280/1279
f 1242/1518/1517 1243/1283/1282 1021/1280/1279
f 1243/1283/1282 1242/1518/1517 1464/1519/1518
f 1244/1286/1285 1243/1283/1282 1466/1520/1519
f 1245/1289/1288 1244/1286/1285 1468/1521/1520
f 1246/1292/1291 1245/1289/1288 1470/1522/1521
f 1247/1293/1292 1248/1297/1296 1027/1294/1293
f 1247/1293/1292 1246/1292/1291 1472/1523/1522
f 1248/1297/1296 1250/1299/1298 1028/1296/1295
f 1248/1297/1296 1247/1293/1292 1474/1524/1523
f 1248/1297/1296 1474/1524/1523 1249/1525/1524
f 1248/1297/1296 1249/1525/1524 1250/1299/1298
f 1250/1299/1298 1252/1301/1300 1029/1298/1297
f 1250/1299/1298 1249/1525/1524 1251/1526/1525
f 1250/1299/1298 1251/1526/1525 1252/1301/1300
f 1252/1301/1300 1254/1303/1302 1030/1300/1299
f 1252/1301/1300 1251/1526/1525 1253/1527/1526
f 1252/1301/1300 1253/1527/1526 1254/1303/1302
f 1254/1303/1302 1256/1307/1306 1031/1302/1301
f 1254/1303/1302 1253/1527/1526 1255/1528/1527
f 1254/1303/1302 1255/1528/1527 1256/1307/1306
f 1256/1307/1306 1258/1308/1307 1033/1304/1303
f 1256/1307/1306 1255/1528/1527 1257/1529/1528
f 1256/1307/1306 1257/1529/1528 1258/1308/1307
f 1258/1308/1307 1257/1529/1528 1260/1530/1529
f 1258/1308/1307 1260/1530/1529 1259/1310/1309
f 1259/1310/1309 1260/1530/1529 1261/1531/1530
f 1259/1310/1309 1261/1531/1530 1039/1312/1311
f 1039/1312/1311 1261/1531/1530 1262/1316/1315
f 1262/1316/1315 1261/1531/1530 1482/1532/1531
f 1262/1316/1315 1482/1532/1531 1263/1318/1317
f 1263/1318/1317 1482/1532/1531 1483/1533/1532
f 1263/1318/1317 1483/1533/1532 1484/1534/1533
f 1484/1534/1533 1044/1321/1320 1263/1318/1317
f 1484/1534/1533 1046/1324/1323 1044/1321/1320
f 1046/1324/1323 1484/1534/1533 1265/1535/1534
f 1046/1324/1323 1265/1535/1534 1264/1326/1325
f 1264/1326/1325 1265/1535/1534 1266/1536/1535
f 1266/1536/1535 1047/1327/1326 1264/1326/1325
f 1266/1536/1535 1267/1328/1327 1047/1327/1326
f 1267/1328/1327 1266/1536/1535 1487/1537/1536
f 1268/1538/1537 1049/1330/1329 1267/1328/1327
f 1268/1538/1537 1489/1539/1538 1049/1330/1329
f 1489/1539/1538 1051/1331/1330 1049/1330/1329
f 1270/359/359 1271/1540/1539 1056/1336/1335
f 1271/1540/1539 1057/1337/1336 1056/1336/1335
f 1271/1540/1539 1272/1541/1540 1057/1337/1336
f 1272/1541/1540 1273/1542/1541 1059/1068/1067
f 1272/1541/1540 1059/1068/1067 1057/1337/1336
f 1273/1542/1541 1060/1338/1337 1059/1068/1067
f 1060/1338/1337 1273/1542/1541 1274/1543/1542
f 1060/1338/1337 1274/1543/1542 1062/1340/1339
f 1060/1338/1337 1062/1340/1339 1061/1339/1338
f 1062/1340/1339 1497/1544/1543 1275/1545/1544
f 1275/1545/1544 1063/1341/1340 1062/1340/1339
f 1275/1545/1544 1276/1546/1545 1063/1341/1340
f 1063/1341/1340 1276/1546/1545 1277/1547/1546
f 1063/1341/1340 1277/1547/1546 1279/1548/1547
f 1063/1341/1340 1279/1548/1547 1064/1342/1341
f 1279/1548/1547 1277/1547/1546 1278/1549/1548
f 1279/1548/1547 1278/1549/1548 1280/1550/1549
f 1279/1548/1547 1065/1073/1072 1064/1342/1341
f 1279/1548/1547 1280/1550/1549 1066/1343/1342
f 1279/1548/1547 1066/1343/1342 1065/1073/1072
f 1280/1550/1549 1281/1551/1550 1066/1343/1342
f 1281/1551/1550 1067/1344/1343 1066/1343/1342
f 1281/1551/1550 1283/1552/1551 1068/1345/1344
f 1281/1551/1550 1068/1345/1344 1067/1344/1343
f 1283/1552/1551 1281/1551/1550 1282/1553/1552
f 1283/1552/1551 1282/1553/1552 1284/1554/1553
f 1283/1552/1551 1284/1554/1553 1070/1347/1346
f 1283/1552/1551 1070/1347/1346 1069/1346/1345
f 1283/1552/1551 1069/1346/1345 1068/1345/1344
f 1070/1347/1346 1284/1554/1553 1508/1555/1554
f 1508/1555/1554 1286/1556/1555 1285/1349/1348
f 1508/1555/1554 1285/1349/1348 1070/1347/1346
f 1285/1349/1348 1071/1348/1347 1070/1347/1346
f 1285/1349/1348 1286/1556/1555 1287/1350/1349
f 1287/1350/1349 840/1075/1074 1285/1349/1348
f 1287/1350/1349 1510/1557/1556 1288/1558/1557
f 1287/1350/1349 1288/1558/1557 1072/1351/1350
f 1072/1351/1350 1288/1558/1557 1289/1352/1351
f 1290/1559/1558 1073/1353/1352 1289/1352/1351
f 1290/1559/1558 1291/1560/1559 1073/1353/1352
f 1291/1560/1559 1292/1561/1560 1073/1353/1352
f 1292/1561/1560 1291/1560/1559 1293/1562/1561
f 1292/1561/1560 1074/1354/1353 1073/1353/1352
f 1292/1561/1560 1075/1355/1354 1074/1354/1353
f 1292/1561/1560 1293/1562/1561 1294/1563/1562
f 1292/1561/1560 1294/1563/1562 1075/1355/1354
f 1075/1355/1354 1294/1563/1562 1295/1564/1563
f 1075/1355/1354 1295/1564/1563 1076/1356/1355
f 1295/1564/1563 1296/1565/1564 1077/1357/1356
f 1295/1564/1563 1077/1357/1356 1076/1356/1355
f 1077/1357/1356 1296/1565/1564 1297/1566/1565
f 1077/1357/1356 1297/1566/1565 1298/1567/1566
f 1298/1567/1566 1080/1358/1357 1077/1357/1356
f 1298/1567/1566 1082/1361/1360 1081/1360/1359
f 1298/1567/1566 1081/1360/1359 1080/1358/1357
f 1082/1361/1360 1298/1567/1566 1297/1566/1565
f 1082/1361/1360 1297/1566/1565 1299/1568/1567
f 1299/1568/1567 1300/1363/1362 1083/1362/1361
f 1299/1568/1567 1083/1362/1361 1082/1361/1360
f 1299/1568/1567 1521/1569/1568 1301/1570/1569
f 1299/1568/1567 1301/1570/1569 1300/1363/1362
f 1300/1363/1362 1301/1570/1569 1302/1571/1570
f 1300/1363/1362 1302/1571/1570 1085/1364/1363
f 1302/1571/1570 1303/1365/1364 1085/1364/1363
f 1303/1365/1364 1304/1572/1571 858/1091/1090
f 1304/1572/1571 1088/1366/1365 858/1091/1090
f 1088/1366/1365 1304/1572/1571 1528/1573/1572
f 1305/1367/1366 1088/1366/1365 1306/1574/1573
f 1305/1367/1366 1306/1574/1573 1091/1368/1367
f 1091/1368/1367 1307/1575/1574 1093/1369/1368
f 1307/1575/1574 1308/1576/1575 1092/1370/1369
f 1307/1575/1574 1092/1370/1369 1093/1369/1368
f 1308/1576/1575 1307/1575/1574 1530/1577/1576
f 1308/1576/1575 1309/1371/1370 1092/1370/1369
f 1309/1371/1370 1308/1576/1575 1310/1578/1577
f 1309/1371/1370 1310/1578/1577 1094/1372/1371
f 1094/1372/1371 1310/1578/1577 1311/1579/1578
f 1094/1372/1371 1311/1579/1578 1312/1580/1579
f 1094/1372/1371 1312/1580/1579 1095/1098/1097
f 1312/1580/1579 1101/1374/1373 1098/1373/1372
f 1312/1580/1579 1098/1373/1372 1095/1098/1097
f 1312/1580/1579 1311/1579/1578 1313/1581/1580
f 1312/1580/1579 1313/1581/1580 1314/1582/1581
f 1312/1580/1579 1314/1582/1581 1101/1374/1373
f 1314/1582/1581 1313/1581/1580 1537/1583/1582
f 1314/1582/1581 1315/1584/1583 1101/1374/1373
f 1315/1584/1583 1102/1376/1375 1101/1374/1373
f 1102/1376/1375 1315/1584/1583 1539/1585/1584
f 1102/1376/1375 1539/1585/1584 1316/1586/1585
f 1102/1376/1375 1316/1586/1585 1317/1587/1586
f 1102/1376/1375 1317/1587/1586 1104/1377/1376
f 1317/1587/1586 1318/1379/1378 1105/1378/1377
f 1317/1587/1586 1105/1378/1377 1104/1377/1376
f 1318/1379/1378 1317/1587/1586 1541/1588/1587
f 1318/1379/1378 1541/1588/1587 1542/1589/1588
f 1318/1379/1378 1542/1589/1588 1543/1590/1589
f 1318/1379/1378 1543/1590/1589 1319/1380/1379
f 1319/1380/1379 1543/1590/1589 1544/1591/1590
f 1319/1380/1379 1544/1591/1590 1320/1592/1591
f 1319/1380/1379 1320/1592/1591 1107/1381/1380
f 1320/1592/1591 1544/1591/1590 1545/1593/1592
f 1320/1592/1591 1545/1593/1592 1321/1382/1381
f 1320/1592/1591 1321/1382/1381 1107/1381/1380
f 1321/1382/1381 1545/1593/1592 1323/1594/1593
f 1321/1382/1381 1323/1594/1593 1322/1383/1382
f 1322/1383/1382 1323/1594/1593 1324/1384/1383
f 1324/1384/1383 1323/1594/1593 1547/1595/1594
f 1324/1384/1383 1547/1595/1594 1325/1385/1384
f 1325/1385/1384 1547/1595/1594 1548/1596/1595
f 1325/1385/1384 1548/1596/1595 1326/1386/1385
f 1326/1386/1385 1548/1596/1595 1327/1597/1596
f 1326/1386/1385 1327/1597/1596 1328/1598/1597
f 1326/1386/1385 1328/1598/1597 1329/1387/1386
f 1329/1387/1386 1328/1598/1597 1551/1599/1598
f 1329/1387/1386 1551/1599/1598 1330/1600/1599
f 1329/1387/1386 1330/1600/1599 1113/1388/1387
f 1330/1600/1599 1332/1601/1600 1331/1391/1390
f 1330/1600/1599 1331/1391/1390 1115/1389/1388
f 1330/1600/1599 1115/1389/1388 1113/1388/1387
f 1331/1391/1390 1332/1601/1600 1333/1602/1601
f 1331/1391/1390 1333/1602/1601 1334/1603/1602
f 1334/1603/1602 1335/1604/1603 1116/1392/1391
f 1334/1603/1602 1116/1392/1391 1331/1391/1390
f 1335/1604/1603 1336/1605/1604 1117/1393/1392
f 1335/1604/1603 1117/1393/1392 1116/1392/1391
f 1336/1605/1604 1337/1606/1605 1118/1394/1393
f 1336/1605/1604 1118/1394/1393 1117/1393/1392
f 1337/1606/1605 1338/1607/1606 1119/1395/1394
f 1337/1606/1605 1119/1395/1394 1118/1394/1393
f 1338/1607/1606 1339/1397/1396 1120/1396/1395
f 1338/1607/1606 1120/1396/1395 1119/1395/1394
f 1339/1397/1396 1338/1607/1606 1562/1608/1607
f 1339/1397/1396 1562/1608/1607 1341/1609/1608
f 1339/1397/1396 1341/1609/1608 1340/1610/1609
f 1339/1397/1396 1340/1610/1609 1123/1398/1397
f 1340/1610/1609 1341/1609/1608 1563/1611/1610
f 1340/1610/1609 1563/1611/1610 1342/1400/1399
f 1340/1610/1609 1342/1400/1399 1125/1399/1398
f 1340/1610/1609 1125/1399/1398 1123/1398/1397
f 1342/1400/1399 1563/1611/1610 1344/1612/1611
f 1342/1400/1399 1344/1612/1611 1343/1402/1401
f 1343/1402/1401 1344/1612/1611 1346/1613/1612
f 1343/1402/1401 1346/1613/1612 1345/1614/1613
f 1345/1614/1613 1346/1613/1612 1347/1615/1614
f 1345/1614/1613 1347/1615/1614 1348/1616/1615
f 1345/1614/1613 1348/1616/1615 1128/1403/1402
f 1345/1614/1613 1128/1403/1402 1343/1402/1401
f 1348/1616/1615 1347/1615/1614 1570/1617/1616
f 1348/1616/1615 1570/1617/1616 1349/1618/1617
f 1348/1616/1615 1349/1618/1617 1131/1406/1405
f 1348/1616/1615 1131/1406/1405 1129/1404/1403
f 1348/1616/1615 1129/1404/1403 1128/1403/1402
f 1352/1619/1618 1350/1620/1619 1353/1621/1620
f 1352/1619/1618 1353/1621/1620 1351/1622/1621
f 1349/1618/1617 1134/1409/1408 1132/1407/1406
f 1349/1618/1617 1132/1407/1406 1131/1406/1405
f 1351/1622/1621 1353/1621/1620 1355/1623/1622
f 1351/1622/1621 1355/1623/1622 1354/1624/1623
f 1351/1622/1621 1354/1624/1623 1136/1411/1410
f 1351/1622/1621 1136/1411/1410 1352/1619/1618
f 1354/1624/1623 1355/1623/1622 1580/1625/1624
f 1354/1624/1623 1580/1625/1624 1356/1626/1625
f 1354/1624/1623 1356/1626/1625 1139/1412/1411
f 1354/1624/1623 1139/1412/1411 1136/1411/1410
f 1356/1626/1625 1580/1625/1624 1358/1627/1626
f 1356/1626/1625 1358/1627/1626 1357/1628/1627
f 1356/1626/1625 1357/1628/1627 1141/1414/1413
f 1356/1626/1625 1141/1414/1413 1140/1139/1138
f 1356/1626/1625 1140/1139/1138 1139/1412/1411
f 1357/1628/1627 1581/1629/1628 1359/1630/1629
f 1357/1628/1627 1359/1630/1629 1144/1415/1414
f 1357/1628/1627 1144/1415/1414 1141/1414/1413
f 1359/1630/1629 1361/1417/1416 1145/1416/1415
f 1359/1630/1629 1145/1416/1415 1144/1415/1414
f 1361/1417/1416 1359/1630/1629 1360/1631/1630
f 1361/1417/1416 1360/1631/1630 1584/1632/1631
f 1361/1417/1416 1584/1632/1631 1362/1419/1418
f 1361/1417/1416 1362/1419/1418 1146/1418/1417
f 1362/1419/1418 1584/1632/1631 1363/1633/1632
f 1363/1633/1632 1364/1421/1420 1147/1420/1419
f 1363/1633/1632 1147/1420/1419 1362/1419/1418
f 1364/1421/1420 1363/1633/1632 1365/1634/1633
f 1365/1634/1633 1367/1635/1634 1366/1422/1421
f 1365/1634/1633 1366/1422/1421 1364/1421/1420
f 1366/1422/1421 1367/1635/1634 1589/1636/1635
f 1366/1422/1421 1589/1636/1635 1368/1423/1422
f 1368/1423/1422 1589/1636/1635 1590/1637/1636
f 1368/1423/1422 1590/1637/1636 1369/1424/1423
f 1369/1424/1423 1590/1637/1636 1592/1638/1637
f 1369/1424/1423 1592/1638/1637 1370/1425/1424
f 1370/1425/1424 1592/1638/1637 1593/1639/1638
f 1370/1425/1424 1593/1639/1638 1371/1426/1425
f 1371/1426/1425 1593/1639/1638 1595/1640/1639
f 1371/1426/1425 1595/1640/1639 1372/1427/1426
f 1371/1426/1425 1372/1427/1426 1152/1155/1154
f 1372/1427/1426 1595/1640/1639 1596/1641/1424
f 1372/1427/1426 1596/1641/1424 1154/1428/1427
f 1154/1428/1427 1596/1641/1424 1598/1642/1640
f 1154/1428/1427 1598/1642/1640 1156/1429/1428
f 1156/1429/1428 1598/1642/1640 1373/1643/1641
f 1156/1429/1428 1373/1643/1641 1158/1430/1429
f 1158/1430/1429 1373/1643/1641 1374/1644/1642
f 1158/1430/1429 1374/1644/1642 1160/1431/1430
f 1160/1431/1430 1374/1644/1642 1375/1645/1643
f 1160/1431/1430 1375/1645/1643 1161/1432/1431
f 1161/1432/1431 1375/1645/1643 1376/1646/1644
f 1161/1432/1431 1376/1646/1644 1162/1433/1432
f 1162/1433/1432 1376/1646/1644 1377/1647/1645
f 1162/1433/1432 1377/1647/1645 1163/1434/1433
f 1163/1434/1433 1377/1647/1645 1164/1435/1434
f 1164/1435/1434 1377/1647/1645 1378/1648/1646
f 1164/1435/1434 1378/1648/1646 1165/1436/1435
f 1165/1436/1435 1378/1648/1646 1379/1649/1647
f 1165/1436/1435 1379/1649/1647 1166/1437/1436
f 1379/1649/1647 1380/1650/1648 1167/1438/1437
f 1379/1649/1647 1167/1438/1437 1166/1437/1436
f 1380/1650/1648 1381/1651/1649 1382/1439/1438
f 1380/1650/1648 1382/1439/1438 1167/1438/1437
f 1382/1439/1438 1381/1651/1649 1605/1652/1650
f 1382/1439/1438 1605/1652/1650 1383/1653/1651
f 1382/1439/1438 1383/1653/1651 1170/1440/1439
f 1383/1653/1651 125/1442/1441 1171/1441/1440
f 1383/1653/1651 1171/1441/1440 1170/1440/1439
f 1383/1653/1651 1384/1654/1652 125/1442/1441
f 1384/1654/1652 1385/1444/1443 1173/1443/1442
f 1385/1444/1443 1606/1655/1653 1386/1656/1654
f 1385/1444/1443 1386/1656/1654 1174/1176/1175
f 1386/1656/1654 1387/1445/1444 1175/1177/1176
f 1386/1656/1654 1175/1177/1176 1174/1176/1175
f 1388/1446/1445 1387/1445/1444 1389/1657/1655
f 1388/1446/1445 1389/1657/1655 1177/1447/1446
f 1177/1447/1446 1389/1657/1655 2479/1658/1656
f 1177/1447/1446 2479/1658/1656 1390/1659/1657
f 1177/1447/1446 1390/1659/1657 1179/1448/1447
f 1179/1448/1447 1390/1659/1657 1391/1449/1448
f 1391/1449/1448 1392/1660/1658 1180/1450/1449
f 1392/1660/1658 1610/1661/1659 1181/1451/1450
f 1392/1660/1658 1181/1451/1450 1180/1450/1449
f 1181/1451/1450 1610/1661/1659 1611/1662/1660
f 1181/1451/1450 1611/1662/1660 1393/1452/1451
f 1393/1452/1451 1611/1662/1660 1612/1663/1661
f 1393/1452/1451 1612/1663/1661 1394/1664/1662
f 1393/1452/1451 1394/1664/1662 1182/1453/1452
f 1394/1664/1662 1183/1454/1453 1182/1453/1452
f 1394/1664/1662 1612/1663/1661 1395/1665/1663
f 1394/1664/1662 1395/1665/1663 1396/1455/1454
f 1394/1664/1662 1396/1455/1454 1183/1454/1453
f 1396/1455/1454 1395/1665/1663 1397/1666/1664
f 1396/1455/1454 1397/1666/1664 1398/1667/1665
f 1396/1455/1454 1398/1667/1665 1185/1456/1455
f 1398/1667/1665 1397/1666/1664 1614/1668/1666
f 1185/1456/1455 1398/1667/1665 1617/1669/1667
f 1185/1456/1455 1617/1669/1667 1399/1670/1668
f 1399/1670/1668 1184/1457/1456 1185/1456/1455
f 1399/1670/1668 1187/1459/1458 1184/1457/1456
f 1399/1670/1668 1400/1671/1669 1187/1459/1458
f 1400/1671/1669 1189/1461/1460 1187/1459/1458
f 1400/1671/1669 1401/1672/1670 1402/1673/1671
f 1400/1671/1669 1402/1673/1671 1189/1461/1460
f 1402/1673/1671 1401/1672/1670 1403/341/341
f 1402/1673/1671 1403/341/341 1404/1674/1672
f 1402/1673/1671 1404/1674/1672 1405/1675/1673
f 1402/1673/1671 1405/1675/1673 1189/1461/1460
f 1405/1675/1673 1406/1463/1462 1190/1462/1461
f 1405/1675/1673 1190/1462/1461 1189/1461/1460
f 1406/1463/1462 1405/1675/1673 2073/180/180
f 1406/1463/1462 2073/180/180 1408/182/182
f 1406/1463/1462 1408/182/182 1407/1464/1463
f 1407/1464/1463 1408/182/182 2072/1676/1674
f 1407/1464/1463 2072/1676/1674 1998/1677/1675
f 1407/1464/1463 1998/1677/1675 1409/1465/1464
f 1998/1677/1675 1997/1678/1676 1409/1465/1464
f 1409/1465/1464 1997/1678/1676 2000/1679/1677
f 1409/1465/1464 2000/1679/1677 1410/1466/1465
f 1410/1466/1465 2000/1679/1677 2001/1680/1678
f 1410/1466/1465 2001/1680/1678 1411/1467/1466
f 1411/1467/1466 2001/1680/1678 2002/1681/1679
f 1411/1467/1466 2002/1681/1679 2004/1682/1680
f 1411/1467/1466 2004/1682/1680 1412/1468/1467
f 1412/1468/1467 1193/1196/1195 1411/1467/1466
f 1412/1468/1467 2004/1682/1680 1413/1683/1681
f 1412/1468/1467 1413/1683/1681 1414/1469/1468
f 1414/1469/1468 1413/1683/1681 1194/1470/1469
f 1194/1470/1469 1415/1684/1682 1196/1471/1470
f 1196/1471/1470 1415/1684/1682 2008/1685/1683
f 1196/1471/1470 2008/1685/1683 1416/1473/1472
f 1416/1473/1472 1198/1472/1471 1196/1471/1470
f 1416/1473/1472 2008/1685/1683 2010/1686/1684
f 1416/1473/1472 2010/1686/1684 1417/1474/1473
f 1417/1474/1473 2010/1686/1684 2012/1687/1685
f 1417/1474/1473 2012/1687/1685 1418/1688/1686
f 1418/1688/1686 1199/1475/1474 1417/1474/1473
f 1418/1688/1686 1419/1476/1475 1199/1475/1474
f 1419/1476/1475 1418/1688/1686 2013/1689/1687
f 1419/1476/1475 2013/1689/1687 2015/1690/1688
f 1419/1476/1475 2015/1690/1688 1420/1691/1689
f 1420/1691/1689 1201/1477/1476 1200/1213/1212
f 1420/1691/1689 1200/1213/1212 1419/1476/1475
f 1420/1691/1689 2015/1690/1688 1421/1692/1690
f 1420/1691/1689 1421/1692/1690 1202/1478/1477
f 1420/1691/1689 1202/1478/1477 1201/1477/1476
f 1421/1692/1690 1422/1479/1478 1202/1478/1477
f 1422/1479/1478 1421/1692/1690 1423/1480/1479
f 1423/1480/1479 1424/1693/1691 1425/1481/1480
f 1425/1481/1480 977/1222/1221 1423/1480/1479
f 1425/1481/1480 1424/1693/1691 1426/1482/1481
f 1427/1694/1692 1206/1484/1483 1205/1483/1482
f 1427/1694/1692 1205/1483/1482 1426/1482/1481
f 1427/1694/1692 2020/1695/1693 1428/1696/1694
f 1427/1694/1692 1428/1696/1694 1206/1484/1483
f 1428/1696/1694 1208/1485/1484 1206/1484/1483
f 1428/1696/1694 2021/1697/1695 1429/1487/1486
f 1428/1696/1694 1429/1487/1486 1208/1485/1484
f 1429/1487/1486 2021/1697/1695 2022/1698/1696
f 1429/1487/1486 2022/1698/1696 1430/1699/1697
f 1430/1699/1697 1211/1489/1488 1209/1486/1485
f 1430/1699/1697 1209/1486/1485 1429/1487/1486
f 1430/1699/1697 1431/1700/1698 1432/1701/1699
f 1430/1699/1697 1432/1701/1699 1211/1489/1488
f 1432/1701/1699 1214/1492/1491 1212/1490/1489
f 1432/1701/1699 1212/1490/1489 1211/1489/1488
f 1432/1701/1699 1431/1700/1698 1433/1702/1700
f 1432/1701/1699 1433/1702/1700 1434/1703/1701
f 1432/1701/1699 1434/1703/1701 1435/1704/1702
f 1436/1705/1703 1216/1494/1493 1215/1493/1492
f 1436/1705/1703 1215/1493/1492 1214/1492/1491
f 1434/1703/1701 1433/1702/1700 1437/1706/1704
f 1434/1703/1701 1437/1706/1704 1438/1707/1705
f 1436/1705/1703 1439/1708/1706 1216/1494/1493
f 1439/1708/1706 1219/1497/1496 1217/1495/1494
f 1439/1708/1706 1217/1495/1494 1216/1494/1493
f 1440/1709/1707 1438/1707/1705 1441/1710/1708
f 1440/1709/1707 1441/1710/1708 1444/1711/1709
f 1440/1709/1707 1444/1711/1709 1442/1712/1710
f 1440/1709/1707 1442/1712/1710 1443/1713/1711
f 1442/1712/1710 1445/1714/1712 1443/1713/1711
f 1442/1712/1710 1444/1711/1709 1446/1715/1713
f 1442/1712/1710 1446/1715/1713 1445/1714/1712
f 1445/1714/1712 1446/1715/1713 1448/1716/1714
f 1445/1714/1712 1448/1716/1714 1447/1717/1715
f 1445/1714/1712 1447/1717/1715 1224/1718/1716
f 1447/1717/1715 1449/1505/1504 1225/1501/1500
f 1447/1717/1715 1225/1501/1500 1224/1718/1716
f 1447/1717/1715 1448/1716/1714 1450/1719/1717
f 1447/1717/1715 1450/1719/1717 1449/1505/1504
f 1449/1505/1504 1451/1508/1507 1228/1506/1505
f 1449/1505/1504 1450/1719/1717 1452/1720/1718
f 1449/1505/1504 1452/1720/1718 1451/1508/1507
f 1451/1508/1507 1454/1509/1508 1229/1507/1506
f 1451/1508/1507 1452/1720/1718 1453/1721/1719
f 1451/1508/1507 1453/1721/1719 1454/1509/1508
f 1454/1509/1508 1453/1721/1719 1455/1722/1720
f 1454/1509/1508 1455/1722/1720 1456/1723/1721
f 1454/1509/1508 1456/1723/1721 1231/1510/1509
f 1456/1723/1721 1233/1511/1510 1231/1510/1509
f 1456/1723/1721 1457/1724/1722 1233/1511/1510
f 1457/1724/1722 1235/1512/1511 1233/1511/1510
f 1457/1724/1722 1456/1723/1721 2032/1725/1723
f 1457/1724/1722 1458/1726/1724 1235/1512/1511
f 1458/1726/1724 1237/1513/1512 1235/1512/1511
f 1458/1726/1724 1457/1724/1722 2033/1727/1725
f 1458/1726/1724 1459/1728/1726 1237/1513/1512
f 1459/1728/1726 1239/1514/1513 1237/1513/1512
f 1459/1728/1726 1458/1726/1724 2034/1729/1727
f 1459/1728/1726 1460/1730/1728 1239/1514/1513
f 1460/1730/1728 1461/1515/1514 1239/1514/1513
f 1460/1730/1728 1459/1728/1726 2035/1731/1729
f 1461/1515/1514 1460/1730/1728 2036/1732/1730
f 1462/1516/1515 1461/1515/1514 2037/1733/1731
f 1463/1517/1516 1464/1519/1518 1242/1518/1517
f 1463/1517/1516 1462/1516/1515 2038/1734/1732
f 1464/1519/1518 1466/1520/1519 1243/1283/1282
f 1464/1519/1518 1463/1517/1516 2039/1735/1733
f 1464/1519/1518 2039/1735/1733 1465/1736/1734
f 1464/1519/1518 1465/1736/1734 1466/1520/1519
f 1466/1520/1519 1468/1521/1520 1244/1286/1285
f 1466/1520/1519 1465/1736/1734 1467/1737/1735
f 1466/1520/1519 1467/1737/1735 1468/1521/1520
f 1468/1521/1520 1470/1522/1521 1245/1289/1288
f 1468/1521/1520 1467/1737/1735 1469/1738/1736
f 1468/1521/1520 1469/1738/1736 1470/1522/1521
f 1470/1522/1521 1472/1523/1522 1246/1292/1291
f 1470/1522/1521 1469/1738/1736 1471/1739/1737
f 1470/1522/1521 1471/1739/1737 1472/1523/1522
f 1472/1523/1522 1474/1524/1523 1247/1293/1292
f 1472/1523/1522 1471/1739/1737 1473/1740/1738
f 1472/1523/1522 1473/1740/1738 1474/1524/1523
f 1474/1524/1523 1473/1740/1738 1475/1741/1739
f 1474/1524/1523 1475/1741/1739 1249/1525/1524
f 1249/1525/1524 1475/1741/1739 1476/1742/1740
f 1249/1525/1524 1476/1742/1740 1251/1526/1525
f 1251/1526/1525 1476/1742/1740 1477/1743/1741
f 1251/1526/1525 1477/1743/1741 1253/1527/1526
f 1253/1527/1526 1477/1743/1741 1478/1744/1742
f 1253/1527/1526 1478/1744/1742 1255/1528/1527
f 1255/1528/1527 1478/1744/1742 2040/1745/1743
f 1255/1528/1527 2040/1745/1743 1257/1529/1528
f 1257/1529/1528 2040/1745/1743 1479/1746/1744
f 1257/1529/1528 1479/1746/1744 1260/1530/1529
f 1479/1746/1744 1480/1747/1745 1260/1530/1529
f 1480/1747/1745 1261/1531/1530 1260/1530/1529
f 1480/1747/1745 1481/1748/1746 1261/1531/1530
f 1481/1748/1746 1482/1532/1531 1261/1531/1530
f 1482/1532/1531 1481/1748/1746 1485/1749/1747
f 1482/1532/1531 1485/1749/1747 1483/1533/1532
f 1483/1533/1532 1485/1749/1747 1484/1534/1533
f 1484/1534/1533 1486/1750/1748 1265/1535/1534
f 1265/1535/1534 1486/1750/1748 1487/1537/1536
f 1487/1537/1536 1266/1536/1535 1265/1535/1534
f 1268/1538/1537 1267/1328/1327 1487/1537/1536
f 1268/1538/1537 1487/1537/1536 1488/1751/1749
f 1268/1538/1537 1488/1751/1749 1489/1539/1538
f 1489/1539/1538 1488/1751/1749 1490/1752/1750
f 1490/1752/1750 1051/1331/1330 1489/1539/1538
f 1490/1752/1750 1269/358/358 1051/1331/1330
f 1490/1752/1750 1491/1753/1751 1269/358/358
f 1491/1753/1751 1492/1754/1752 1270/359/359
f 1491/1753/1751 1270/359/359 1269/358/358
f 1492/1754/1752 1271/1540/1539 1270/359/359
f 1492/1754/1752 1491/1753/1751 1493/1755/1753
f 1492/1754/1752 1493/1755/1753 1272/1541/1540
f 1492/1754/1752 1272/1541/1540 1271/1540/1539
f 1493/1755/1753 1494/1756/1754 1272/1541/1540
f 1494/1756/1754 1495/1757/1755 1272/1541/1540
f 1495/1757/1755 1494/1756/1754 1892/1758/1756
f 1495/1757/1755 1273/1542/1541 1272/1541/1540
f 1495/1757/1755 1496/1759/1757 1274/1543/1542
f 1495/1757/1755 1274/1543/1542 1273/1542/1541
f 1496/1759/1757 1497/1544/1543 1274/1543/1542
f 1497/1544/1543 1496/1759/1757 1498/1760/1758
f 1497/1544/1543 1498/1760/1758 1499/1761/1759
f 1497/1544/1543 1062/1340/1339 1274/1543/1542
f 1499/1761/1759 1500/1762/1760 1275/1545/1544
f 1499/1761/1759 1275/1545/1544 1497/1544/1543
f 1500/1762/1760 1276/1546/1545 1275/1545/1544
f 1276/1546/1545 1500/1762/1760 1501/1763/1761
f 1276/1546/1545 1501/1763/1761 1277/1547/1546
f 1277/1547/1546 1501/1763/1761 1502/1764/1762
f 1277/1547/1546 1502/1764/1762 1278/1549/1548
f 1278/1549/1548 1502/1764/1762 1503/1765/1763
f 1278/1549/1548 1503/1765/1763 1280/1550/1549
f 1503/1765/1763 1504/1766/1764 1280/1550/1549
f 1504/1766/1764 1281/1551/1550 1280/1550/1549
f 1504/1766/1764 1282/1553/1552 1281/1551/1550
f 1282/1553/1552 1504/1766/1764 1505/1767/1765
f 1282/1553/1552 1505/1767/1765 1506/1768/1766
f 1282/1553/1552 1506/1768/1766 1284/1554/1553
f 1506/1768/1766 1507/1769/1767 1508/1555/1554
f 1506/1768/1766 1508/1555/1554 1284/1554/1553
f 1508/1555/1554 1507/1769/1767 1509/1770/1768
f 1508/1555/1554 1509/1770/1768 1286/1556/1555
f 1286/1556/1555 1509/1770/1768 1510/1557/1556
f 1510/1557/1556 1287/1350/1349 1286/1556/1555
f 1510/1557/1556 2080/1771/1769 1288/1558/1557
f 1288/1558/1557 2080/1771/1769 1511/1772/1770
f 1288/1558/1557 1511/1772/1770 1289/1352/1351
f 1289/1352/1351 1511/1772/1770 1290/1559/1558
f 1290/1559/1558 1511/1772/1770 1512/1773/1771
f 1512/1773/1771 1513/1774/1772 1290/1559/1558
f 1513/1774/1772 1291/1560/1559 1290/1559/1558
f 1513/1774/1772 1514/1775/1773 1291/1560/1559
f 1514/1775/1773 1513/1774/1772 1515/1776/1774
f 1514/1775/1773 1293/1562/1561 1291/1560/1559
f 1514/1775/1773 1515/1776/1774 1516/1777/1775
f 1514/1775/1773 1516/1777/1775 1293/1562/1561
f 1516/1777/1775 1515/1776/1774 2088/1778/1776
f 1516/1777/1775 1294/1563/1562 1293/1562/1561
f 1294/1563/1562 1516/1777/1775 1517/1779/1777
f 1294/1563/1562 1517/1779/1777 1295/1564/1563
f 1517/1779/1777 1296/1565/1564 1295/1564/1563
f 1517/1779/1777 1518/1780/1778 1296/1565/1564
f 1518/1780/1778 1519/1781/1779 1297/1566/1565
f 1518/1780/1778 1297/1566/1565 1296/1565/1564
f 1519/1781/1779 1521/1569/1568 1299/1568/1567
f 1519/1781/1779 1299/1568/1567 1297/1566/1565
f 1519/1781/1779 1520/1782/1780 1523/1783/1781
f 1519/1781/1779 1523/1783/1781 1521/1569/1568
f 1521/1569/1568 1523/1783/1781 1522/1784/1782
f 1521/1569/1568 1522/1784/1782 1301/1570/1569
f 1522/1784/1782 1524/1785/1783 1301/1570/1569
f 1524/1785/1783 1525/1786/1784 1302/1571/1570
f 1524/1785/1783 1302/1571/1570 1301/1570/1569
f 1525/1786/1784 1526/1787/1785 1302/1571/1570
f 1526/1787/1785 1527/1788/1786 1303/1365/1364
f 1526/1787/1785 1303/1365/1364 1302/1571/1570
f 1527/1788/1786 1528/1573/1572 1304/1572/1571
f 1527/1788/1786 1304/1572/1571 1303/1365/1364
f 1528/1573/1572 1527/1788/1786 2097/1789/1787
f 1528/1573/1572 1306/1574/1573 1088/1366/1365
f 1306/1574/1573 1528/1573/1572 2098/1790/1788
f 1306/1574/1573 2098/1790/1788 1529/1791/1789
f 1529/1791/1789 1530/1577/1576 1091/1368/1367
f 1529/1791/1789 1091/1368/1367 1306/1574/1573
f 1530/1577/1576 1529/1791/1789 1531/1792/1790
f 1530/1577/1576 1307/1575/1574 1091/1368/1367
f 1530/1577/1576 1531/1792/1790 1533/1793/1791
f 1530/1577/1576 1533/1793/1791 1532/1794/1792
f 1530/1577/1576 1532/1794/1792 1308/1576/1575
f 1532/1794/1792 1310/1578/1577 1308/1576/1575
f 1310/1578/1577 1532/1794/1792 1534/1795/1793
f 1310/1578/1577 1534/1795/1793 1535/1796/1794
f 1310/1578/1577 1535/1796/1794 1313/1581/1580
f 1310/1578/1577 1313/1581/1580 1311/1579/1578
f 1535/1796/1794 1534/1795/1793 1536/1797/1795
f 1535/1796/1794 1537/1583/1582 1313/1581/1580
f 1537/1583/1582 1535/1796/1794 2107/1798/1796
f 1537/1583/1582 2107/1798/1796 2109/1799/1797
f 1537/1583/1582 2109/1799/1797 1538/1800/1798
f 1537/1583/1582 1538/1800/1798 1314/1582/1581
f 1538/1800/1798 1539/1585/1584 1315/1584/1583
f 1538/1800/1798 1315/1584/1583 1314/1582/1581
f 1539/1585/1584 1538/1800/1798 2110/1801/1799
f 1539/1585/1584 2110/1801/1799 1540/1802/1800
f 1539/1585/1584 1540/1802/1800 1316/1586/1585
f 1316/1586/1585 1540/1802/1800 2111/1803/1801
f 1316/1586/1585 2111/1803/1801 1541/1588/1587
f 1316/1586/1585 1541/1588/1587 1317/1587/1586
f 1541/1588/1587 2111/1803/1801 5/6/6
f 1541/1588/1587 5/6/6 3/1/1
f 1541/1588/1587 3/1/1 1542/1589/1588
f 1542/1589/1588 3/1/1 2/4/4
f 1542/1589/1588 2/4/4 1543/1590/1589
f 1543/1590/1589 2/4/4 2188/1804/1802
f 1543/1590/1589 2188/1804/1802 1544/1591/1590
f 1544/1591/1590 2188/1804/1802 2187/1805/1803
f 1544/1591/1590 2187/1805/1803 1545/1593/1592
f 1545/1593/1592 2187/1805/1803 2190/1806/1804
f 1545/1593/1592 2190/1806/1804 1323/1594/1593
f 1323/1594/1593 2190/1806/1804 1546/1807/1805
f 1546/1807/1805 2191/1808/1806 1547/1595/1594
f 1546/1807/1805 1547/1595/1594 1323/1594/1593
f 1547/1595/1594 2191/1808/1806 2192/1809/1807
f 1547/1595/1594 2192/1809/1807 1548/1596/1595
f 1548/1596/1595 2192/1809/1807 2193/1810/1808
f 1548/1596/1595 2193/1810/1808 1549/1811/1809
f 1548/1596/1595 1549/1811/1809 1327/1597/1596
f 1549/1811/1809 2193/1810/1808 1550/1812/1810
f 1549/1811/1809 1550/1812/1810 1552/1813/1811
f 1549/1811/1809 1552/1813/1811 1551/1599/1598
f 1549/1811/1809 1551/1599/1598 1327/1597/1596
f 1551/1599/1598 1552/1813/1811 1553/1814/1812
f 1551/1599/1598 1328/1598/1597 1327/1597/1596
f 1551/1599/1598 1553/1814/1812 1555/1815/1813
f 1551/1599/1598 1555/1815/1813 1554/1816/1814
f 1551/1599/1598 1554/1816/1814 1330/1600/1599
f 1554/1816/1814 1556/1817/1815 1332/1601/1600
f 1554/1816/1814 1332/1601/1600 1330/1600/1599
f 1556/1817/1815 1557/1818/1816 1333/1602/1601
f 1556/1817/1815 1333/1602/1601 1332/1601/1600
f 1557/1818/1816 1558/1819/1817 1334/1603/1602
f 1557/1818/1816 1334/1603/1602 1333/1602/1601
f 1558/1819/1817 1559/1820/1818 1335/1604/1603
f 1558/1819/1817 1335/1604/1603 1334/1603/1602
f 1559/1820/1818 1560/1821/1819 1336/1605/1604
f 1559/1820/1818 1336/1605/1604 1335/1604/1603
f 1560/1821/1819 1561/1822/1820 1337/1606/1605
f 1560/1821/1819 1337/1606/1605 1336/1605/1604
f 1561/1822/1820 1562/1608/1607 1338/1607/1606
f 1561/1822/1820 1338/1607/1606 1337/1606/1605
f 1562/1608/1607 1561/1822/1820 2205/1823/1821
f 1562/1608/1607 2205/1823/1821 1564/1824/1822
f 1562/1608/1607 1564/1824/1822 1563/1611/1610
f 1562/1608/1607 1563/1611/1610 1341/1609/1608
f 1563/1611/1610 1564/1824/1822 1566/1825/1823
f 1563/1611/1610 1566/1825/1823 1565/1826/1824
f 1565/1826/1824 1566/1825/1823 1567/1827/1825
f 1565/1826/1824 1567/1827/1825 1568/1828/1826
f 1565/1826/1824 1568/1828/1826 1344/1612/1611
f 1565/1826/1824 1344/1612/1611 1563/1611/1610
f 1568/1828/1826 1567/1827/1825 1569/1829/1827
f 1568/1828/1826 1569/1829/1827 1570/1617/1616
f 1568/1828/1826 1570/1617/1616 1346/1613/1612
f 1568/1828/1826 1346/1613/1612 1344/1612/1611
f 1573/1830/1828 1571/1831/1829 1574/1832/1830
f 1573/1830/1828 1574/1832/1830 1572/1833/1831
f 1570/1617/1616 1347/1615/1614 1346/1613/1612
f 1572/1833/1831 1574/1832/1830 1576/1834/1832
f 1572/1833/1831 1576/1834/1832 1575/1835/1833
f 1572/1833/1831 1575/1835/1833 1350/1620/1619
f 1572/1833/1831 1350/1620/1619 1573/1830/1828
f 1575/1835/1833 1576/1834/1832 1577/1836/1834
f 1575/1835/1833 1577/1836/1834 1578/1837/1835
f 1575/1835/1833 1578/1837/1835 1353/1621/1620
f 1575/1835/1833 1353/1621/1620 1350/1620/1619
f 1578/1837/1835 1579/1838/1836 1355/1623/1622
f 1578/1837/1835 1355/1623/1622 1353/1621/1620
f 1579/1838/1836 1578/1837/1835 2221/1839/1837
f 1579/1838/1836 2221/1839/1837 2222/1840/1838
f 1579/1838/1836 2222/1840/1838 1580/1625/1624
f 1579/1838/1836 1580/1625/1624 1355/1623/1622
f 1580/1625/1624 2222/1840/1838 2224/1841/1839
f 1580/1625/1624 2224/1841/1839 1581/1629/1628
f 1580/1625/1624 1581/1629/1628 1358/1627/1626
f 1581/1629/1628 2224/1841/1839 2226/1842/1840
f 1581/1629/1628 1357/1628/1627 1358/1627/1626
f 1581/1629/1628 2226/1842/1840 1582/1843/1841
f 1581/1629/1628 1582/1843/1841 1359/1630/1629
f 1582/1843/1841 1583/1844/1842 1360/1631/1630
f 1582/1843/1841 1360/1631/1630 1359/1630/1629
f 1360/1631/1630 1583/1844/1842 1584/1632/1631
f 1584/1632/1631 1583/1844/1842 2230/1845/1843
f 1584/1632/1631 2230/1845/1843 1585/1846/1844
f 1585/1846/1844 1363/1633/1632 1584/1632/1631
f 1585/1846/1844 2232/1847/1845 1586/1848/1846
f 1585/1846/1844 1586/1848/1846 1365/1634/1633
f 1585/1846/1844 1365/1634/1633 1363/1633/1632
f 1586/1848/1846 1367/1635/1634 1365/1634/1633
f 1367/1635/1634 1586/1848/1846 1587/1849/1847
f 1367/1635/1634 1587/1849/1847 1588/1850/1848
f 1588/1850/1848 1589/1636/1635 1367/1635/1634
f 1589/1636/1635 1588/1850/1848 2234/1851/1849
f 1589/1636/1635 2234/1851/1849 1591/1852/1850
f 1589/1636/1635 1591/1852/1850 1590/1637/1636
f 1590/1637/1636 1591/1852/1850 1594/1853/1851
f 1590/1637/1636 1594/1853/1851 1592/1638/1637
f 1592/1638/1637 1594/1853/1851 1593/1639/1638
f 1593/1639/1638 1594/1853/1851 1597/1854/1852
f 1593/1639/1638 1597/1854/1852 1595/1640/1639
f 1595/1640/1639 1597/1854/1852 1596/1641/1424
f 1596/1641/1424 1597/1854/1852 1599/1855/1853
f 1596/1641/1424 1599/1855/1853 1598/1642/1640
f 1598/1642/1640 1599/1855/1853 2240/1856/1854
f 1598/1642/1640 2240/1856/1854 1373/1643/1641
f 1373/1643/1641 2240/1856/1854 2241/1857/1855
f 1373/1643/1641 2241/1857/1855 1374/1644/1642
f 1374/1644/1642 2241/1857/1855 2243/1858/1856
f 1374/1644/1642 2243/1858/1856 1375/1645/1643
f 1375/1645/1643 2243/1858/1856 2245/1859/1857
f 1375/1645/1643 2245/1859/1857 1376/1646/1644
f 1376/1646/1644 2245/1859/1857 2247/1860/1858
f 1376/1646/1644 2247/1860/1858 1377/1647/1645
f 1377/1647/1645 2247/1860/1858 1600/1861/1859
f 1600/1861/1859 1601/1862/1860 1378/1648/1646
f 1600/1861/1859 1378/1648/1646 1377/1647/1645
f 1601/1862/1860 1602/1863/1861 1378/1648/1646
f 1602/1863/1861 1379/1649/1647 1378/1648/1646
f 1602/1863/1861 2251/1864/1862 1603/1865/1863
f 1602/1863/1861 1603/1865/1863 1379/1649/1647
f 1603/1865/1863 2251/1864/1862 1604/1866/1864
f 1603/1865/1863 1380/1650/1648 1379/1649/1647
f 1603/1865/1863 1604/1866/1864 2255/1867/1865
f 1603/1865/1863 2255/1867/1865 1381/1651/1649
f 1603/1865/1863 1381/1651/1649 1380/1650/1648
f 2255/1867/1865 1605/1652/1650 1381/1651/1649
f 1605/1652/1650 1607/1868/1866 1384/1654/1652
f 1605/1652/1650 1384/1654/1652 1383/1653/1651
f 1384/1654/1652 1607/1868/1866 1606/1655/1653
f 1384/1654/1652 1606/1655/1653 1385/1444/1443
f 1606/1655/1653 2256/1869/1867 1386/1656/1654
f 2256/1869/1867 1389/1657/1655 1387/1445/1444
f 2256/1869/1867 1387/1445/1444 1386/1656/1654
f 1389/1657/1655 2256/1869/1867 2257/1870/1868
f 2479/1658/1656 2480/1871/1869 1608/1872/1870
f 2479/1658/1656 1608/1872/1870 1390/1659/1657
f 1390/1659/1657 1608/1872/1870 1609/1873/1871
f 1609/1873/1871 1391/1449/1448 1390/1659/1657
f 1609/1873/1871 2483/1874/1872 1392/1660/1658
f 1609/1873/1871 1392/1660/1658 1391/1449/1448
f 1392/1660/1658 2483/1874/1872 2484/1875/1873
f 1392/1660/1658 2484/1875/1873 1610/1661/1659
f 1610/1661/1659 2484/1875/1873 2485/1876/1874
f 1610/1661/1659 2485/1876/1874 1611/1662/1660
f 1611/1662/1660 2485/1876/1874 2486/1877/1875
f 1611/1662/1660 2486/1877/1875 1612/1663/1661
f 1612/1663/1661 2486/1877/1875 2488/1878/1876
f 1612/1663/1661 2488/1878/1876 1395/1665/1663
f 1395/1665/1663 2488/1878/1876 1613/1879/1877
f 1395/1665/1663 1613/1879/1877 1397/1666/1664
f 1397/1666/1664 1613/1879/1877 2490/1880/1878
f 1397/1666/1664 2490/1880/1878 1614/1668/1666
f 1614/1668/1666 2490/1880/1878 1615/1881/1879
f 1614/1668/1666 1615/1881/1879 1616/1882/1880
f 1616/1882/1880 1617/1669/1667 1398/1667/1665
f 1616/1882/1880 1398/1667/1665 1614/1668/1666
f 1617/1669/1667 1616/1882/1880 1618/1883/1881
f 1617/1669/1667 1618/1883/1881 1619/1884/1882
f 1617/1669/1667 1619/1884/1882 1400/1671/1669
f 1617/1669/1667 1400/1671/1669 1399/1670/1668
f 1619/1884/1882 1618/1883/1881 1620/1885/1883
f 1619/1884/1882 1620/1885/1883 1621/1886/1884
f 1619/1884/1882 1621/1886/1884 1401/1672/1670
f 1619/1884/1882 1401/1672/1670 1400/1671/1669
f 1621/1886/1884 1620/1885/1883 40/74/74
f 1621/1886/1884 40/74/74 42/79/79
f 1621/1886/1884 42/79/79 1403/341/341
f 1621/1886/1884 1403/341/341 1401/1672/1670
f 1620/1885/1883 1622/1887/1885 41/75/75
f 1620/1885/1883 41/75/75 40/74/74
f 1622/1887/1885 1623/1888/1886 1625/1889/1887
f 1622/1887/1885 1625/1889/1887 41/75/75
f 1625/1889/1887 1623/1888/1886 1624/1890/1888
f 1625/1889/1887 1624/1890/1888 1626/1891/1889
f 1625/1889/1887 1626/1891/1889 1627/1892/1890
f 1625/1889/1887 1627/1892/1890 1628/76/76
f 1625/1889/1887 1628/76/76 41/75/75
f 1627/1892/1890 1626/1891/1889 2500/1893/1891
f 1628/76/76 1630/1894/1892 39/77/77
f 1628/76/76 1627/1892/1890 2501/1895/1893
f 1628/76/76 2501/1895/1893 2502/1896/1894
f 1628/76/76 2502/1896/1894 1629/1897/1895
f 1628/76/76 1629/1897/1895 1630/1894/1892
f 1629/1897/1895 1631/1898/1896 1630/1894/1892
f 1629/1897/1895 1976/1899/1897 1631/1898/1896
f 1629/1897/1895 1632/1900/1898 1633/1901/1899
f 1629/1897/1895 1633/1901/1899 1976/1899/1897
f 1633/1901/1899 1634/1902/1900 1976/1899/1897
f 1633/1901/1899 1632/1900/1898 2504/1903/1901
f 1633/1901/1899 2504/1903/1901 1635/1904/1902
f 1633/1901/1899 1635/1904/1902 1636/1905/1903
f 1633/1901/1899 1636/1905/1903 1634/1902/1900
f 1636/1905/1903 1637/1906/1904 1634/1902/1900
f 1637/1906/1904 1636/1905/1903 1638/1907/1905
f 1637/1906/1904 1638/1907/1905 1639/1908/1906
f 1637/1906/1904 1639/1908/1906 1973/1909/1907
f 1639/1908/1906 1638/1907/1905 2508/1910/1908
f 1639/1908/1906 2508/1910/1908 1640/1911/1909
f 1640/1911/1909 1642/1912/1910 1972/1913/1911
f 1640/1911/1909 1972/1913/1911 1639/1908/1906
f 1640/1911/1909 2510/1914/1912 1641/118/118
f 1640/1911/1909 1641/118/118 1642/1912/1910
f 1642/1912/1910 1641/118/118 59/117/117
f 1642/1912/1910 1644/1915/1913 1643/1916/1914
f 1642/1912/1910 1643/1916/1914 1972/1913/1911
f 1644/1915/1913 1642/1912/1910 59/117/117
f 1644/1915/1913 59/117/117 1645/271/271
f 1644/1915/1913 1645/271/271 138/270/270
f 1645/271/271 1646/116/116 1647/1917/1915
f 1645/271/271 59/117/117 1646/116/116
f 1647/1917/1915 1783/1918/1916 1648/272/272
f 1647/1917/1915 1648/272/272 1645/271/271
f 1647/1917/1915 1646/116/116 1649/1919/1917
f 1649/1919/1917 1646/116/116 60/115/115
f 1649/1919/1917 60/115/115 1651/1920/1918
f 1651/1920/1918 1652/1921/1919 1650/1922/1920
f 1651/1920/1918 1650/1922/1920 1649/1919/1917
f 1652/1921/1919 1651/1920/1918 4391/1923/1921
f 1652/1921/1919 4391/1923/1921 1655/1924/1922
f 1652/1921/1919 1655/1924/1922 1656/1925/1923
f 1652/1921/1919 1656/1925/1923 1653/1926/1924
f 1656/1925/1923 1654/1927/1925 1653/1926/1924
f 1656/1925/1923 1657/1928/1926 1654/1927/1925
f 1657/1928/1926 1656/1925/1923 4389/1929/1927
f 1657/1928/1926 4389/1929/1927 1659/1930/1928
f 1657/1928/1926 1659/1930/1928 1658/1931/1929
f 1658/1931/1929 1659/1930/1928 4388/1932/1930
f 1658/1931/1929 4388/1932/1930 1660/1933/1931
f 1660/1933/1931 4388/1932/1930 1662/1934/1932
f 1660/1933/1931 1662/1934/1932 1663/1935/1933
f 1663/1935/1933 1661/1936/1934 1660/1933/1931
f 1663/1935/1933 1664/1937/1935 1661/1936/1934
f 1664/1937/1935 1663/1935/1933 4385/1938/1936
f 1664/1937/1935 4385/1938/1936 1667/1939/1937
f 1664/1937/1935 1667/1939/1937 1666/1940/1938
f 1666/1940/1938 1667/1939/1937 1670/1941/1939
f 1666/1940/1938 1670/1941/1939 1669/1942/1940
f 1666/1940/1938 1669/1942/1940 1665/1943/1941
f 1669/1942/1940 1670/1941/1939 1671/1944/1942
f 1669/1942/1940 1671/1944/1942 1672/1945/1943
f 1669/1942/1940 1672/1945/1943 1668/1946/1944
f 1672/1945/1943 1765/1947/1945 1673/1948/1946
f 1672/1945/1943 1673/1948/1946 1668/1946/1944
f 1672/1945/1943 1671/1944/1942 1674/1949/1947
f 1672/1945/1943 1674/1949/1947 1675/1950/1948
f 1672/1945/1943 1675/1950/1948 1676/1951/1949
f 1672/1945/1943 1676/1951/1949 1765/1947/1945
f 1676/1951/1949 1677/1952/1950 1678/1953/1951
f 1676/1951/1949 1678/1953/1951 1765/1947/1945
f 1679/1954/1952 1680/1955/1953 1681/1956/1954
f 1679/1954/1952 1681/1956/1954 1682/1957/1955
f 1679/1954/1952 1682/1957/1955 1677/1952/1950
f 1682/1957/1955 1683/1958/1956 1762/1959/1957
f 1682/1957/1955 1762/1959/1957 1677/1952/1950
f 1682/1957/1955 1681/1956/1954 1684/1960/1958
f 1682/1957/1955 1684/1960/1958 1685/1961/1959
f 1682/1957/1955 1685/1961/1959 1683/1958/1956
f 1685/1961/1959 1688/1962/1960 1683/1958/1956
f 1685/1961/1959 1686/1963/1961 1687/1964/1962
f 1685/1961/1959 1687/1964/1962 1688/1962/1960
f 1687/1964/1962 1760/1965/1963 1688/1962/1960
f 1687/1964/1962 1689/1966/1964 1760/1965/1963
f 1689/1966/1964 1759/1967/1965 1760/1965/1963
f 1689/1966/1964 4376/1968/1966 1690/1969/1967
f 1689/1966/1964 1690/1969/1967 1759/1967/1965
f 1690/1969/1967 1758/1970/1968 1759/1967/1965
f 1690/1969/1967 4375/1971/1969 1691/1972/1970
f 1690/1969/1967 1691/1972/1970 1758/1970/1968
f 1691/1972/1970 1693/1973/1971 1758/1970/1968
f 1691/1972/1970 1694/1974/1972 1692/1975/1973
f 1691/1972/1970 1692/1975/1973 1693/1973/1971
f 1692/1975/1973 1694/1974/1972 1695/1976/1974
f 1695/1976/1974 1756/1977/1975 1692/1975/1973
f 1695/1976/1974 1694/1974/1972 4372/1978/1976
f 1695/1976/1974 1697/1979/1977 1754/1980/1978
f 1695/1976/1974 4371/1981/1979 1696/1982/1980
f 1695/1976/1974 1696/1982/1980 1697/1979/1977
f 1696/1982/1980 4370/1983/1981 1698/1984/1982
f 1696/1982/1980 1698/1984/1982 1697/1979/1977
f 1698/1984/1982 1700/1985/1983 1697/1979/1977
f 1698/1984/1982 4369/1986/1984 1699/1987/1985
f 1698/1984/1982 1699/1987/1985 1700/1985/1983
f 1699/1987/1985 1701/1988/1986 1700/1985/1983
f 1701/1988/1986 1702/1989/1987 1700/1985/1983
f 1701/1988/1986 1703/1990/1988 1702/1989/1987
f 1703/1990/1988 1701/1988/1986 1704/1991/1989
f 1703/1990/1988 1705/1992/1990 1702/1989/1987
f 1703/1990/1988 1704/1991/1989 1706/1993/1991
f 1703/1990/1988 1706/1993/1991 1705/1992/1990
f 1706/1993/1991 1704/1991/1989 1707/1994/1992
f 1706/1993/1991 1708/1995/1993 1705/1992/1990
f 1706/1993/1991 1707/1994/1992 1710/1996/1994
f 1706/1993/1991 1710/1996/1994 1708/1995/1993
f 1710/1996/1994 1707/1994/1992 1709/1997/1995
f 1710/1996/1994 1709/1997/1995 1711/1998/1996
f 1710/1996/1994 1711/1998/1996 1746/1999/1997
f 1711/1998/1996 1745/2000/1998 1746/1999/1997
f 1711/1998/1996 1709/1997/1995 2562/2001/1999
f 1711/1998/1996 1744/2002/2000 1745/2000/1998
f 1711/1998/1996 1713/2003/2001 1744/2002/2000
f 1713/2003/2001 1712/2004/2002 1744/2002/2000
f 1712/2004/2002 1713/2003/2001 4362/2005/2003
f 1712/2004/2002 4362/2005/2003 1716/2006/2004
f 1712/2004/2002 1716/2006/2004 1714/2007/2005
f 1714/2007/2005 1716/2006/2004 1715/2008/2006
f 1715/2008/2006 1716/2006/2004 1718/2009/2007
f 1718/2009/2007 1717/2010/2008 1715/2008/2006
f 1717/2010/2008 1718/2009/2007 1721/2011/2009
f 1717/2010/2008 1721/2011/2009 1719/2012/2010
f 1719/2012/2010 1720/2013/2011 1717/2010/2008
f 1719/2012/2010 1723/2014/2012 1722/2015/2013
f 1719/2012/2010 1722/2015/2013 1720/2013/2011
f 1722/2015/2013 1735/2016/2014 1720/2013/2011
f 1722/2015/2013 1723/2014/2012 1724/2017/2015
f 1724/2017/2015 1726/2018/2016 1722/2015/2013
f 1724/2017/2015 1725/2019/2017 1726/2018/2016
f 1725/2019/2017 1724/2017/2015 4358/2020/2018
f 1725/2019/2017 4358/2020/2018 1728/2021/2019
f 1725/2019/2017 1727/2022/2020 1733/2023/2021
f 1725/2019/2017 1728/2021/2019 1727/2022/2020
f 1727/2022/2020 1731/2024/2022 1733/2023/2021
f 1727/2022/2020 1728/2021/2019 1729/2025/2023
f 1727/2022/2020 1729/2025/2023 1731/2024/2022
f 1731/2024/2022 1729/2025/2023 1730/2026/2024
f 1731/2024/2022 1730/2026/2024 2580/2027/2025
f 1731/2024/2022 2580/2027/2025 1732/2028/2026
f 1731/2024/2022 1732/2028/2026 1733/2023/2021
f 1732/2028/2026 2582/2029/2027 1734/2030/2028
f 1732/2028/2026 1734/2030/2028 1733/2023/2021
f 1733/2023/2021 1734/2030/2028 2585/2031/2029
f 1733/2023/2021 2585/2031/2029 1726/2018/2016
f 1733/2023/2021 1726/2018/2016 1725/2019/2017
f 1726/2018/2016 2585/2031/2029 1736/2032/2030
f 1726/2018/2016 1736/2032/2030 1735/2016/2014
f 1735/2016/2014 1722/2015/2013 1726/2018/2016
f 1735/2016/2014 1736/2032/2030 1737/2033/2031
f 1735/2016/2014 1737/2033/2031 1720/2013/2011
f 1737/2033/2031 1738/2034/2032 1720/2013/2011
f 1738/2034/2032 1739/2035/2033 1717/2010/2008
f 1738/2034/2032 1717/2010/2008 1720/2013/2011
f 1739/2035/2033 1740/2036/2034 1717/2010/2008
f 1740/2036/2034 1741/2037/2035 1715/2008/2006
f 1740/2036/2034 1715/2008/2006 1717/2010/2008
f 1741/2037/2035 1742/2038/2036 1743/2039/2037
f 1741/2037/2035 1743/2039/2037 1714/2007/2005
f 1741/2037/2035 1714/2007/2005 1715/2008/2006
f 1743/2039/2037 1712/2004/2002 1714/2007/2005
f 1743/2039/2037 1742/2038/2036 2595/2040/2038
f 1743/2039/2037 2595/2040/2038 1744/2002/2000
f 1743/2039/2037 1744/2002/2000 1712/2004/2002
f 1744/2002/2000 2595/2040/2038 2596/2041/2039
f 1744/2002/2000 2596/2041/2039 1745/2000/1998
f 1745/2000/1998 2596/2041/2039 1747/2042/2040
f 1745/2000/1998 1747/2042/2040 1746/1999/1997
f 1746/1999/1997 1747/2042/2040 1708/1995/1993
f 1708/1995/1993 1710/1996/1994 1746/1999/1997
f 1708/1995/1993 2600/2043/2041 1748/2044/2042
f 1708/1995/1993 1748/2044/2042 1705/1992/1990
f 1748/2044/2042 2600/2043/2041 2602/2045/2043
f 1748/2044/2042 2602/2045/2043 1749/2046/2044
f 1748/2044/2042 1749/2046/2044 1750/2047/2045
f 1748/2044/2042 1750/2047/2045 1702/1989/1987
f 1748/2044/2042 1702/1989/1987 1705/1992/1990
f 1750/2047/2045 1749/2046/2044 1751/2048/2046
f 1750/2047/2045 1751/2048/2046 1752/2049/2047
f 1750/2047/2045 1752/2049/2047 1700/1985/1983
f 1750/2047/2045 1700/1985/1983 1702/1989/1987
f 1752/2049/2047 1751/2048/2046 1753/2050/2048
f 1752/2049/2047 1753/2050/2048 1697/1979/1977
f 1752/2049/2047 1697/1979/1977 1700/1985/1983
f 1753/2050/2048 1755/2051/2049 1754/1980/1978
f 1753/2050/2048 1754/1980/1978 1697/1979/1977
f 1754/1980/1978 1755/2051/2049 1756/1977/1975
f 1756/1977/1975 1755/2051/2049 1757/2052/2050
f 1756/1977/1975 1695/1976/1974 1754/1980/1978
f 1757/2052/2050 2609/2053/2051 1758/1970/1968
f 1757/2052/2050 1758/1970/1968 1693/1973/1971
f 1757/2052/2050 1693/1973/1971 1692/1975/1973
f 1757/2052/2050 1692/1975/1973 1756/1977/1975
f 1758/1970/1968 2611/2054/2052 1759/1967/1965
f 1759/1967/1965 2613/2055/2053 1760/1965/1963
f 2615/2056/2054 1761/2057/2055 1683/1958/1956
f 2615/2056/2054 1683/1958/1956 1688/1962/1960
f 2615/2056/2054 1688/1962/1960 1760/1965/1963
f 1683/1958/1956 1761/2057/2055 2616/2058/2056
f 1683/1958/1956 2616/2058/2056 1762/1959/1957
f 1762/1959/1957 2616/2058/2056 2617/2059/2057
f 1762/1959/1957 2617/2059/2057 1763/2060/2058
f 1763/2060/2058 1764/2061/2059 1765/1947/1945
f 1763/2060/2058 1765/1947/1945 1678/1953/1951
f 1763/2060/2058 1678/1953/1951 1677/1952/1950
f 1763/2060/2058 1677/1952/1950 1762/1959/1957
f 1765/1947/1945 1764/2061/2059 2619/2062/2060
f 1765/1947/1945 2619/2062/2060 1766/2063/2061
f 1765/1947/1945 1766/2063/2061 1767/2064/2062
f 1765/1947/1945 1767/2064/2062 1673/1948/1946
f 1767/2064/2062 1768/2065/2063 1769/2066/2064
f 1767/2064/2062 1769/2066/2064 1669/1942/1940
f 1767/2064/2062 1669/1942/1940 1668/1946/1944
f 1767/2064/2062 1668/1946/1944 1673/1948/1946
f 1769/2066/2064 1770/2067/2065 1771/2068/2066
f 1769/2066/2064 1771/2068/2066 1666/1940/1938
f 1769/2066/2064 1666/1940/1938 1665/1943/1941
f 1769/2066/2064 1665/1943/1941 1669/1942/1940
f 1771/2068/2066 1772/2069/2067 1773/2070/2068
f 1771/2068/2066 1773/2070/2068 1664/1937/1935
f 1771/2068/2066 1664/1937/1935 1666/1940/1938
f 1773/2070/2068 1774/2071/2069 1775/2072/2070
f 1773/2070/2068 1775/2072/2070 1661/1936/1934
f 1773/2070/2068 1661/1936/1934 1664/1937/1935
f 1775/2072/2070 1776/2073/2071 1777/2074/2072
f 1775/2072/2070 1777/2074/2072 1660/1933/1931
f 1775/2072/2070 1660/1933/1931 1661/1936/1934
f 1777/2074/2072 1778/2075/2073 1658/1931/1929
f 1777/2074/2072 1658/1931/1929 1660/1933/1931
f 1778/2075/2073 1779/2076/2074 1657/1928/1926
f 1778/2075/2073 1657/1928/1926 1658/1931/1929
f 1779/2076/2074 1780/2077/2075 1654/1927/1925
f 1779/2076/2074 1654/1927/1925 1657/1928/1926
f 1780/2077/2075 1781/2078/2076 1653/1926/1924
f 1780/2077/2075 1653/1926/1924 1654/1927/1925
f 1781/2078/2076 2629/2079/2077 1650/1922/1920
f 1781/2078/2076 1650/1922/1920 1652/1921/1919
f 1781/2078/2076 1652/1921/1919 1653/1926/1924
f 1650/1922/1920 1782/2080/2078 1783/1918/1916
f 1650/1922/1920 1783/1918/1916 1649/1919/1917
f 1783/1918/1916 1782/2080/2078 2631/2081/2079
f 1783/1918/1916 2631/2081/2079 1784/178/178
f 1783/1918/1916 1647/1917/1915 1649/1919/1917
f 1784/178/178 1648/272/272 1783/1918/1916
f 1784/178/178 91/177/177 138/270/270
f 1784/178/178 138/270/270 1648/272/272
f 1784/178/178 2631/2081/2079 2632/2082/2080
f 1784/178/178 2632/2082/2080 1785/175/175
f 1785/175/175 2632/2082/2080 1786/2083/2081
f 1785/175/175 1786/2083/2081 1787/2084/2082
f 1787/2084/2082 90/176/176 1785/175/175
f 1787/2084/2082 1789/47/47 1788/328/328
f 1787/2084/2082 1788/328/328 90/176/176
f 1788/328/328 164/323/323 90/176/176
f 1789/47/47 2636/2085/2083 22/48/48
f 1789/47/47 4679/324/324 1788/328/328
f 1790/2086/2084 1966/2087/2085 22/48/48
f 1790/2086/2084 1791/2088/2086 1964/2089/2087
f 1964/2089/2087 1791/2088/2086 1792/2090/2088
f 1793/2091/2089 1961/2092/2090 1794/2093/2091
f 1793/2091/2089 2641/2094/2092 1795/2095/2093
f 1793/2091/2089 1795/2095/2093 1961/2092/2090
f 1795/2095/2093 2641/2094/2092 2642/2096/2094
f 1795/2095/2093 2642/2096/2094 1796/2097/2095
f 1796/2097/2095 2642/2096/2094 2643/2098/2096
f 1796/2097/2095 2643/2098/2096 1797/2099/2097
f 1797/2099/2097 1799/2100/2098 1959/2101/2099
f 1797/2099/2097 1959/2101/2099 1796/2097/2095
f 1797/2099/2097 1798/2102/2100 1799/2100/2098
f 1799/2100/2098 1798/2102/2100 1800/2103/2101
f 1800/2103/2101 1802/2104/2102 1958/2105/2103
f 1800/2103/2101 1958/2105/2103 1799/2100/2098
f 1800/2103/2101 1801/2106/2104 1802/2104/2102
f 1801/2106/2104 1803/2107/2105 1804/2108/2106
f 1804/2108/2106 1805/2109/2107 1957/2110/2108
f 1804/2108/2106 2648/2111/2109 1805/2109/2107
f 1805/2109/2107 2648/2111/2109 2650/2112/2110
f 2650/2112/2110 1806/2113/2111 1954/2114/2112
f 2650/2112/2110 1954/2114/2112 1805/2109/2107
f 2650/2112/2110 2651/2115/2113 1806/2113/2111
f 1806/2113/2111 2651/2115/2113 1807/2116/2114
f 1806/2113/2111 1807/2116/2114 1809/2117/2115
f 1806/2113/2111 1809/2117/2115 1952/2118/2116
f 1809/2117/2115 1808/2119/2117 1952/2118/2116
f 1809/2117/2115 1810/2120/2118 1808/2119/2117
f 1810/2120/2118 1809/2117/2115 1811/2121/2119
f 1811/2121/2119 1950/2122/2120 1810/2120/2118
f 1811/2121/2119 2656/2123/2121 1950/2122/2120
f 2656/2123/2121 1812/2124/2122 1950/2122/2120
f 2656/2123/2121 2658/2125/2123 1812/2124/2122
f 1812/2124/2122 2658/2125/2123 2659/2126/2124
f 1812/2124/2122 2659/2126/2124 1813/2127/2125
f 1813/2127/2125 1814/2128/2126 1948/2129/2127
f 1813/2127/2125 1948/2129/2127 1812/2124/2122
f 1813/2127/2125 2662/2130/2128 1814/2128/2126
f 1814/2128/2126 2662/2130/2128 1815/2131/2129
f 1815/2131/2129 1816/2132/2130 1947/2133/2131
f 1815/2131/2129 1947/2133/2131 1814/2128/2126
f 1815/2131/2129 2665/2134/2132 1816/2132/2130
f 1816/2132/2130 2665/2134/2132 1818/2135/2133
f 1816/2132/2130 1818/2135/2133 1817/2136/2134
f 1818/2135/2133 1819/2137/2135 1817/2136/2134
f 1819/2137/2135 1818/2135/2133 2669/2138/2136
f 1819/2137/2135 2669/2138/2136 1820/2139/2137
f 1820/2139/2137 1823/2140/2138 1819/2137/2135
f 1820/2139/2137 2669/2138/2136 1821/2141/2139
f 1820/2139/2137 1821/2141/2139 1822/2142/2140
f 1822/2142/2140 1823/2140/2138 1820/2139/2137
f 1822/2142/2140 1821/2141/2139 1824/2143/2141
f 1822/2142/2140 1824/2143/2141 1825/2144/2142
f 1825/2144/2142 1940/2145/2143 1822/2142/2140
f 1825/2144/2142 1824/2143/2141 1826/2146/2144
f 1825/2144/2142 1826/2146/2144 1827/2147/2145
f 1827/2147/2145 1938/2148/2146 1825/2144/2142
f 1827/2147/2145 1826/2146/2144 1828/2149/2147
f 1828/2149/2147 1830/2150/2148 1936/2151/2149
f 1828/2149/2147 1936/2151/2149 1827/2147/2145
f 1828/2149/2147 1829/2152/2150 1830/2150/2148
f 1829/2152/2150 1832/2153/2151 1830/2150/2148
f 1829/2152/2150 1831/2154/2152 1835/2155/2153
f 1829/2152/2150 1835/2155/2153 1832/2153/2151
f 1835/2155/2153 1831/2154/2152 2678/2156/2154
f 1835/2155/2153 2678/2156/2154 1833/2157/2155
f 1833/2157/2155 1834/2158/2156 1835/2155/2153
f 1833/2157/2155 1836/2159/2157 1837/2160/2158
f 1833/2157/2155 1837/2160/2158 1834/2158/2156
f 1837/2160/2158 1836/2159/2157 2681/2161/2159
f 1837/2160/2158 2681/2161/2159 1838/2162/2160
f 1839/2163/2161 1842/2164/2162 1929/2165/2163
f 1839/2163/2161 1929/2165/2163 1838/2162/2160
f 1839/2163/2161 1840/2166/2164 1841/2167/2165
f 1839/2163/2161 1841/2167/2165 1842/2164/2162
f 1841/2167/2165 1840/2166/2164 2685/2168/2166
f 1841/2167/2165 2685/2168/2166 1843/2169/2167
f 1843/2169/2167 1845/2170/2168 1926/2171/2169
f 1843/2169/2167 1926/2171/2169 1841/2167/2165
f 1843/2169/2167 2686/2172/2170 1844/2173/2171
f 1843/2169/2167 1844/2173/2171 1845/2170/2168
f 1844/2173/2171 2686/2172/2170 2689/2174/2172
f 1844/2173/2171 2689/2174/2172 1847/2175/2173
f 1847/2175/2173 1846/2176/2174 1844/2173/2171
f 1847/2175/2173 2692/2177/2175 1846/2176/2174
f 2692/2177/2175 1848/2178/2176 1846/2176/2174
f 2692/2177/2175 1850/2179/2177 1848/2178/2176
f 1850/2179/2177 1849/2180/2178 1848/2178/2176
f 1850/2179/2177 2692/2177/2175 2694/2181/2179
f 1850/2179/2177 1852/2182/2180 1849/2180/2178
f 1852/2182/2180 1851/2183/2181 1849/2180/2178
f 1852/2182/2180 1850/2179/2177 2695/2184/2182
f 1852/2182/2180 1853/2185/2183 1851/2183/2181
f 1853/2185/2183 1852/2182/2180 2697/2186/2184
f 1854/2187/2185 1855/2188/2186 1918/2189/2187
f 1854/2187/2185 1918/2189/2187 1853/2185/2183
f 1854/2187/2185 1853/2185/2183 2699/2190/2188
f 1855/2188/2186 1856/2191/2189 1916/2192/2190
f 1855/2188/2186 1854/2187/2185 2701/2193/2191
f 1855/2188/2186 2701/2193/2191 1857/2194/2192
f 1855/2188/2186 1857/2194/2192 1856/2191/2189
f 1856/2191/2189 1857/2194/2192 1859/2195/2193
f 1856/2191/2189 1859/2195/2193 1858/2196/2194
f 1858/2196/2194 1859/2195/2193 1862/2197/2195
f 1858/2196/2194 1862/2197/2195 1860/2198/2196
f 1860/2198/2196 1862/2197/2195 2706/2199/2197
f 1860/2198/2196 2706/2199/2197 1861/2200/2198
f 1861/2200/2198 2706/2199/2197 2708/2201/2199
f 1861/2200/2198 2708/2201/2199 1863/2202/2200
f 1863/2202/2200 2708/2201/2199 1866/2203/2201
f 1863/2202/2200 1866/2203/2201 1864/2204/2202
f 1864/2204/2202 1866/2203/2201 1868/2205/2203
f 1864/2204/2202 1868/2205/2203 1865/2206/2204
f 1865/2206/2204 1868/2205/2203 1870/2207/2205
f 1865/2206/2204 1870/2207/2205 1867/2208/2206
f 1867/2208/2206 1870/2207/2205 1872/2209/2207
f 1867/2208/2206 1872/2209/2207 1869/2210/2208
f 1869/2210/2208 1872/2209/2207 1874/2211/2209
f 1869/2210/2208 1874/2211/2209 1871/2212/2210
f 1871/2212/2210 1874/2211/2209 1876/2213/2211
f 1871/2212/2210 1876/2213/2211 1873/2214/2212
f 1873/2214/2212 1876/2213/2211 1878/2215/2213
f 1873/2214/2212 1878/2215/2213 1875/2216/2214
f 1875/2216/2214 1878/2215/2213 1880/2217/2215
f 1875/2216/2214 1880/2217/2215 1877/2218/2216
f 1877/2218/2216 1880/2217/2215 1882/2219/2217
f 1877/2218/2216 1882/2219/2217 1879/2220/2218
f 1879/2220/2218 1882/2219/2217 1883/2221/2219
f 1879/2220/2218 1883/2221/2219 1881/2222/2220
f 1881/2222/2220 1883/2221/2219 1885/2223/2221
f 1885/2223/2221 1884/2224/2222 1881/2222/2220
f 1885/2223/2221 1886/2225/2223 1884/2224/2222
f 1886/2225/2223 1887/2226/2224 1884/2224/2222
f 1887/2226/2224 1899/2227/2225 1884/2224/2222
f 1887/2226/2224 1898/2228/2226 1899/2227/2225
f 1887/2226/2224 2074/2229/2227 1888/2230/2228
f 1887/2226/2224 1888/2230/2228 1898/2228/2226
f 1888/2230/2228 1896/2231/2229 1898/2228/2226
f 1888/2230/2228 1889/2232/2230 1896/2231/2229
f 1888/2230/2228 1890/2233/2231 1889/2232/2230
f 1890/2233/2231 1891/2234/2232 1889/2232/2230
f 1891/2234/2232 1893/2235/2233 1889/2232/2230
f 1891/2234/2232 112/2236/2234 1893/2235/2233
f 1891/2234/2232 1892/1758/1756 112/2236/2234
f 1892/1758/1756 1494/1756/1754 112/2236/2234
f 1892/1758/1756 1891/2234/2232 1890/2233/2231
f 1892/1758/1756 1890/2233/2231 1495/1757/1755
f 1893/2235/2233 112/2236/2234 1488/1751/1749
f 1488/1751/1749 112/2236/2234 1894/2237/2235
f 1493/1755/1753 1894/2237/2235 112/2236/2234
f 1894/2237/2235 1490/1752/1750 1488/1751/1749
f 1894/2237/2235 1493/1755/1753 1491/1753/1751
f 1894/2237/2235 1491/1753/1751 1490/1752/1750
f 1488/1751/1749 1487/1537/1536 1893/2235/2233
f 1893/2235/2233 1487/1537/1536 1486/1750/1748
f 1486/1750/1748 1895/2238/2236 1893/2235/2233
f 1895/2238/2236 1889/2232/2230 1893/2235/2233
f 1895/2238/2236 2043/2239/2237 1897/2240/2238
f 1895/2238/2236 1897/2240/2238 1896/2231/2229
f 1895/2238/2236 1896/2231/2229 1889/2232/2230
f 1896/2231/2229 1897/2240/2238 1898/2228/2226
f 1898/2228/2226 1897/2240/2238 2042/2241/2239
f 1898/2228/2226 2042/2241/2239 1899/2227/2225
f 1899/2227/2225 2042/2241/2239 2041/2242/2240
f 1899/2227/2225 2041/2242/2240 1900/2243/2241
f 1900/2243/2241 1884/2224/2222 1899/2227/2225
f 1884/2224/2222 1900/2243/2241 1901/2244/2242
f 1901/2244/2242 1902/2245/2243 1881/2222/2220
f 1901/2244/2242 1881/2222/2220 1884/2224/2222
f 1902/2245/2243 1903/2246/2244 1881/2222/2220
f 1903/2246/2244 1904/2247/2245 1879/2220/2218
f 1903/2246/2244 1879/2220/2218 1881/2222/2220
f 1904/2247/2245 1905/2248/2246 1877/2218/2216
f 1904/2247/2245 1877/2218/2216 1879/2220/2218
f 1905/2248/2246 1906/2249/2247 1875/2216/2214
f 1905/2248/2246 1875/2216/2214 1877/2218/2216
f 1906/2249/2247 1907/2250/2248 1873/2214/2212
f 1906/2249/2247 1873/2214/2212 1875/2216/2214
f 1907/2250/2248 1908/2251/2249 1871/2212/2210
f 1907/2250/2248 1871/2212/2210 1873/2214/2212
f 1908/2251/2249 1909/2252/2250 1869/2210/2208
f 1908/2251/2249 1869/2210/2208 1871/2212/2210
f 1909/2252/2250 1910/2253/2251 1867/2208/2206
f 1909/2252/2250 1867/2208/2206 1869/2210/2208
f 1910/2253/2251 1911/2254/2252 1865/2206/2204
f 1910/2253/2251 1865/2206/2204 1867/2208/2206
f 1911/2254/2252 1912/2255/2253 1864/2204/2202
f 1911/2254/2252 1864/2204/2202 1865/2206/2204
f 1912/2255/2253 1913/2256/2254 1863/2202/2200
f 1912/2255/2253 1863/2202/2200 1864/2204/2202
f 1913/2256/2254 1914/2257/2255 1861/2200/2198
f 1913/2256/2254 1861/2200/2198 1863/2202/2200
f 1914/2257/2255 1915/2258/2256 1858/2196/2194
f 1914/2257/2255 1858/2196/2194 1860/2198/2196
f 1914/2257/2255 1860/2198/2196 1861/2200/2198
f 1915/2258/2256 1917/2259/2257 1856/2191/2189
f 1915/2258/2256 1856/2191/2189 1858/2196/2194
f 1917/2259/2257 1916/2192/2190 1856/2191/2189
f 1916/2192/2190 1917/2259/2257 1919/2260/2258
f 1916/2192/2190 1919/2260/2258 1918/2189/2187
f 1916/2192/2190 1918/2189/2187 1855/2188/2186
f 1918/2189/2187 1919/2260/2258 1920/2261/2259
f 1918/2189/2187 1920/2261/2259 1921/2262/2260
f 1918/2189/2187 1921/2262/2260 1853/2185/2183
f 1921/2262/2260 1922/2263/2261 1851/2183/2181
f 1921/2262/2260 1851/2183/2181 1853/2185/2183
f 1922/2263/2261 1921/2262/2260 2031/2264/2262
f 1922/2263/2261 1923/2265/2263 1849/2180/2178
f 1922/2263/2261 1849/2180/2178 1851/2183/2181
f 1923/2265/2263 1922/2263/2261 2030/2266/2264
f 1923/2265/2263 1924/2267/2265 1848/2178/2176
f 1923/2265/2263 1848/2178/2176 1849/2180/2178
f 1924/2267/2265 1923/2265/2263 2029/2268/2266
f 1924/2267/2265 1925/2269/2267 1846/2176/2174
f 1924/2267/2265 1846/2176/2174 1848/2178/2176
f 1925/2269/2267 1924/2267/2265 2028/2270/2268
f 1925/2269/2267 1926/2171/2169 1845/2170/2168
f 1925/2269/2267 1845/2170/2168 1844/2173/2171
f 1925/2269/2267 1844/2173/2171 1846/2176/2174
f 1926/2171/2169 1925/2269/2267 2027/2271/2269
f 1926/2171/2169 2027/2271/2269 1927/2272/2270
f 1927/2272/2270 1928/2273/2271 1929/2165/2163
f 1927/2272/2270 1929/2165/2163 1842/2164/2162
f 1927/2272/2270 1842/2164/2162 1841/2167/2165
f 1927/2272/2270 1841/2167/2165 1926/2171/2169
f 1929/2165/2163 1928/2273/2271 2026/2274/2272
f 1929/2165/2163 2026/2274/2272 1930/2275/2273
f 1930/2275/2273 1931/2276/2274 1834/2158/2156
f 1930/2275/2273 1834/2158/2156 1837/2160/2158
f 1930/2275/2273 1837/2160/2158 1838/2162/2160
f 1930/2275/2273 1838/2162/2160 1929/2165/2163
f 1834/2158/2156 1931/2276/2274 2024/2277/2275
f 1834/2158/2156 2024/2277/2275 1932/2278/2276
f 1932/2278/2276 2023/2279/2277 1933/2280/2278
f 1932/2278/2276 1933/2280/2278 1835/2155/2153
f 1932/2278/2276 1835/2155/2153 1834/2158/2156
f 1933/2280/2278 2023/2279/2277 1934/2281/2279
f 1933/2280/2278 1934/2281/2279 1832/2153/2151
f 1933/2280/2278 1832/2153/2151 1835/2155/2153
f 1934/2281/2279 1935/2282/2280 1936/2151/2149
f 1934/2281/2279 1936/2151/2149 1830/2150/2148
f 1934/2281/2279 1830/2150/2148 1832/2153/2151
f 1936/2151/2149 1935/2282/2280 1937/2283/2281
f 1936/2151/2149 1937/2283/2281 1938/2148/2146
f 1938/2148/2146 1937/2283/2281 1939/2284/2282
f 1938/2148/2146 1939/2284/2282 1940/2145/2143
f 1938/2148/2146 1827/2147/2145 1936/2151/2149
f 1940/2145/2143 1939/2284/2282 2019/2285/2283
f 1940/2145/2143 2019/2285/2283 1941/2286/2284
f 1940/2145/2143 1825/2144/2142 1938/2148/2146
f 1941/2286/2284 2018/2287/2285 1942/2288/2286
f 1941/2286/2284 1942/2288/2286 1823/2140/2138
f 1941/2286/2284 1823/2140/2138 1822/2142/2140
f 1941/2286/2284 1822/2142/2140 1940/2145/2143
f 1823/2140/2138 1942/2288/2286 1943/2289/2287
f 1943/2289/2287 2017/2290/2288 1944/2291/2289
f 1943/2289/2287 1944/2291/2289 1819/2137/2135
f 1943/2289/2287 1819/2137/2135 1823/2140/2138
f 1944/2291/2289 2016/2292/2290 1945/2293/2291
f 1944/2291/2289 1945/2293/2291 1817/2136/2134
f 1944/2291/2289 1817/2136/2134 1819/2137/2135
f 1945/2293/2291 1947/2133/2131 1816/2132/2130
f 1945/2293/2291 1816/2132/2130 1817/2136/2134
f 1947/2133/2131 1945/2293/2291 1946/2294/2292
f 1947/2133/2131 1946/2294/2292 2011/2295/2293
f 1947/2133/2131 2011/2295/2293 1948/2129/2127
f 1947/2133/2131 1948/2129/2127 1814/2128/2126
f 1948/2129/2127 2011/2295/2293 2009/2296/2294
f 1948/2129/2127 2009/2296/2294 1949/2297/2295
f 1949/2297/2295 1950/2122/2120 1812/2124/2122
f 1949/2297/2295 1812/2124/2122 1948/2129/2127
f 1950/2122/2120 1949/2297/2295 2007/2298/2296
f 1950/2122/2120 2005/2299/2297 1808/2119/2117
f 1950/2122/2120 1808/2119/2117 1810/2120/2118
f 1808/2119/2117 2005/2299/2297 1951/2300/2298
f 1808/2119/2117 1951/2300/2298 1952/2118/2116
f 1952/2118/2116 1951/2300/2298 1953/2301/2299
f 1953/2301/2299 1955/2302/2300 1954/2114/2112
f 1953/2301/2299 1954/2114/2112 1806/2113/2111
f 1953/2301/2299 1806/2113/2111 1952/2118/2116
f 1954/2114/2112 1955/2302/2300 1956/2303/2301
f 1956/2303/2301 1957/2110/2108 1805/2109/2107
f 1956/2303/2301 1805/2109/2107 1954/2114/2112
f 1957/2110/2108 1956/2303/2301 2047/2304/2302
f 1957/2110/2108 2048/2305/2303 1802/2104/2102
f 1957/2110/2108 1802/2104/2102 1801/2106/2104
f 1957/2110/2108 1801/2106/2104 1804/2108/2106
f 1958/2105/2103 2051/2306/2304 1799/2100/2098
f 1799/2100/2098 2051/2306/2304 2053/2307/2305
f 1799/2100/2098 2053/2307/2305 1959/2101/2099
f 1959/2101/2099 2053/2307/2305 1960/2308/2306
f 1959/2101/2099 1960/2308/2306 1795/2095/2093
f 1795/2095/2093 1960/2308/2306 2055/2309/2307
f 1795/2095/2093 2055/2309/2307 1961/2092/2090
f 1795/2095/2093 1796/2097/2095 1959/2101/2099
f 1961/2092/2090 2055/2309/2307 1962/2310/2308
f 1962/2310/2308 1963/2311/2309 1794/2093/2091
f 1962/2310/2308 1794/2093/2091 1961/2092/2090
f 1963/2311/2309 2056/2312/2310 1964/2089/2087
f 1963/2311/2309 1964/2089/2087 1792/2090/2088
f 1963/2311/2309 1792/2090/2088 1794/2093/2091
f 1964/2089/2087 2056/2312/2310 2057/2313/2311
f 1964/2089/2087 2057/2313/2311 1790/2086/2084
f 1790/2086/2084 1965/2314/2312 1966/2087/2085
f 1966/2087/2085 1965/2314/2312 7/10/10
f 1966/2087/2085 7/10/10 22/48/48
f 1965/2314/2312 1790/2086/2084 2057/2313/2311
f 7/10/10 1965/2314/2312 2058/2315/2313
f 7/10/10 2058/2315/2313 1969/2316/2314
f 7/10/10 1969/2316/2314 1967/8/8
f 1967/8/8 1969/2316/2314 1968/326/326
f 1968/326/326 1969/2316/2314 1989/2317/2315
f 1968/326/326 1989/2317/2315 166/327/327
f 166/327/327 1970/2318/2316 164/323/323
f 1970/2318/2316 90/176/176 164/323/323
f 1970/2318/2316 1986/2319/2317 1971/2320/2318
f 1970/2318/2316 1971/2320/2318 89/174/174
f 1970/2318/2316 89/174/174 90/176/176
f 89/174/174 1971/2320/2318 1643/1916/1914
f 89/174/174 1643/1916/1914 91/177/177
f 1643/1916/1914 1644/1915/1913 138/270/270
f 1643/1916/1914 138/270/270 91/177/177
f 1971/2320/2318 1986/2319/2317 1985/2321/2319
f 1971/2320/2318 1985/2321/2319 1972/1913/1911
f 1971/2320/2318 1972/1913/1911 1643/1916/1914
f 1972/1913/1911 1985/2321/2319 1973/1909/1907
f 1972/1913/1911 1973/1909/1907 1639/1908/1906
f 1973/1909/1907 1985/2321/2319 1974/2322/2320
f 1974/2322/2320 1984/2323/2321 1975/2324/2322
f 1974/2322/2320 1975/2324/2322 1634/1902/1900
f 1974/2322/2320 1634/1902/1900 1637/1906/1904
f 1974/2322/2320 1637/1906/1904 1973/1909/1907
f 1975/2324/2322 1983/2325/2323 1976/1899/1897
f 1975/2324/2322 1976/1899/1897 1634/1902/1900
f 1976/1899/1897 1983/2325/2323 1977/2326/2324
f 1976/1899/1897 1977/2326/2324 1978/2327/2325
f 1976/1899/1897 1978/2327/2325 1631/1898/1896
f 1978/2327/2325 1977/2326/2324 1981/2328/2326
f 1978/2327/2325 39/77/77 1630/1894/1892
f 1978/2327/2325 1630/1894/1892 1631/1898/1896
f 1978/2327/2325 1981/2328/2326 1980/2329/2327
f 1978/2327/2325 1980/2329/2327 1979/78/78
f 1978/2327/2325 1979/78/78 39/77/77
f 1979/78/78 1980/2329/2327 172/342/342
f 1979/78/78 172/342/342 42/79/79
f 1981/2328/2326 1982/2330/2328 1991/2331/2329
f 1981/2328/2326 1991/2331/2329 1980/2329/2327
f 1981/2328/2326 1977/2326/2324 1983/2325/2323
f 1981/2328/2326 1983/2325/2323 1982/2330/2328
f 1984/2323/2321 1990/2332/2330 1983/2325/2323
f 1984/2323/2321 1983/2325/2323 1975/2324/2322
f 1984/2323/2321 1987/2333/2331 1988/2334/2332
f 1984/2323/2321 1974/2322/2320 1985/2321/2319
f 1984/2323/2321 1985/2321/2319 1987/2333/2331
f 1985/2321/2319 1986/2319/2317 1987/2333/2331
f 1987/2333/2331 1989/2317/2315 1988/2334/2332
f 1988/2334/2332 1989/2317/2315 1990/2332/2330
f 1990/2332/2330 1989/2317/2315 2059/2335/2333
f 1990/2332/2330 2059/2335/2333 1982/2330/2328
f 1990/2332/2330 1984/2323/2321 1988/2334/2332
f 1982/2330/2328 2059/2335/2333 2061/2336/2334
f 1982/2330/2328 2061/2336/2334 1991/2331/2329
f 1982/2330/2328 1983/2325/2323 1990/2332/2330
f 1991/2331/2329 2063/2337/2335 1992/344/344
f 1991/2331/2329 1992/344/344 172/342/342
f 1991/2331/2329 172/342/342 1980/2329/2327
f 1992/344/344 2063/2337/2335 2066/2338/2336
f 1992/344/344 2066/2338/2336 1993/345/345
f 1993/345/345 2066/2338/2336 1994/2339/2337
f 1994/2339/2337 2068/2340/2338 1995/181/181
f 1994/2339/2337 1995/181/181 173/343/343
f 1994/2339/2337 173/343/343 1993/345/345
f 1995/181/181 2068/2340/2338 2069/2341/2339
f 1995/181/181 2069/2341/2339 92/179/179
f 2069/2341/2339 2052/2342/2340 1996/2343/2341
f 2069/2341/2339 1996/2343/2341 92/179/179
f 1996/2343/2341 2072/1676/1674 92/179/179
f 1996/2343/2341 2050/2344/2342 2070/2345/2343
f 1996/2343/2341 2070/2345/2343 2072/1676/1674
f 1997/1678/1676 1998/1677/1675 2070/2345/2343
f 1997/1678/1676 1999/2346/2344 2000/1679/1677
f 2000/1679/1677 1999/2346/2344 2001/1680/1678
f 2001/1680/1678 1999/2346/2344 2045/2347/2345
f 2001/1680/1678 2045/2347/2345 2002/1681/1679
f 2002/1681/1679 2045/2347/2345 2044/2348/2346
f 2002/1681/1679 2044/2348/2346 2003/2349/2347
f 2002/1681/1679 2003/2349/2347 2004/1682/1680
f 2004/1682/1680 2003/2349/2347 1951/2300/2298
f 2004/1682/1680 1951/2300/2298 1413/1683/1681
f 1413/1683/1681 1951/2300/2298 2005/2299/2297
f 1413/1683/1681 2005/2299/2297 2006/2350/2348
f 2006/2350/2348 1415/1684/1682 1194/1470/1469
f 2006/2350/2348 1194/1470/1469 1413/1683/1681
f 1415/1684/1682 2007/2298/2296 2008/1685/1683
f 2008/1685/1683 2009/2296/2294 2010/1686/1684
f 2010/1686/1684 2011/2295/2293 2012/1687/1685
f 2012/1687/1685 1946/2294/2292 2013/1689/1687
f 2012/1687/1685 2013/1689/1687 1418/1688/1686
f 2013/1689/1687 1946/2294/2292 2014/2351/2349
f 2013/1689/1687 2014/2351/2349 2015/1690/1688
f 2015/1690/1688 2014/2351/2349 2016/2292/2290
f 2015/1690/1688 2016/2292/2290 1421/1692/1690
f 2016/2292/2290 1944/2291/2289 2017/2290/2288
f 2016/2292/2290 2017/2290/2288 1421/1692/1690
f 2017/2290/2288 1423/1480/1479 1421/1692/1690
f 2017/2290/2288 1943/2289/2287 1942/2288/2286
f 2017/2290/2288 1942/2288/2286 1423/1480/1479
f 1942/2288/2286 1424/1693/1691 1423/1480/1479
f 1942/2288/2286 2018/2287/2285 1424/1693/1691
f 2018/2287/2285 1426/1482/1481 1424/1693/1691
f 2018/2287/2285 1941/2286/2284 2019/2285/2283
f 2018/2287/2285 2019/2285/2283 1426/1482/1481
f 2019/2285/2283 1427/1694/1692 1426/1482/1481
f 2019/2285/2283 1939/2284/2282 2020/1695/1693
f 2019/2285/2283 2020/1695/1693 1427/1694/1692
f 2020/1695/1693 1939/2284/2282 1937/2283/2281
f 2020/1695/1693 1937/2283/2281 2021/1697/1695
f 2021/1697/1695 1428/1696/1694 2020/1695/1693
f 2021/1697/1695 1937/2283/2281 1935/2282/2280
f 2021/1697/1695 1935/2282/2280 2022/1698/1696
f 2022/1698/1696 1935/2282/2280 1934/2281/2279
f 2022/1698/1696 1934/2281/2279 1431/1700/1698
f 1431/1700/1698 1430/1699/1697 2022/1698/1696
f 1431/1700/1698 1934/2281/2279 2023/2279/2277
f 2023/2279/2277 1433/1702/1700 1431/1700/1698
f 2023/2279/2277 1932/2278/2276 2024/2277/2275
f 2023/2279/2277 2024/2277/2275 1433/1702/1700
f 2024/2277/2275 1437/1706/1704 1433/1702/1700
f 2024/2277/2275 1931/2276/2274 2025/2352/2350
f 2024/2277/2275 2025/2352/2350 1437/1706/1704
f 2025/2352/2350 1441/1710/1708 1438/1707/1705
f 2025/2352/2350 1438/1707/1705 1437/1706/1704
f 2025/2352/2350 1931/2276/2274 1930/2275/2273
f 2025/2352/2350 1930/2275/2273 2026/2274/2272
f 2025/2352/2350 2026/2274/2272 1441/1710/1708
f 2026/2274/2272 1444/1711/1709 1441/1710/1708
f 2026/2274/2272 1928/2273/2271 2027/2271/2269
f 2026/2274/2272 2027/2271/2269 1444/1711/1709
f 2027/2271/2269 1446/1715/1713 1444/1711/1709
f 2027/2271/2269 1928/2273/2271 1927/2272/2270
f 2027/2271/2269 2028/2270/2268 1446/1715/1713
f 2028/2270/2268 1448/1716/1714 1446/1715/1713
f 2028/2270/2268 2027/2271/2269 1925/2269/2267
f 2028/2270/2268 2029/2268/2266 1448/1716/1714
f 2029/2268/2266 1450/1719/1717 1448/1716/1714
f 2029/2268/2266 2028/2270/2268 1924/2267/2265
f 2029/2268/2266 2030/2266/2264 1450/1719/1717
f 2030/2266/2264 1452/1720/1718 1450/1719/1717
f 2030/2266/2264 2029/2268/2266 1923/2265/2263
f 2030/2266/2264 2031/2264/2262 1452/1720/1718
f 2031/2264/2262 1453/1721/1719 1452/1720/1718
f 2031/2264/2262 2030/2266/2264 1922/2263/2261
f 1453/1721/1719 2031/2264/2262 1921/2262/2260
f 1453/1721/1719 1921/2262/2260 1920/2261/2259
f 1453/1721/1719 1920/2261/2259 1455/1722/1720
f 1455/1722/1720 2032/1725/1723 1456/1723/1721
f 1455/1722/1720 1920/2261/2259 1919/2260/2258
f 1455/1722/1720 1919/2260/2258 2032/1725/1723
f 2032/1725/1723 2033/1727/1725 1457/1724/1722
f 2032/1725/1723 1919/2260/2258 1917/2259/2257
f 2032/1725/1723 1917/2259/2257 2033/1727/1725
f 2033/1727/1725 2034/1729/1727 1458/1726/1724
f 2033/1727/1725 1917/2259/2257 1915/2258/2256
f 2033/1727/1725 1915/2258/2256 2034/1729/1727
f 2034/1729/1727 2035/1731/1729 1459/1728/1726
f 2034/1729/1727 1915/2258/2256 1914/2257/2255
f 2034/1729/1727 1914/2257/2255 2035/1731/1729
f 2035/1731/1729 2036/1732/1730 1460/1730/1728
f 2035/1731/1729 1914/2257/2255 1913/2256/2254
f 2035/1731/1729 1913/2256/2254 2036/1732/1730
f 2036/1732/1730 2037/1733/1731 1461/1515/1514
f 2036/1732/1730 1913/2256/2254 1912/2255/2253
f 2036/1732/1730 1912/2255/2253 2037/1733/1731
f 2037/1733/1731 2038/1734/1732 1462/1516/1515
f 2037/1733/1731 1912/2255/2253 1911/2254/2252
f 2037/1733/1731 1911/2254/2252 2038/1734/1732
f 2038/1734/1732 2039/1735/1733 1463/1517/1516
f 2038/1734/1732 1911/2254/2252 1910/2253/2251
f 2038/1734/1732 1910/2253/2251 2039/1735/1733
f 2039/1735/1733 1910/2253/2251 1909/2252/2250
f 2039/1735/1733 1909/2252/2250 1465/1736/1734
f 1465/1736/1734 1909/2252/2250 1908/2251/2249
f 1465/1736/1734 1908/2251/2249 1467/1737/1735
f 1467/1737/1735 1908/2251/2249 1907/2250/2248
f 1467/1737/1735 1907/2250/2248 1469/1738/1736
f 1469/1738/1736 1907/2250/2248 1906/2249/2247
f 1469/1738/1736 1906/2249/2247 1471/1739/1737
f 1471/1739/1737 1906/2249/2247 1905/2248/2246
f 1471/1739/1737 1905/2248/2246 1473/1740/1738
f 1473/1740/1738 1905/2248/2246 1904/2247/2245
f 1473/1740/1738 1904/2247/2245 1475/1741/1739
f 1475/1741/1739 1904/2247/2245 1903/2246/2244
f 1475/1741/1739 1903/2246/2244 1476/1742/1740
f 1476/1742/1740 1903/2246/2244 1902/2245/2243
f 1476/1742/1740 1902/2245/2243 1477/1743/1741
f 1477/1743/1741 1902/2245/2243 1901/2244/2242
f 1477/1743/1741 1901/2244/2242 1478/1744/1742
f 1478/1744/1742 1901/2244/2242 2040/1745/1743
f 2040/1745/1743 1901/2244/2242 1900/2243/2241
f 2040/1745/1743 1900/2243/2241 1479/1746/1744
f 1479/1746/1744 1900/2243/2241 2041/2242/2240
f 2041/2242/2240 1480/1747/1745 1479/1746/1744
f 2041/2242/2240 2042/2241/2239 1480/1747/1745
f 2042/2241/2239 1481/1748/1746 1480/1747/1745
f 2042/2241/2239 1897/2240/2238 1481/1748/1746
f 1897/2240/2238 1485/1749/1747 1481/1748/1746
f 1897/2240/2238 2043/2239/2237 1485/1749/1747
f 2043/2239/2237 1486/1750/1748 1484/1534/1533
f 2043/2239/2237 1484/1534/1533 1485/1749/1747
f 2043/2239/2237 1895/2238/2236 1486/1750/1748
f 2016/2292/2290 2014/2351/2349 1945/2293/2291
f 2014/2351/2349 1946/2294/2292 1945/2293/2291
f 1946/2294/2292 2012/1687/1685 2011/2295/2293
f 2011/2295/2293 2010/1686/1684 2009/2296/2294
f 2009/2296/2294 2008/1685/1683 2007/2298/2296
f 2009/2296/2294 2007/2298/2296 1949/2297/2295
f 2007/2298/2296 1415/1684/1682 2006/2350/2348
f 2006/2350/2348 2005/2299/2297 1950/2122/2120
f 2006/2350/2348 1950/2122/2120 2007/2298/2296
f 1951/2300/2298 2003/2349/2347 1953/2301/2299
f 2003/2349/2347 2044/2348/2346 1955/2302/2300
f 2003/2349/2347 1955/2302/2300 1953/2301/2299
f 2044/2348/2346 2045/2347/2345 2046/2353/2351
f 2044/2348/2346 2046/2353/2351 1955/2302/2300
f 2046/2353/2351 2047/2304/2302 1956/2303/2301
f 2046/2353/2351 1956/2303/2301 1955/2302/2300
f 2047/2304/2302 2046/2353/2351 2071/2354/2352
f 2047/2304/2302 2071/2354/2352 2048/2305/2303
f 2048/2305/2303 2071/2354/2352 2049/2355/2353
f 2048/2305/2303 1957/2110/2108 2047/2304/2302
f 2049/2355/2353 2050/2344/2342 2051/2306/2304
f 2049/2355/2353 2051/2306/2304 1958/2105/2103
f 2049/2355/2353 1958/2105/2103 1802/2104/2102
f 2049/2355/2353 1802/2104/2102 2048/2305/2303
f 2051/2306/2304 2050/2344/2342 2052/2342/2340
f 2051/2306/2304 2052/2342/2340 2053/2307/2305
f 1960/2308/2306 2053/2307/2305 2054/2356/2354
f 1960/2308/2306 2054/2356/2354 2055/2309/2307
f 2055/2309/2307 2054/2356/2354 2067/2357/2355
f 2067/2357/2355 2065/2358/2356 1962/2310/2308
f 2067/2357/2355 1962/2310/2308 2055/2309/2307
f 2065/2358/2356 2064/2359/2357 2056/2312/2310
f 2065/2358/2356 2056/2312/2310 1963/2311/2309
f 2065/2358/2356 1963/2311/2309 1962/2310/2308
f 2056/2312/2310 2064/2359/2357 2062/2360/2358
f 2056/2312/2310 2062/2360/2358 2057/2313/2311
f 2057/2313/2311 2062/2360/2358 2058/2315/2313
f 2057/2313/2311 2058/2315/2313 1965/2314/2312
f 2058/2315/2313 2062/2360/2358 2060/2361/2359
f 2058/2315/2313 2060/2361/2359 2059/2335/2333
f 2058/2315/2313 2059/2335/2333 1969/2316/2314
f 1969/2316/2314 2059/2335/2333 1989/2317/2315
f 2060/2361/2359 2061/2336/2334 2059/2335/2333
f 2061/2336/2334 2060/2361/2359 2062/2360/2358
f 2061/2336/2334 2062/2360/2358 2063/2337/2335
f 2063/2337/2335 2064/2359/2357 2066/2338/2336
f 2063/2337/2335 1991/2331/2329 2061/2336/2334
f 2066/2338/2336 2064/2359/2357 2065/2358/2356
f 2066/2338/2336 2065/2358/2356 2067/2357/2355
f 2066/2338/2336 2067/2357/2355 2068/2340/2338
f 2068/2340/2338 1994/2339/2337 2066/2338/2336
f 2068/2340/2338 2067/2357/2355 2054/2356/2354
f 2068/2340/2338 2054/2356/2354 2069/2341/2339
f 2069/2341/2339 2053/2307/2305 2052/2342/2340
f 2050/2344/2342 1996/2343/2341 2052/2342/2340
f 2070/2345/2343 2050/2344/2342 2049/2355/2353
f 2070/2345/2343 2049/2355/2353 2071/2354/2352
f 2071/2354/2352 1999/2346/2344 1997/1678/1676
f 2071/2354/2352 1997/1678/1676 2070/2345/2343
f 1999/2346/2344 2071/2354/2352 2046/2353/2351
f 1999/2346/2344 2046/2353/2351 2045/2347/2345
f 2069/2341/2339 2054/2356/2354 2053/2307/2305
f 2064/2359/2357 2063/2337/2335 2062/2360/2358
f 1998/1677/1675 2072/1676/1674 2070/2345/2343
f 2073/180/180 173/343/343 1995/181/181
f 2072/1676/1674 1408/182/182 92/179/179
f 1989/2317/2315 1987/2333/2331 166/327/327
f 1987/2333/2331 1986/2319/2317 1970/2318/2316
f 1987/2333/2331 1970/2318/2316 166/327/327
f 1890/2233/2231 1496/1759/1757 1495/1757/1755
f 1890/2233/2231 1888/2230/2228 1498/1760/1758
f 1890/2233/2231 1498/1760/1758 1496/1759/1757
f 1888/2230/2228 2074/2229/2227 1499/1761/1759
f 1888/2230/2228 1499/1761/1759 1498/1760/1758
f 2074/2229/2227 1500/1762/1760 1499/1761/1759
f 2074/2229/2227 2721/2362/2360 1500/1762/1760
f 2721/2362/2360 2720/2363/2361 1501/1763/1761
f 2721/2362/2360 1501/1763/1761 1500/1762/1760
f 1501/1763/1761 2722/2364/2362 1502/1764/1762
f 1502/1764/1762 2722/2364/2362 2075/2365/2363
f 1502/1764/1762 2075/2365/2363 1503/1765/1763
f 2075/2365/2363 1504/1766/1764 1503/1765/1763
f 2075/2365/2363 2076/2366/2364 1505/1767/1765
f 2075/2365/2363 1505/1767/1765 1504/1766/1764
f 1505/1767/1765 2076/2366/2364 2727/2367/2365
f 1505/1767/1765 2727/2367/2365 2077/2368/2366
f 1505/1767/1765 2077/2368/2366 1506/1768/1766
f 2077/2368/2366 2728/2369/2367 2729/2370/2368
f 2077/2368/2366 2729/2370/2368 1507/1769/1767
f 2077/2368/2366 1507/1769/1767 1506/1768/1766
f 1507/1769/1767 2729/2370/2368 2078/2371/2369
f 1507/1769/1767 2078/2371/2369 1509/1770/1768
f 2078/2371/2369 2079/2372/2370 1510/1557/1556
f 2078/2371/2369 1510/1557/1556 1509/1770/1768
f 2079/2372/2370 2732/2373/2371 2080/1771/1769
f 2079/2372/2370 2080/1771/1769 1510/1557/1556
f 2080/1771/1769 2732/2373/2371 2733/2374/2372
f 2080/1771/1769 2733/2374/2372 1511/1772/1770
f 2733/2374/2372 2081/2375/2373 1512/1773/1771
f 2733/2374/2372 1512/1773/1771 1511/1772/1770
f 2081/2375/2373 2082/2376/2374 2083/2377/2375
f 2081/2375/2373 1513/1774/1772 1512/1773/1771
f 2081/2375/2373 2083/2377/2375 2084/2378/2376
f 2081/2375/2373 2084/2378/2376 1513/1774/1772
f 2084/2378/2376 2083/2377/2375 2086/2379/2377
f 2084/2378/2376 2086/2379/2377 1515/1776/1774
f 2084/2378/2376 1515/1776/1774 1513/1774/1772
f 2086/2379/2377 2083/2377/2375 2085/2380/2378
f 2086/2379/2377 2085/2380/2378 2087/2381/2379
f 2086/2379/2377 2087/2381/2379 2088/1778/1776
f 2086/2379/2377 2088/1778/1776 1515/1776/1774
f 2088/1778/1776 2087/2381/2379 2090/2382/2380
f 2088/1778/1776 2090/2382/2380 2089/2383/2381
f 2089/2383/2381 1517/1779/1777 1516/1777/1775
f 2089/2383/2381 1516/1777/1775 2088/1778/1776
f 2089/2383/2381 1520/1782/1780 1518/1780/1778
f 2089/2383/2381 1518/1780/1778 1517/1779/1777
f 1520/1782/1780 1519/1781/1779 1518/1780/1778
f 1520/1782/1780 2089/2383/2381 2090/2382/2380
f 1520/1782/1780 2090/2382/2380 2091/2384/2382
f 2091/2384/2382 2092/2385/2383 1523/1783/1781
f 2091/2384/2382 1523/1783/1781 1520/1782/1780
f 2092/2385/2383 2093/2386/2384 1523/1783/1781
f 2093/2386/2384 2094/2387/2385 1522/1784/1782
f 2093/2386/2384 1522/1784/1782 1523/1783/1781
f 2094/2387/2385 2095/2388/2386 1524/1785/1783
f 2094/2387/2385 1524/1785/1783 1522/1784/1782
f 2095/2388/2386 2096/2389/2387 1525/1786/1784
f 2095/2388/2386 1525/1786/1784 1524/1785/1783
f 2096/2389/2387 2097/1789/1787 1526/1787/1785
f 2096/2389/2387 1526/1787/1785 1525/1786/1784
f 2097/1789/1787 2096/2389/2387 2099/2390/2388
f 2097/1789/1787 1527/1788/1786 1526/1787/1785
f 2097/1789/1787 2099/2390/2388 2098/1790/1788
f 2097/1789/1787 2098/1790/1788 1528/1573/1572
f 2098/1790/1788 2099/2390/2388 2100/2391/2389
f 2098/1790/1788 2100/2391/2389 2101/2392/2390
f 2101/2392/2390 2102/2393/2391 1529/1791/1789
f 2101/2392/2390 1529/1791/1789 2098/1790/1788
f 2102/2393/2391 2103/2394/2392 1531/1792/1790
f 2102/2393/2391 1531/1792/1790 1529/1791/1789
f 2103/2394/2392 2102/2393/2391 2748/2395/2393
f 2103/2394/2392 2104/2396/2394 1533/1793/1791
f 2103/2394/2392 1533/1793/1791 1531/1792/1790
f 2104/2396/2394 1534/1795/1793 1532/1794/1792
f 2104/2396/2394 1532/1794/1792 1533/1793/1791
f 2104/2396/2394 2103/2394/2392 2105/2397/2395
f 2104/2396/2394 2105/2397/2395 2106/2398/2396
f 2104/2396/2394 2106/2398/2396 1534/1795/1793
f 2106/2398/2396 1536/1797/1795 1534/1795/1793
f 2106/2398/2396 2105/2397/2395 2754/2399/2397
f 2106/2398/2396 2754/2399/2397 2755/2400/2398
f 2106/2398/2396 2755/2400/2398 1536/1797/1795
f 2755/2400/2398 2107/1798/1796 1535/1796/1794
f 2755/2400/2398 1535/1796/1794 1536/1797/1795
f 2107/1798/1796 2755/2400/2398 2108/2401/2399
f 2107/1798/1796 2108/2401/2399 2109/1799/1797
f 2109/1799/1797 2110/1801/1799 1538/1800/1798
f 2110/1801/1799 2109/1799/1797 2756/2402/2400
f 2110/1801/1799 2756/2402/2400 2757/2403/2401
f 2110/1801/1799 2757/2403/2401 1540/1802/1800
f 2111/1803/1801 1540/1802/1800 2935/2404/2402
f 2111/1803/1801 2935/2404/2402 2112/2405/2403
f 2111/1803/1801 2112/2405/2403 5/6/6
f 2112/2405/2403 4/5/5 5/6/6
f 4/5/5 2113/2406/2404 2183/2/2
f 2113/2406/2404 2114/2407/2405 2183/2/2
f 2113/2406/2404 4/5/5 2758/2408/2406
f 2113/2406/2404 2758/2408/2406 2115/2409/2407
f 2113/2406/2404 2115/2409/2407 2114/2407/2405
f 2114/2407/2405 2115/2409/2407 2760/2410/2408
f 2114/2407/2405 2760/2410/2408 2117/2411/2409
f 2114/2407/2405 2117/2411/2409 2116/2412/2410
f 2116/2412/2410 2761/2413/2411 2180/2414/2412
f 2761/2413/2411 2119/2415/2413 2180/2414/2412
f 2761/2413/2411 2118/2416/2414 2119/2415/2413
f 2118/2416/2414 2120/2417/2415 2119/2415/2413
f 2118/2416/2414 2761/2413/2411 2940/2418/2416
f 2120/2417/2415 2118/2416/2414 2121/2419/2417
f 2120/2417/2415 2121/2419/2417 2763/2420/2418
f 2763/2420/2418 2123/2421/2419 2120/2417/2415
f 2123/2421/2419 2122/2422/2420 2175/2423/2421
f 2122/2422/2420 2174/2424/2422 2175/2423/2421
f 2122/2422/2420 2125/2425/2423 2174/2424/2422
f 2125/2425/2423 2124/2426/2424 2174/2424/2422
f 2124/2426/2424 2173/2427/2425 2174/2424/2422
f 2124/2426/2424 2126/2428/2426 2173/2427/2425
f 2126/2428/2426 2171/2429/2427 2173/2427/2425
f 2126/2428/2426 2124/2426/2424 2127/2430/2428
f 2126/2428/2426 2127/2430/2428 2770/2431/2429
f 2126/2428/2426 2770/2431/2429 2170/2432/2430
f 2770/2431/2429 2169/2433/2431 2170/2432/2430
f 2770/2431/2429 2128/2434/2432 2169/2433/2431
f 2128/2434/2432 2770/2431/2429 2771/2435/2433
f 2128/2434/2432 2771/2435/2433 2168/2436/2434
f 2771/2435/2433 2129/2437/2435 2168/2436/2434
f 2129/2437/2435 2167/2438/2436 2168/2436/2434
f 2129/2437/2435 2131/2439/2437 2167/2438/2436
f 2129/2437/2435 2130/2440/2438 2131/2439/2437
f 2130/2440/2438 2132/2441/2439 2131/2439/2437
f 2132/2441/2439 2130/2440/2438 2775/2442/2440
f 2132/2441/2439 2775/2442/2440 2133/148/148
f 2133/148/148 2165/2443/2441 2132/2441/2439
f 2133/148/148 2775/2442/2440 2134/2444/2442
f 2133/148/148 2134/2444/2442 74/146/146
f 2134/2444/2442 2135/2445/2443 2136/2446/2444
f 2134/2444/2442 2136/2446/2444 74/146/146
f 2136/2446/2444 2137/2447/2445 76/150/150
f 2136/2446/2444 76/150/150 74/146/146
f 2137/2447/2445 2138/2448/2446 76/150/150
f 2138/2448/2446 2137/2447/2445 2141/2449/2447
f 2138/2448/2446 94/187/187 2163/149/149
f 2138/2448/2446 2163/149/149 76/150/150
f 94/187/187 2138/2448/2446 2140/190/190
f 2138/2448/2446 2141/2449/2447 2140/190/190
f 2140/190/190 2156/2450/2448 2139/189/189
f 2140/190/190 2158/92/92 2156/2450/2448
f 2140/190/190 2141/2449/2447 2158/92/92
f 2158/92/92 2141/2449/2447 2142/93/93
f 2142/93/93 2141/2449/2447 2779/2451/2449
f 2142/93/93 2779/2451/2449 2143/2452/2450
f 2143/2452/2450 2144/2453/2451 48/91/91
f 2143/2452/2450 48/91/91 2142/93/93
f 2144/2453/2451 2145/2454/2452 49/94/94
f 2144/2453/2451 49/94/94 48/91/91
f 2145/2454/2452 2146/2455/2453 49/94/94
f 2146/2455/2453 2786/2456/2454 161/2457/2455
f 2146/2455/2453 161/2457/2455 49/94/94
f 161/2457/2455 2786/2456/2454 2147/2458/2456
f 2147/2458/2456 2148/2459/2457 162/317/317
f 2147/2458/2456 162/317/317 161/2457/2455
f 2148/2459/2457 2149/131/131 2151/2460/2458
f 2148/2459/2457 2151/2460/2458 158/315/315
f 2148/2459/2457 158/315/315 162/317/317
f 2151/2460/2458 2149/131/131 2150/192/192
f 2151/2460/2458 2150/192/192 31/61/61
f 2151/2460/2458 31/61/61 158/315/315
f 2150/192/192 2149/131/131 2152/130/130
f 2150/192/192 2152/130/130 2153/2461/2459
f 2153/2461/2459 2152/130/130 2380/2462/2460
f 2153/2461/2459 96/191/191 2150/192/192
f 2153/2461/2459 2380/2462/2460 2379/2463/2461
f 2153/2461/2459 2379/2463/2461 2154/193/193
f 2153/2461/2459 2154/193/193 96/191/191
f 2154/193/193 2155/2464/2462 30/62/62
f 2154/193/193 30/62/62 31/61/61
f 2155/2464/2462 2159/2465/2463 2157/2466/2464
f 2155/2464/2462 2157/2466/2464 2156/2450/2448
f 2155/2464/2462 2156/2450/2448 30/62/62
f 2156/2450/2448 2158/92/92 29/63/63
f 2156/2450/2448 29/63/63 30/62/62
f 2158/92/92 160/95/95 29/63/63
f 2157/2466/2464 2159/2465/2463 2160/2467/2465
f 2157/2466/2464 2160/2467/2465 2139/189/189
f 2157/2466/2464 2139/189/189 2156/2450/2448
f 2160/2467/2465 2159/2465/2463 4505/2468/2466
f 2160/2467/2465 4505/2468/2466 95/188/188
f 2160/2467/2465 95/188/188 2139/189/189
f 95/188/188 4505/2468/2466 2161/2469/2467
f 95/188/188 2161/2469/2467 2162/2470/2468
f 95/188/188 2162/2470/2468 2163/149/149
f 2163/149/149 2162/2470/2468 75/147/147
f 75/147/147 4507/2471/2469 2164/2472/2470
f 75/147/147 2164/2472/2470 2165/2443/2441
f 2165/2443/2441 2133/148/148 75/147/147
f 2165/2443/2441 2164/2472/2470 4509/2473/2471
f 2165/2443/2441 4509/2473/2471 2132/2441/2439
f 4509/2473/2471 2166/2474/2472 2131/2439/2437
f 4509/2473/2471 2131/2439/2437 2132/2441/2439
f 2166/2474/2472 2167/2438/2436 2131/2439/2437
f 2167/2438/2436 2166/2474/2472 4512/2475/2473
f 2167/2438/2436 4512/2475/2473 2168/2436/2434
f 2168/2436/2434 4512/2475/2473 4513/2476/2474
f 2168/2436/2434 4513/2476/2474 2169/2433/2431
f 2168/2436/2434 2169/2433/2431 2128/2434/2432
f 2169/2433/2431 4513/2476/2474 4516/2477/2475
f 2169/2433/2431 4516/2477/2475 4517/2478/2476
f 2169/2433/2431 4517/2478/2476 2170/2432/2430
f 2170/2432/2430 4517/2478/2476 2171/2429/2427
f 2170/2432/2430 2171/2429/2427 2126/2428/2426
f 2171/2429/2427 4517/2478/2476 4518/2479/2477
f 2171/2429/2427 4518/2479/2477 2172/2480/2478
f 2171/2429/2427 2172/2480/2478 2173/2427/2425
f 2173/2427/2425 2172/2480/2478 4520/2481/2479
f 2173/2427/2425 4520/2481/2479 2174/2424/2422
f 2174/2424/2422 4520/2481/2479 2176/2482/2480
f 2174/2424/2422 2176/2482/2480 2175/2423/2421
f 2175/2423/2421 2176/2482/2480 4521/2483/2481
f 2175/2423/2421 4521/2483/2481 2177/2484/2482
f 2175/2423/2421 2177/2484/2482 2123/2421/2419
f 2177/2484/2482 4521/2483/2481 4524/2485/2483
f 2177/2484/2482 4524/2485/2483 2178/2486/2484
f 2177/2484/2482 2178/2486/2484 2120/2417/2415
f 2177/2484/2482 2120/2417/2415 2123/2421/2419
f 2178/2486/2484 2119/2415/2413 2120/2417/2415
f 2178/2486/2484 4524/2485/2483 2179/2487/2485
f 2178/2486/2484 2179/2487/2485 2180/2414/2412
f 2178/2486/2484 2180/2414/2412 2119/2415/2413
f 2180/2414/2412 2181/2488/2486 2116/2412/2410
f 2181/2488/2486 2180/2414/2412 2182/2489/2487
f 2181/2488/2486 2114/2407/2405 2116/2412/2410
f 2181/2488/2486 2182/2489/2487 2184/2490/2488
f 2181/2488/2486 2184/2490/2488 2183/2/2
f 2181/2488/2486 2183/2/2 2114/2407/2405
f 2183/2/2 2184/2490/2488 2185/3/3
f 2185/3/3 2184/2490/2488 4528/2491/2489
f 2185/3/3 4528/2491/2489 2186/2492/2490
f 2186/2492/2490 2189/2493/2491 2187/1805/1803
f 2186/2492/2490 2187/1805/1803 2188/1804/1802
f 2186/2492/2490 2188/1804/1802 2/4/4
f 2186/2492/2490 2/4/4 2185/3/3
f 2187/1805/1803 2189/2493/2491 2190/1806/1804
f 2190/1806/1804 2189/2493/2491 4530/2494/2492
f 2190/1806/1804 4530/2494/2492 2191/1808/1806
f 2190/1806/1804 2191/1808/1806 1546/1807/1805
f 2191/1808/1806 4530/2494/2492 4532/2495/2493
f 2191/1808/1806 4532/2495/2493 2192/1809/1807
f 2192/1809/1807 4532/2495/2493 4533/2496/2494
f 2192/1809/1807 4533/2496/2494 2193/1810/1808
f 2193/1810/1808 4533/2496/2494 1550/1812/1810
f 1550/1812/1810 4533/2496/2494 4535/2497/2495
f 1550/1812/1810 4535/2497/2495 4536/2498/2496
f 1550/1812/1810 4536/2498/2496 2194/2499/2497
f 2194/2499/2497 4536/2498/2496 2332/2500/2498
f 2194/2499/2497 2195/2501/2499 1550/1812/1810
f 2195/2501/2499 2194/2499/2497 2330/2502/2500
f 2195/2501/2499 2196/2503/2501 1552/1813/1811
f 2195/2501/2499 1552/1813/1811 1550/1812/1810
f 2196/2503/2501 2195/2501/2499 2327/2504/2502
f 2196/2503/2501 2197/2505/2503 1553/1814/1812
f 2196/2503/2501 1553/1814/1812 1552/1813/1811
f 2197/2505/2503 2196/2503/2501 2324/2506/2504
f 2197/2505/2503 2198/2507/2505 1555/1815/1813
f 2197/2505/2503 1555/1815/1813 1553/1814/1812
f 2198/2507/2505 2197/2505/2503 2320/2508/2506
f 2198/2507/2505 2320/2508/2506 2199/2509/2507
f 2198/2507/2505 2199/2509/2507 1554/1816/1814
f 2198/2507/2505 1554/1816/1814 1555/1815/1813
f 2199/2509/2507 2200/2510/2508 1556/1817/1815
f 2199/2509/2507 1556/1817/1815 1554/1816/1814
f 2200/2510/2508 2199/2509/2507 2313/2511/2509
f 2200/2510/2508 2201/2512/2510 1557/1818/1816
f 2200/2510/2508 1557/1818/1816 1556/1817/1815
f 2201/2512/2510 2202/2513/2511 1558/1819/1817
f 2201/2512/2510 1558/1819/1817 1557/1818/1816
f 2202/2513/2511 2203/2514/2512 1559/1820/1818
f 2202/2513/2511 1559/1820/1818 1558/1819/1817
f 2203/2514/2512 2204/2515/2513 1560/1821/1819
f 2203/2514/2512 1560/1821/1819 1559/1820/1818
f 2204/2515/2513 2205/1823/1821 1561/1822/1820
f 2204/2515/2513 1561/1822/1820 1560/1821/1819
f 2205/1823/1821 2204/2515/2513 2206/2516/2514
f 2205/1823/1821 2206/2516/2514 2207/2517/2515
f 2205/1823/1821 2207/2517/2515 2208/2518/2516
f 2205/1823/1821 2208/2518/2516 1564/1824/1822
f 2208/2518/2516 2207/2517/2515 2305/2519/2517
f 2208/2518/2516 2305/2519/2517 2209/2520/2518
f 2208/2518/2516 2209/2520/2518 1566/1825/1823
f 2208/2518/2516 1566/1825/1823 1564/1824/1822
f 2211/2521/2519 2212/2522/2520 2213/2523/2521
f 2209/2520/2518 1569/1829/1827 1567/1827/1825
f 2209/2520/2518 1567/1827/1825 1566/1825/1823
f 2212/2522/2520 2211/2521/2519 2296/2524/2522
f 2212/2522/2520 2296/2524/2522 2214/2525/2523
f 2212/2522/2520 2214/2525/2523 1571/1831/1829
f 2212/2522/2520 1571/1831/1829 2213/2523/2521
f 2214/2525/2523 2293/2526/2524 2216/2527/2525
f 2214/2525/2523 2216/2527/2525 2215/2528/2526
f 2214/2525/2523 2215/2528/2526 1574/1832/1830
f 2214/2525/2523 1574/1832/1830 1571/1831/1829
f 2215/2528/2526 2216/2527/2525 2218/2529/2527
f 2215/2528/2526 2218/2529/2527 2217/2530/2528
f 2215/2528/2526 2217/2530/2528 1576/1834/1832
f 2215/2528/2526 1576/1834/1832 1574/1832/1830
f 2217/2530/2528 2218/2529/2527 2219/2531/2529
f 2217/2530/2528 2219/2531/2529 2220/2532/2530
f 2217/2530/2528 2220/2532/2530 1577/1836/1834
f 2217/2530/2528 1577/1836/1834 1576/1834/1832
f 2220/2532/2530 2221/1839/1837 1578/1837/1835
f 2220/2532/2530 1578/1837/1835 1577/1836/1834
f 2221/1839/1837 2220/2532/2530 2286/2533/2531
f 2221/1839/1837 2286/2533/2531 2223/2534/2532
f 2221/1839/1837 2223/2534/2532 2222/1840/1838
f 2222/1840/1838 2223/2534/2532 2225/2535/2533
f 2222/1840/1838 2225/2535/2533 2224/1841/1839
f 2224/1841/1839 2225/2535/2533 2227/2536/2534
f 2224/1841/1839 2227/2536/2534 2226/1842/1840
f 2226/1842/1840 2227/2536/2534 2228/2537/2535
f 2226/1842/1840 2228/2537/2535 1583/1844/1842
f 2226/1842/1840 1583/1844/1842 1582/1843/1841
f 1583/1844/1842 2228/2537/2535 2229/2538/2536
f 2229/2538/2536 2231/2539/2537 2230/1845/1843
f 2229/2538/2536 2230/1845/1843 1583/1844/1842
f 2231/2539/2537 2276/2540/2538 2232/1847/1845
f 2231/2539/2537 2232/1847/1845 1585/1846/1844
f 2231/2539/2537 1585/1846/1844 2230/1845/1843
f 2232/1847/1845 2276/2540/2538 2233/2541/2539
f 2232/1847/1845 2233/2541/2539 1586/1848/1846
f 2233/2541/2539 1587/1849/1847 1586/1848/1846
f 1587/1849/1847 2273/2542/2540 2234/1851/1849
f 1587/1849/1847 2234/1851/1849 1588/1850/1848
f 2234/1851/1849 2271/2543/2541 1591/1852/1850
f 1591/1852/1850 2270/2544/2542 2235/2545/2543
f 1591/1852/1850 2235/2545/2543 1594/1853/1851
f 2235/2545/2543 2237/2546/2544 2236/2547/2545
f 2235/2545/2543 2236/2547/2545 1597/1854/1852
f 2235/2545/2543 1597/1854/1852 1594/1853/1851
f 2236/2547/2545 2238/2548/2546 1597/1854/1852
f 2238/2548/2546 2239/2549/2547 1599/1855/1853
f 2238/2548/2546 1599/1855/1853 1597/1854/1852
f 2239/2549/2547 2240/1856/1854 1599/1855/1853
f 2240/1856/1854 2239/2549/2547 2242/2550/2548
f 2240/1856/1854 2242/2550/2548 2241/1857/1855
f 2241/1857/1855 2242/2550/2548 2244/2551/2549
f 2241/1857/1855 2244/2551/2549 2243/1858/1856
f 2243/1858/1856 2244/2551/2549 2246/2552/2550
f 2243/1858/1856 2246/2552/2550 2245/1859/1857
f 2245/1859/1857 2246/2552/2550 2248/2553/2551
f 2245/1859/1857 2248/2553/2551 2247/1860/1858
f 2247/1860/1858 2248/2553/2551 2249/2554/2552
f 2247/1860/1858 2249/2554/2552 1600/1861/1859
f 1600/1861/1859 2249/2554/2552 2250/2555/2553
f 2250/2555/2553 1601/1862/1860 1600/1861/1859
f 2250/2555/2553 2252/2556/2554 2251/1864/1862
f 2250/2555/2553 2251/1864/1862 1602/1863/1861
f 2250/2555/2553 1602/1863/1861 1601/1862/1860
f 2251/1864/1862 2252/2556/2554 2253/2557/2555
f 2251/1864/1862 2253/2557/2555 2254/2558/2556
f 2254/2558/2556 1604/1866/1864 2251/1864/1862
f 2254/2558/2556 2255/1867/1865 1604/1866/1864
f 2255/1867/1865 2254/2558/2556 2258/2559/2557
f 2255/1867/1865 2258/2559/2557 1607/1868/1866
f 1607/1868/1866 1605/1652/1650 2255/1867/1865
f 2258/2559/2557 2256/1869/1867 1606/1655/1653
f 2258/2559/2557 1606/1655/1653 1607/1868/1866
f 2258/2559/2557 2478/2560/2558 2256/1869/1867
f 2258/2559/2557 2477/2561/2559 2478/2560/2558
f 2258/2559/2557 2254/2558/2556 2253/2557/2555
f 2258/2559/2557 2253/2557/2555 2477/2561/2559
f 2253/2557/2555 2259/2562/2560 2477/2561/2559
f 2259/2562/2560 2260/2563/2561 2477/2561/2559
f 2259/2562/2560 2253/2557/2555 2252/2556/2554
f 2260/2563/2561 2259/2562/2560 2250/2555/2553
f 2261/2564/2562 2475/2565/2563 2260/2563/2561
f 2261/2564/2562 2260/2563/2561 2250/2555/2553
f 2261/2564/2562 2248/2553/2551 2475/2565/2563
f 2248/2553/2551 2474/2566/2564 2475/2565/2563
f 2248/2553/2551 2261/2564/2562 2249/2554/2552
f 2248/2553/2551 2262/2567/2565 2474/2566/2564
f 2244/2551/2549 2473/2568/2566 2262/2567/2565
f 2244/2551/2549 2262/2567/2565 2246/2552/2550
f 2244/2551/2549 2242/2550/2548 2473/2568/2566
f 2242/2550/2548 2472/2569/2567 2473/2568/2566
f 2242/2550/2548 2263/2570/2568 2472/2569/2567
f 2263/2570/2568 2470/2571/2569 2472/2569/2567
f 2263/2570/2568 2264/2572/2570 2470/2571/2569
f 2263/2570/2568 2265/2573/2571 2264/2572/2570
f 2265/2573/2571 2263/2570/2568 2238/2548/2546
f 2266/2574/2572 2468/2575/2573 2265/2573/2571
f 2266/2574/2572 2265/2573/2571 2236/2547/2545
f 2266/2574/2572 2267/2576/2574 2468/2575/2573
f 2266/2574/2572 2237/2546/2544 2268/2577/2575
f 2266/2574/2572 2268/2577/2575 2267/2576/2574
f 2268/2577/2575 2270/2544/2542 2269/2578/2576
f 2269/2578/2576 2270/2544/2542 2271/2543/2541
f 2271/2543/2541 2465/2579/2577 2269/2578/2576
f 2272/2580/2578 2271/2543/2541 2273/2542/2540
f 2273/2542/2540 2461/2581/2579 2463/2582/2580
f 2273/2542/2540 2463/2582/2580 2272/2580/2578
f 2273/2542/2540 2233/2541/2539 2274/2583/2581
f 2273/2542/2540 2274/2583/2581 2461/2581/2579
f 2274/2583/2581 2276/2540/2538 2460/2584/2582
f 2276/2540/2538 2275/2585/2583 2460/2584/2582
f 2276/2540/2538 2277/2586/2584 2275/2585/2583
f 2277/2586/2584 2276/2540/2538 2231/2539/2537
f 2277/2586/2584 2278/2587/2585 2275/2585/2583
f 2278/2587/2585 2458/2588/2586 2275/2585/2583
f 2278/2587/2585 2277/2586/2584 2229/2538/2536
f 2278/2587/2585 2280/2589/2587 2458/2588/2586
f 2280/2589/2587 2279/2590/2588 2458/2588/2586
f 2280/2589/2587 2278/2587/2585 2228/2537/2535
f 2280/2589/2587 2282/2591/2589 2279/2590/2588
f 2282/2591/2589 2281/2592/2590 2279/2590/2588
f 2282/2591/2589 2280/2589/2587 2227/2536/2534
f 2282/2591/2589 2284/2593/2591 2281/2592/2590
f 2284/2593/2591 2283/2594/2592 2281/2592/2590
f 2284/2593/2591 2282/2591/2589 2225/2535/2533
f 2284/2593/2591 2285/2595/2593 2283/2594/2592
f 2284/2593/2591 2223/2534/2532 2286/2533/2531
f 2284/2593/2591 2286/2533/2531 2288/2596/2594
f 2284/2593/2591 2288/2596/2594 2285/2595/2593
f 2288/2596/2594 2287/2597/2595 2285/2595/2593
f 2288/2596/2594 2290/2598/2596 2287/2597/2595
f 2290/2598/2596 2289/2599/2597 2287/2597/2595
f 2290/2598/2596 2288/2596/2594 2219/2531/2529
f 2290/2598/2596 2291/2600/2598 2289/2599/2597
f 2291/2600/2598 2292/2601/2599 2449/2602/2600
f 2291/2600/2598 2449/2602/2600 2289/2599/2597
f 2291/2600/2598 2290/2598/2596 2218/2529/2527
f 2292/2601/2599 2294/2603/2601 2448/2604/2602
f 2292/2601/2599 2291/2600/2598 2216/2527/2525
f 2292/2601/2599 2216/2527/2525 2293/2526/2524
f 2292/2601/2599 2293/2526/2524 2294/2603/2601
f 2294/2603/2601 2293/2526/2524 2296/2524/2522
f 2294/2603/2601 2296/2524/2522 2297/2605/2603
f 2294/2603/2601 2297/2605/2603 2295/2606/2604
f 2297/2605/2603 2298/2607/2605 2295/2606/2604
f 2298/2607/2605 2297/2605/2603 2210/2608/2606
f 2298/2607/2605 2210/2608/2606 2300/2609/2607
f 2298/2607/2605 2300/2609/2607 2301/2610/2608
f 2298/2607/2605 2301/2610/2608 2299/2611/2609
f 2301/2610/2608 2303/2612/2610 2441/2613/2611
f 2301/2610/2608 2441/2613/2611 2299/2611/2609
f 2301/2610/2608 2300/2609/2607 2302/2614/2612
f 2301/2610/2608 2302/2614/2612 2303/2612/2610
f 2306/2615/2613 2305/2519/2517 2206/2516/2514
f 2306/2615/2613 2307/2616/2614 2308/2617/2615
f 2307/2616/2614 2309/2618/2616 2308/2617/2615
f 2307/2616/2614 2306/2615/2613 2203/2514/2512
f 2307/2616/2614 2203/2514/2512 2202/2513/2511
f 2307/2616/2614 2202/2513/2511 2201/2512/2510
f 2307/2616/2614 2201/2512/2510 2309/2618/2616
f 2309/2618/2616 2312/2619/2617 2314/2620/2618
f 2312/2619/2617 2313/2511/2509 2314/2620/2618
f 2312/2619/2617 2309/2618/2616 2201/2512/2510
f 2312/2619/2617 2201/2512/2510 2200/2510/2508
f 2312/2619/2617 2200/2510/2508 2313/2511/2509
f 2314/2620/2618 2313/2511/2509 2317/2621/2619
f 2314/2620/2618 2317/2621/2619 2319/2622/2620
f 2317/2621/2619 2318/2623/2621 2319/2622/2620
f 2317/2621/2619 2313/2511/2509 2320/2508/2506
f 2317/2621/2619 2320/2508/2506 2321/2624/2622
f 2317/2621/2619 2321/2624/2622 2318/2623/2621
f 2321/2624/2622 2322/2625/2623 2431/2626/2624
f 2321/2624/2622 2431/2626/2624 2318/2623/2621
f 2322/2625/2623 2325/2627/2625 2323/2628/2626
f 2322/2625/2623 2321/2624/2622 2197/2505/2503
f 2322/2625/2623 2197/2505/2503 2324/2506/2504
f 2322/2625/2623 2324/2506/2504 2325/2627/2625
f 2325/2627/2625 2324/2506/2504 2327/2504/2502
f 2325/2627/2625 2327/2504/2502 2328/2629/2627
f 2325/2627/2625 2328/2629/2627 2326/2630/2628
f 2328/2629/2627 2329/2631/2629 2326/2630/2628
f 2328/2629/2627 2327/2504/2502 2330/2502/2500
f 2328/2629/2627 2330/2502/2500 2331/2632/2630
f 2328/2629/2627 2331/2632/2630 2329/2631/2629
f 2331/2632/2630 2333/2633/2631 2423/2634/2632
f 2331/2632/2630 2423/2634/2632 2329/2631/2629
f 2331/2632/2630 2330/2502/2500 2332/2500/2498
f 2331/2632/2630 2332/2500/2498 2333/2633/2631
f 2333/2633/2631 2332/2500/2498 2336/2635/2633
f 2333/2633/2631 2336/2635/2633 2337/2636/2634
f 2333/2633/2631 2337/2636/2634 2334/2637/2635
f 2337/2636/2634 2335/2638/2636 2334/2637/2635
f 2337/2636/2634 2338/2639/2637 2335/2638/2636
f 2337/2636/2634 2336/2635/2633 2339/2640/2638
f 2337/2636/2634 2339/2640/2638 2340/2641/2639
f 2337/2636/2634 2340/2641/2639 2338/2639/2637
f 2340/2641/2639 2342/2642/2640 2338/2639/2637
f 2340/2641/2639 2339/2640/2638 2341/2643/2641
f 2340/2641/2639 2341/2643/2641 2343/2644/2642
f 2340/2641/2639 2343/2644/2642 2342/2642/2640
f 2343/2644/2642 2345/2645/2643 2342/2642/2640
f 2343/2644/2642 2341/2643/2641 2344/2646/2644
f 2343/2644/2642 2344/2646/2644 2346/2647/2645
f 2343/2644/2642 2346/2647/2645 2347/2648/2646
f 2343/2644/2642 2347/2648/2646 2345/2645/2643
f 2347/2648/2646 2348/2649/2647 2345/2645/2643
f 2347/2648/2646 2352/2650/2648 2348/2649/2647
f 2347/2648/2646 2346/2647/2645 2350/2651/2649
f 2347/2648/2646 2350/2651/2649 2352/2650/2648
f 2350/2651/2649 2346/2647/2645 2349/2652/2650
f 2350/2651/2649 2351/2653/2651 2352/2650/2648
f 2350/2651/2649 2349/2652/2650 2351/2653/2651
f 2351/2653/2651 2349/2652/2650 2353/2654/2652
f 2353/2654/2652 2355/2655/2653 2406/2656/2654
f 2353/2654/2652 2406/2656/2654 2351/2653/2651
f 2353/2654/2652 4547/2657/2655 2354/2658/2656
f 2353/2654/2652 2354/2658/2656 2355/2655/2653
f 2354/2658/2656 2356/2659/2657 2355/2655/2653
f 2356/2659/2657 2358/2660/2658 2355/2655/2653
f 2356/2659/2657 2354/2658/2656 2357/2661/2659
f 2356/2659/2657 2357/2661/2659 2359/2662/2660
f 2356/2659/2657 2359/2662/2660 2358/2660/2658
f 2359/2662/2660 2357/2661/2659 2360/2663/2661
f 2359/2662/2660 2360/2663/2661 2361/2664/2662
f 2359/2662/2660 2361/2664/2662 2401/2665/2663
f 2361/2664/2662 2400/2666/2664 2401/2665/2663
f 2361/2664/2662 2362/2667/2665 2400/2666/2664
f 2362/2667/2665 2399/2668/2666 2400/2666/2664
f 2362/2667/2665 2363/2669/2667 2399/2668/2666
f 2363/2669/2667 2364/2670/2668 2399/2668/2666
f 2364/2670/2668 2363/2669/2667 2365/2671/2669
f 2364/2670/2668 2365/2671/2669 2366/2672/2670
f 2366/2672/2670 2365/2671/2669 4553/2673/2671
f 2366/2672/2670 4553/2673/2671 2367/2674/2672
f 2367/2674/2672 2368/2675/2673 2366/2672/2670
f 2367/2674/2672 2370/2676/2674 2368/2675/2673
f 2367/2674/2672 2369/2677/2675 2370/2676/2674
f 2370/2676/2674 2369/2677/2675 2371/2678/2676
f 2371/2678/2676 2372/2679/2677 2370/2676/2674
f 2371/2678/2676 2373/2680/2678 2372/2679/2677
f 2373/2680/2678 2371/2678/2676 4557/2681/2679
f 2373/2680/2678 4558/2682/2680 2374/2683/2681
f 2373/2680/2678 2374/2683/2681 2391/2684/2682
f 2374/2683/2681 2375/2685/2683 2390/2686/2684
f 2374/2683/2681 4559/2687/2685 2375/2685/2683
f 2376/2688/2686 2375/2685/2683 4560/2689/2687
f 2376/2688/2686 4560/2689/2687 2377/2690/2688
f 2377/2690/2688 2387/2691/2689 2376/2688/2686
f 2377/2690/2688 4503/2692/2690 2378/2693/2691
f 2377/2690/2688 2378/2693/2691 2385/2694/2692
f 2378/2693/2691 2379/2463/2461 2380/2462/2460
f 2378/2693/2691 2380/2462/2460 2381/2695/2693
f 2380/2462/2460 2152/130/130 2381/2695/2693
f 2381/2695/2693 2383/2696/2694 2382/2697/2695
f 2383/2696/2694 2381/2695/2693 2152/130/130
f 2382/2697/2695 2383/2696/2694 2797/2698/2696
f 2382/2697/2695 2797/2698/2696 2800/2699/2697
f 2382/2697/2695 2800/2699/2697 2575/2700/2698
f 2575/2700/2698 2384/2701/2699 2381/2695/2693
f 2575/2700/2698 2381/2695/2693 2382/2697/2695
f 2384/2701/2699 2385/2694/2692 2378/2693/2691
f 2384/2701/2699 2378/2693/2691 2381/2695/2693
f 2385/2694/2692 2384/2701/2699 2574/2702/2700
f 2385/2694/2692 2574/2702/2700 2386/2703/2701
f 2386/2703/2701 2388/2704/2702 2387/2691/2689
f 2386/2703/2701 2387/2691/2689 2377/2690/2688
f 2386/2703/2701 2377/2690/2688 2385/2694/2692
f 2387/2691/2689 2388/2704/2702 2376/2688/2686
f 2376/2688/2686 2388/2704/2702 2389/2705/2703
f 2376/2688/2686 2389/2705/2703 2390/2686/2684
f 2390/2686/2684 2375/2685/2683 2376/2688/2686
f 2390/2686/2684 2571/2706/2704 2392/2707/2705
f 2390/2686/2684 2392/2707/2705 2391/2684/2682
f 2390/2686/2684 2391/2684/2682 2374/2683/2681
f 2391/2684/2682 2392/2707/2705 2393/2708/2706
f 2393/2708/2706 2372/2679/2677 2373/2680/2678
f 2393/2708/2706 2373/2680/2678 2391/2684/2682
f 2372/2679/2677 2393/2708/2706 2394/2709/2707
f 2372/2679/2677 2394/2709/2707 2395/2710/2708
f 2395/2710/2708 2394/2709/2707 2567/2711/2709
f 2395/2710/2708 2370/2676/2674 2372/2679/2677
f 2395/2710/2708 2396/2712/2710 2368/2675/2673
f 2395/2710/2708 2368/2675/2673 2370/2676/2674
f 2368/2675/2673 2396/2712/2710 2566/2713/2711
f 2368/2675/2673 2566/2713/2711 2397/2714/2712
f 2397/2714/2712 2398/2715/2713 2366/2672/2670
f 2397/2714/2712 2366/2672/2670 2368/2675/2673
f 2398/2715/2713 2564/2716/2714 2399/2668/2666
f 2398/2715/2713 2399/2668/2666 2364/2670/2668
f 2398/2715/2713 2364/2670/2668 2366/2672/2670
f 2399/2668/2666 2563/2717/2715 2400/2666/2664
f 2400/2666/2664 2563/2717/2715 2561/2718/2716
f 2400/2666/2664 2561/2718/2716 2401/2665/2663
f 2401/2665/2663 2561/2718/2716 2560/2719/2717
f 2401/2665/2663 2560/2719/2717 2403/2720/2718
f 2401/2665/2663 2403/2720/2718 2359/2662/2660
f 2403/2720/2718 2560/2719/2717 2402/2721/2719
f 2403/2720/2718 2358/2660/2658 2359/2662/2660
f 2403/2720/2718 2402/2721/2719 2405/2722/2720
f 2403/2720/2718 2405/2722/2720 2358/2660/2658
f 2405/2722/2720 2402/2721/2719 2404/2723/2721
f 2405/2722/2720 2355/2655/2653 2358/2660/2658
f 2405/2722/2720 2404/2723/2721 2406/2656/2654
f 2405/2722/2720 2406/2656/2654 2355/2655/2653
f 2406/2656/2654 2404/2723/2721 2407/2724/2722
f 2406/2656/2654 2407/2724/2722 2408/2725/2723
f 2408/2725/2723 2407/2724/2722 2409/2726/2724
f 2408/2725/2723 2351/2653/2651 2406/2656/2654
f 2409/2726/2724 2407/2724/2722 2554/2727/2725
f 2409/2726/2724 2352/2650/2648 2351/2653/2651
f 2409/2726/2724 2351/2653/2651 2408/2725/2723
f 2409/2726/2724 2553/2728/2726 2410/2729/2727
f 2409/2726/2724 2410/2729/2727 2352/2650/2648
f 2410/2729/2727 2411/2730/2728 2412/2731/2729
f 2410/2729/2727 2412/2731/2729 2348/2649/2647
f 2410/2729/2727 2348/2649/2647 2352/2650/2648
f 2412/2731/2729 2411/2730/2728 2414/2732/2730
f 2412/2731/2729 2414/2732/2730 2345/2645/2643
f 2412/2731/2729 2345/2645/2643 2348/2649/2647
f 2414/2732/2730 2411/2730/2728 2413/2733/2731
f 2414/2732/2730 2413/2733/2731 2415/2734/2732
f 2414/2732/2730 2415/2734/2732 2342/2642/2640
f 2414/2732/2730 2342/2642/2640 2345/2645/2643
f 2415/2734/2732 2413/2733/2731 2416/2735/2733
f 2415/2734/2732 2416/2735/2733 2417/2736/2734
f 2415/2734/2732 2417/2736/2734 2342/2642/2640
f 2417/2736/2734 2338/2639/2637 2342/2642/2640
f 2417/2736/2734 2416/2735/2733 2418/2737/2735
f 2417/2736/2734 2418/2737/2735 2419/2738/2736
f 2417/2736/2734 2419/2738/2736 2338/2639/2637
f 2419/2738/2736 2418/2737/2735 2420/2739/2737
f 2419/2738/2736 2335/2638/2636 2338/2639/2637
f 2419/2738/2736 2420/2739/2737 2421/2740/2738
f 2419/2738/2736 2421/2740/2738 2422/2741/2739
f 2419/2738/2736 2422/2741/2739 2334/2637/2635
f 2419/2738/2736 2334/2637/2635 2335/2638/2636
f 2422/2741/2739 2423/2634/2632 2333/2633/2631
f 2422/2741/2739 2333/2633/2631 2334/2637/2635
f 2423/2634/2632 2422/2741/2739 2538/2742/2740
f 2423/2634/2632 2538/2742/2740 2424/2743/2741
f 2423/2634/2632 2424/2743/2741 2425/2744/2742
f 2423/2634/2632 2425/2744/2742 2329/2631/2629
f 2425/2744/2742 2424/2743/2741 2426/2745/2743
f 2425/2744/2742 2426/2745/2743 2533/2746/2744
f 2425/2744/2742 2428/2747/2745 2427/2748/2746
f 2425/2744/2742 2427/2748/2746 2326/2630/2628
f 2425/2744/2742 2326/2630/2628 2329/2631/2629
f 2427/2748/2746 2428/2747/2745 2429/2749/2747
f 2427/2748/2746 2429/2749/2747 2430/2750/2748
f 2427/2748/2746 2430/2750/2748 2323/2628/2626
f 2427/2748/2746 2323/2628/2626 2325/2627/2625
f 2427/2748/2746 2325/2627/2625 2326/2630/2628
f 2430/2750/2748 2429/2749/2747 2431/2626/2624
f 2430/2750/2748 2431/2626/2624 2322/2625/2623
f 2430/2750/2748 2322/2625/2623 2323/2628/2626
f 2433/2751/2749 2434/2752/2750 2435/2753/2751
f 2431/2626/2624 2319/2622/2620 2318/2623/2621
f 2434/2752/2750 2433/2751/2749 2524/2754/2752
f 2434/2752/2750 2524/2754/2752 2522/2755/2753
f 2434/2752/2750 2522/2755/2753 2436/2756/2754
f 2434/2752/2750 2436/2756/2754 2315/2757/2755
f 2434/2752/2750 2315/2757/2755 2435/2753/2751
f 2436/2756/2754 2522/2755/2753 2521/2758/2756
f 2436/2756/2754 2521/2758/2756 2437/2759/2757
f 2436/2756/2754 2437/2759/2757 2316/2760/2758
f 2436/2756/2754 2316/2760/2758 2315/2757/2755
f 2437/2759/2757 2438/2761/2759 2310/2762/2760
f 2437/2759/2757 2310/2762/2760 2316/2760/2758
f 2438/2761/2759 2439/2763/2761 2311/2764/2762
f 2438/2761/2759 2311/2764/2762 2310/2762/2760
f 2439/2763/2761 2440/2765/2763 2304/2766/2764
f 2439/2763/2761 2304/2766/2764 2311/2764/2762
f 2440/2765/2763 2441/2613/2611 2303/2612/2610
f 2440/2765/2763 2303/2612/2610 2304/2766/2764
f 2441/2613/2611 2440/2765/2763 4394/2767/2765
f 2441/2613/2611 4394/2767/2765 2443/2768/2766
f 2441/2613/2611 2443/2768/2766 2442/2769/2767
f 2441/2613/2611 2442/2769/2767 2299/2611/2609
f 2442/2769/2767 2443/2768/2766 2445/2770/2768
f 2442/2769/2767 2445/2770/2768 2444/2771/2769
f 2442/2769/2767 2444/2771/2769 2298/2607/2605
f 2442/2769/2767 2298/2607/2605 2299/2611/2609
f 2444/2771/2769 2445/2770/2768 2446/2772/2770
f 2444/2771/2769 2446/2772/2770 2447/2773/2771
f 2444/2771/2769 2447/2773/2771 2295/2606/2604
f 2444/2771/2769 2295/2606/2604 2298/2607/2605
f 2447/2773/2771 2448/2604/2602 2294/2603/2601
f 2447/2773/2771 2294/2603/2601 2295/2606/2604
f 2448/2604/2602 2447/2773/2771 4399/2774/2772
f 2448/2604/2602 4399/2774/2772 2450/2775/2773
f 2448/2604/2602 2450/2775/2773 2449/2602/2600
f 2448/2604/2602 2449/2602/2600 2292/2601/2599
f 2449/2602/2600 2450/2775/2773 2451/2776/2774
f 2449/2602/2600 2451/2776/2774 2289/2599/2597
f 2451/2776/2774 2452/2777/2775 2287/2597/2595
f 2451/2776/2774 2287/2597/2595 2289/2599/2597
f 2452/2777/2775 2453/2778/2776 2285/2595/2593
f 2452/2777/2775 2285/2595/2593 2287/2597/2595
f 2453/2778/2776 2455/2779/2777 2454/2780/2778
f 2453/2778/2776 2454/2780/2778 2283/2594/2592
f 2453/2778/2776 2283/2594/2592 2285/2595/2593
f 2454/2780/2778 2456/2781/2779 2281/2592/2590
f 2454/2780/2778 2281/2592/2590 2283/2594/2592
f 2456/2781/2779 2457/2782/2780 2279/2590/2588
f 2456/2781/2779 2279/2590/2588 2281/2592/2590
f 2457/2782/2780 2456/2781/2779 4406/2783/2781
f 2457/2782/2780 2458/2588/2586 2279/2590/2588
f 2458/2588/2586 2457/2782/2780 2459/2784/2782
f 2458/2588/2586 2459/2784/2782 2275/2585/2583
f 2459/2784/2782 2462/2785/2783 2460/2584/2582
f 2459/2784/2782 2460/2584/2582 2275/2585/2583
f 2460/2584/2582 2462/2785/2783 2461/2581/2579
f 2461/2581/2579 2462/2785/2783 4412/2786/2784
f 2461/2581/2579 4412/2786/2784 2463/2582/2580
f 2461/2581/2579 2274/2583/2581 2460/2584/2582
f 2463/2582/2580 4414/2787/2785 2464/2788/2786
f 2463/2582/2580 2464/2788/2786 2272/2580/2578
f 2464/2788/2786 2465/2579/2577 2271/2543/2541
f 2464/2788/2786 2271/2543/2541 2272/2580/2578
f 2465/2579/2577 2464/2788/2786 4416/2789/2787
f 2465/2579/2577 4416/2789/2787 2466/2790/2788
f 2465/2579/2577 2466/2790/2788 2269/2578/2576
f 2466/2790/2788 2268/2577/2575 2269/2578/2576
f 2466/2790/2788 4417/2791/2789 2267/2576/2574
f 2466/2790/2788 2267/2576/2574 2268/2577/2575
f 2267/2576/2574 4417/2791/2789 2467/2792/2790
f 2267/2576/2574 2467/2792/2790 2468/2575/2573
f 2468/2575/2573 2467/2792/2790 2469/2793/2791
f 2469/2793/2791 2264/2572/2570 2265/2573/2571
f 2469/2793/2791 2265/2573/2571 2468/2575/2573
f 2264/2572/2570 2469/2793/2791 4418/2794/2792
f 2470/2571/2569 2264/2572/2570 4420/2795/2793
f 2470/2571/2569 4420/2795/2793 2471/2796/2794
f 2471/2796/2794 2472/2569/2567 2470/2571/2569
f 2472/2569/2567 2471/2796/2794 4421/2797/2795
f 2472/2569/2567 4421/2797/2795 2473/2568/2566
f 2473/2568/2566 4421/2797/2795 4423/2798/2796
f 2473/2568/2566 4423/2798/2796 2474/2566/2564
f 2473/2568/2566 2474/2566/2564 2262/2567/2565
f 2474/2566/2564 4423/2798/2796 2475/2565/2563
f 2475/2565/2563 2476/2799/2797 2260/2563/2561
f 2476/2799/2797 2477/2561/2559 2260/2563/2561
f 2477/2561/2559 2476/2799/2797 4425/2800/2798
f 2477/2561/2559 4425/2800/2798 2478/2560/2558
f 2478/2560/2558 4426/2801/2799 2257/1870/1868
f 2257/1870/1868 2256/1869/1867 2478/2560/2558
f 2257/1870/1868 4426/2801/2799 2479/1658/1656
f 2257/1870/1868 2479/1658/1656 1389/1657/1655
f 2479/1658/1656 4426/2801/2799 2480/1871/1869
f 2480/1871/1869 4427/2802/2800 1608/1872/1870
f 1608/1872/1870 4427/2802/2800 2481/2803/2801
f 1608/1872/1870 2481/2803/2801 1609/1873/1871
f 2481/2803/2801 2482/2804/2802 2483/1874/1872
f 2481/2803/2801 2483/1874/1872 1609/1873/1871
f 2483/1874/1872 4496/2805/2803 2484/1875/1873
f 2484/1875/1873 4496/2805/2803 4498/2806/2804
f 2484/1875/1873 4498/2806/2804 2485/1876/1874
f 2485/1876/1874 4498/2806/2804 2486/1877/1875
f 2486/1877/1875 4498/2806/2804 2487/2807/2805
f 2486/1877/1875 2487/2807/2805 2488/1878/1876
f 2488/1878/1876 2487/2807/2805 2489/2808/2806
f 2489/2808/2806 1613/1879/1877 2488/1878/1876
f 2489/2808/2806 4485/2809/2807 2490/1880/1878
f 2489/2808/2806 2490/1880/1878 1613/1879/1877
f 2490/1880/1878 4485/2809/2807 2491/2810/2808
f 2491/2810/2808 1615/1881/1879 2490/1880/1878
f 2491/2810/2808 4475/2811/2809 2492/2812/2810
f 2491/2810/2808 2492/2812/2810 1615/1881/1879
f 1615/1881/1879 2492/2812/2810 2493/2813/2811
f 1615/1881/1879 2493/2813/2811 1618/1883/1881
f 1618/1883/1881 1616/1882/1880 1615/1881/1879
f 1618/1883/1881 2493/2813/2811 1623/1888/1886
f 1618/1883/1881 1623/1888/1886 1622/1887/1885
f 1618/1883/1881 1622/1887/1885 1620/1885/1883
f 2493/2813/2811 2492/2812/2810 2494/2814/2812
f 2493/2813/2811 2494/2814/2812 1623/1888/1886
f 2494/2814/2812 2496/2815/2813 1624/1890/1888
f 2494/2814/2812 1624/1890/1888 1623/1888/1886
f 2496/2815/2813 2494/2814/2812 2495/2816/2814
f 2496/2815/2813 2495/2816/2814 2497/2817/2815
f 2496/2815/2813 2497/2817/2815 1626/1891/1889
f 2496/2815/2813 1626/1891/1889 1624/1890/1888
f 2497/2817/2815 2495/2816/2814 2498/2818/2816
f 2497/2817/2815 2498/2818/2816 2499/2819/2817
f 2497/2817/2815 2499/2819/2817 2500/1893/1891
f 2497/2817/2815 2500/1893/1891 1626/1891/1889
f 2499/2819/2817 2498/2818/2816 4439/2820/2818
f 2500/1893/1891 2501/1895/1893 1627/1892/1890
f 2500/1893/1891 2499/2819/2817 4440/2821/2819
f 2500/1893/1891 4440/2821/2819 4441/2822/2820
f 2500/1893/1891 4441/2822/2820 2501/1895/1893
f 2501/1895/1893 4441/2822/2820 2503/2823/2821
f 2501/1895/1893 2503/2823/2821 2502/1896/1894
f 2502/1896/1894 1632/1900/1898 1629/1897/1895
f 2502/1896/1894 2503/2823/2821 2505/2824/2822
f 2502/1896/1894 2505/2824/2822 2504/1903/1901
f 2502/1896/1894 2504/1903/1901 1632/1900/1898
f 2504/1903/1901 2505/2824/2822 2506/2825/2823
f 2504/1903/1901 2506/2825/2823 4444/2826/2824
f 2504/1903/1901 4444/2826/2824 2507/2827/2825
f 2504/1903/1901 2507/2827/2825 1635/1904/1902
f 2507/2827/2825 1638/1907/1905 1636/1905/1903
f 2507/2827/2825 1636/1905/1903 1635/1904/1902
f 1638/1907/1905 2507/2827/2825 4446/2828/2826
f 1638/1907/1905 4446/2828/2826 2509/2829/2827
f 1638/1907/1905 2509/2829/2827 2508/1910/1908
f 2508/1910/1908 2510/1914/1912 1640/1911/1909
f 2508/1910/1908 2509/2829/2827 2511/2830/2828
f 2508/1910/1908 2511/2830/2828 2510/1914/1912
f 2510/1914/1912 2511/2830/2828 2512/2831/2829
f 2510/1914/1912 2512/2831/2829 57/119/119
f 2510/1914/1912 57/119/119 1641/118/118
f 2512/2831/2829 4396/2832/2830 2513/2833/2831
f 2512/2831/2829 2513/2833/2831 57/119/119
f 2513/2833/2831 2514/2834/2832 58/114/114
f 2513/2833/2831 58/114/114 57/119/119
f 2513/2833/2831 4395/2835/2833 2516/2836/2834
f 2513/2833/2831 2516/2836/2834 2514/2834/2832
f 2514/2834/2832 2516/2836/2834 2518/2837/2835
f 2514/2834/2832 2518/2837/2835 2519/2838/2836
f 2514/2834/2832 2519/2838/2836 2515/2839/2837
f 2519/2838/2836 2517/2840/2838 2515/2839/2837
f 2519/2838/2836 2520/2841/2839 2517/2840/2838
f 2520/2841/2839 4390/2842/2840 2517/2840/2838
f 2520/2841/2839 2519/2838/2836 4392/2843/2841
f 2520/2841/2839 4392/2843/2841 2521/2758/2756
f 2520/2841/2839 2521/2758/2756 2522/2755/2753
f 2520/2841/2839 2522/2755/2753 4390/2842/2840
f 2522/2755/2753 2523/2844/2842 4390/2842/2840
f 2522/2755/2753 2524/2754/2752 2523/2844/2842
f 2524/2754/2752 2525/2845/2843 2523/2844/2842
f 2524/2754/2752 2526/2846/2844 2525/2845/2843
f 2526/2846/2844 2527/2847/2845 4387/2848/2846
f 2526/2846/2844 4387/2848/2846 2525/2845/2843
f 2526/2846/2844 2524/2754/2752 2433/2751/2749
f 2526/2846/2844 2433/2751/2749 2432/2849/2847
f 2526/2846/2844 2432/2849/2847 2528/2850/2848
f 2526/2846/2844 2528/2850/2848 2527/2847/2845
f 2528/2850/2848 2529/2851/2849 4386/2852/2850
f 2528/2850/2848 4386/2852/2850 2527/2847/2845
f 2528/2850/2848 2432/2849/2847 2530/2853/2851
f 2528/2850/2848 2530/2853/2851 2531/2854/2852
f 2528/2850/2848 2531/2854/2852 2529/2851/2849
f 2531/2854/2852 2532/2855/2853 2529/2851/2849
f 2535/2856/2854 2533/2746/2744 2534/2857/2855
f 2534/2857/2855 2536/2858/2856 2537/2859/2857
f 2534/2857/2855 2537/2859/2857 2535/2856/2854
f 2534/2857/2855 2533/2746/2744 2426/2745/2743
f 2534/2857/2855 2426/2745/2743 2538/2742/2740
f 2534/2857/2855 2538/2742/2740 2536/2858/2856
f 2538/2742/2740 2539/2860/2858 2536/2858/2856
f 2538/2742/2740 2426/2745/2743 2424/2743/2741
f 2538/2742/2740 2540/2861/2859 2539/2860/2858
f 2540/2861/2859 2541/2862/2860 2539/2860/2858
f 2540/2861/2859 2538/2742/2740 2422/2741/2739
f 2540/2861/2859 2422/2741/2739 2421/2740/2738
f 2540/2861/2859 2421/2740/2738 2543/2863/2861
f 2540/2861/2859 2543/2863/2861 2541/2862/2860
f 2543/2863/2861 2542/2864/2862 2541/2862/2860
f 2543/2863/2861 2421/2740/2738 2420/2739/2737
f 2543/2863/2861 2544/2865/2863 2542/2864/2862
f 2543/2863/2861 2420/2739/2737 2418/2737/2735
f 2543/2863/2861 2418/2737/2735 2545/2866/2864
f 2543/2863/2861 2545/2866/2864 2544/2865/2863
f 2545/2866/2864 2547/2867/2865 2544/2865/2863
f 2545/2866/2864 2546/2868/2866 2547/2867/2865
f 2545/2866/2864 2418/2737/2735 2416/2735/2733
f 2545/2866/2864 2416/2735/2733 2546/2868/2866
f 2546/2868/2866 2416/2735/2733 2548/2869/2867
f 2548/2869/2867 2549/2870/2868 4373/2871/2869
f 2548/2869/2867 4373/2871/2869 2546/2868/2866
f 2548/2869/2867 2416/2735/2733 2413/2733/2731
f 2548/2869/2867 2413/2733/2731 2550/2872/2870
f 2548/2869/2867 2550/2872/2870 2549/2870/2868
f 2550/2872/2870 2552/2873/2871 2549/2870/2868
f 2550/2872/2870 2413/2733/2731 2411/2730/2728
f 2550/2872/2870 2411/2730/2728 2551/2874/2872
f 2550/2872/2870 2551/2874/2872 2552/2873/2871
f 2551/2874/2872 2411/2730/2728 2410/2729/2727
f 2551/2874/2872 2410/2729/2727 2553/2728/2726
f 2553/2728/2726 4368/2875/2873 2551/2874/2872
f 2553/2728/2726 2409/2726/2724 2554/2727/2725
f 2553/2728/2726 2554/2727/2725 4368/2875/2873
f 2554/2727/2725 2555/2876/2874 4368/2875/2873
f 2554/2727/2725 2407/2724/2722 2555/2876/2874
f 2555/2876/2874 2556/2877/2875 4367/2878/2876
f 2555/2876/2874 2407/2724/2722 2557/2879/2877
f 2555/2876/2874 2557/2879/2877 2556/2877/2875
f 2557/2879/2877 2407/2724/2722 2404/2723/2721
f 2557/2879/2877 2558/2880/2878 2556/2877/2875
f 2557/2879/2877 2404/2723/2721 2559/2881/2879
f 2557/2879/2877 2559/2881/2879 2558/2880/2878
f 2559/2881/2879 2404/2723/2721 2402/2721/2719
f 2559/2881/2879 4365/2882/2880 2558/2880/2878
f 2559/2881/2879 2402/2721/2719 2560/2719/2717
f 2559/2881/2879 2560/2719/2717 4365/2882/2880
f 2560/2719/2717 4364/2883/2881 4365/2882/2880
f 2560/2719/2717 2561/2718/2716 4364/2883/2881
f 2561/2718/2716 2562/2001/1999 4364/2883/2881
f 2561/2718/2716 2563/2717/2715 2562/2001/1999
f 2563/2717/2715 2399/2668/2666 2564/2716/2714
f 2563/2717/2715 2564/2716/2714 4363/2884/2882
f 2564/2716/2714 2565/2885/2883 4363/2884/2882
f 2564/2716/2714 2398/2715/2713 2565/2885/2883
f 2565/2885/2883 2398/2715/2713 2397/2714/2712
f 2565/2885/2883 2397/2714/2712 2566/2713/2711
f 2566/2713/2711 2568/2886/2884 4361/2887/2885
f 2566/2713/2711 2396/2712/2710 2567/2711/2709
f 2566/2713/2711 2567/2711/2709 2568/2886/2884
f 2567/2711/2709 2396/2712/2710 2395/2710/2708
f 2567/2711/2709 4360/2888/2886 2568/2886/2884
f 2567/2711/2709 2394/2709/2707 2569/2889/2887
f 2567/2711/2709 2569/2889/2887 4360/2888/2886
f 2569/2889/2887 2394/2709/2707 2393/2708/2706
f 2569/2889/2887 2393/2708/2706 2392/2707/2705
f 2569/2889/2887 2392/2707/2705 2571/2706/2704
f 2569/2889/2887 2571/2706/2704 2570/2890/2888
f 2571/2706/2704 2389/2705/2703 4359/2891/2889
f 2571/2706/2704 2390/2686/2684 2389/2705/2703
f 2389/2705/2703 2388/2704/2702 2572/2892/2890
f 2572/2892/2890 2388/2704/2702 2573/2893/2891
f 2573/2893/2891 2388/2704/2702 2386/2703/2701
f 2573/2893/2891 2386/2703/2701 2574/2702/2700
f 2574/2702/2700 2575/2700/2698 2576/2894/2892
f 2574/2702/2700 2384/2701/2699 2575/2700/2698
f 2576/2894/2892 2575/2700/2698 2577/2895/2893
f 2577/2895/2893 2579/2896/2894 2576/2894/2892
f 2579/2896/2894 2577/2895/2893 2578/2897/2895
f 2579/2896/2894 1730/2026/2024 2576/2894/2892
f 2579/2896/2894 2801/2898/2896 2580/2027/2025
f 2579/2896/2894 2580/2027/2025 1730/2026/2024
f 2580/2027/2025 2803/2899/2897 2581/2900/2898
f 2581/2900/2898 1732/2028/2026 2580/2027/2025
f 2581/2900/2898 2806/2901/2899 2582/2029/2027
f 2581/2900/2898 2582/2029/2027 1732/2028/2026
f 2582/2029/2027 2583/2902/2900 2584/2903/2901
f 2582/2029/2027 2584/2903/2901 1734/2030/2028
f 2584/2903/2901 2586/2904/2902 2585/2031/2029
f 2584/2903/2901 2585/2031/2029 1734/2030/2028
f 2585/2031/2029 2586/2904/2902 2587/2905/2903
f 2587/2905/2903 2588/2906/2904 1736/2032/2030
f 2587/2905/2903 1736/2032/2030 2585/2031/2029
f 2588/2906/2904 2589/2907/2905 1736/2032/2030
f 2589/2907/2905 2590/2908/2906 1737/2033/2031
f 2589/2907/2905 1737/2033/2031 1736/2032/2030
f 2590/2908/2906 2591/2909/2907 1738/2034/2032
f 2590/2908/2906 1738/2034/2032 1737/2033/2031
f 2591/2909/2907 1739/2035/2033 1738/2034/2032
f 2591/2909/2907 2592/2910/2908 1740/2036/2034
f 2591/2909/2907 1740/2036/2034 1739/2035/2033
f 2592/2910/2908 2593/2911/2909 1741/2037/2035
f 2592/2910/2908 1741/2037/2035 1740/2036/2034
f 2593/2911/2909 2594/2912/2910 1742/2038/2036
f 2593/2911/2909 1742/2038/2036 1741/2037/2035
f 1742/2038/2036 2594/2912/2910 2595/2040/2038
f 2595/2040/2038 2594/2912/2910 2812/2913/2911
f 2595/2040/2038 2812/2913/2911 2596/2041/2039
f 2596/2041/2039 2812/2913/2911 2597/2914/2912
f 2596/2041/2039 2597/2914/2912 2598/2915/2913
f 2598/2915/2913 1747/2042/2040 2596/2041/2039
f 2598/2915/2913 2813/2916/2914 2599/2917/2915
f 2598/2915/2913 2599/2917/2915 1747/2042/2040
f 2599/2917/2915 2601/2918/2916 2600/2043/2041
f 2599/2917/2915 2600/2043/2041 1708/1995/1993
f 2599/2917/2915 1708/1995/1993 1747/2042/2040
f 2600/2043/2041 2601/2918/2916 2602/2045/2043
f 2602/2045/2043 2601/2918/2916 2815/2919/2917
f 2602/2045/2043 2815/2919/2917 2603/2920/2918
f 2602/2045/2043 2603/2920/2918 1749/2046/2044
f 2603/2920/2918 2604/2921/2919 1749/2046/2044
f 2604/2921/2919 2603/2920/2918 2605/2922/2920
f 2604/2921/2919 1751/2048/2046 1749/2046/2044
f 2604/2921/2919 2605/2922/2920 2606/2923/2921
f 2604/2921/2919 2606/2923/2921 1751/2048/2046
f 2606/2923/2921 2605/2922/2920 2817/2924/2922
f 2606/2923/2921 1753/2050/2048 1751/2048/2046
f 2606/2923/2921 2817/2924/2922 2607/2925/2923
f 2606/2923/2921 2607/2925/2923 1755/2051/2049
f 2606/2923/2921 1755/2051/2049 1753/2050/2048
f 2607/2925/2923 2608/2926/2924 1755/2051/2049
f 2608/2926/2924 2820/2927/2925 2609/2053/2051
f 2608/2926/2924 2609/2053/2051 1757/2052/2050
f 2608/2926/2924 1757/2052/2050 1755/2051/2049
f 2609/2053/2051 2820/2927/2925 2610/2928/2926
f 2609/2053/2051 2610/2928/2926 2611/2054/2052
f 2611/2054/2052 2610/2928/2926 2612/2929/2927
f 2611/2054/2052 2612/2929/2927 2613/2055/2053
f 2611/2054/2052 1758/1970/1968 2609/2053/2051
f 2613/2055/2053 2612/2929/2927 2614/2930/2928
f 2613/2055/2053 2614/2930/2928 2615/2056/2054
f 2613/2055/2053 1759/1967/1965 2611/2054/2052
f 2615/2056/2054 2614/2930/2928 2823/2931/2929
f 2615/2056/2054 2823/2931/2929 1761/2057/2055
f 2615/2056/2054 1760/1965/1963 2613/2055/2053
f 1761/2057/2055 2824/2932/2930 2616/2058/2056
f 2616/2058/2056 2824/2932/2930 2825/2933/2931
f 2616/2058/2056 2825/2933/2931 2617/2059/2057
f 2617/2059/2057 2825/2933/2931 2826/2934/2932
f 2617/2059/2057 2826/2934/2932 2618/2935/2933
f 2618/2935/2933 2827/2936/2934 2619/2062/2060
f 2618/2935/2933 2619/2062/2060 1764/2061/2059
f 2618/2935/2933 1764/2061/2059 1763/2060/2058
f 2618/2935/2933 1763/2060/2058 2617/2059/2057
f 2619/2062/2060 2827/2936/2934 2620/2937/2935
f 2619/2062/2060 2620/2937/2935 2621/2938/2936
f 2621/2938/2936 2830/2939/2937 1768/2065/2063
f 2621/2938/2936 1768/2065/2063 1767/2064/2062
f 2621/2938/2936 1767/2064/2062 1766/2063/2061
f 2621/2938/2936 1766/2063/2061 2619/2062/2060
f 1768/2065/2063 2832/2940/2938 1770/2067/2065
f 1768/2065/2063 1770/2067/2065 1769/2066/2064
f 1770/2067/2065 2833/2941/2939 1772/2069/2067
f 1770/2067/2065 1772/2069/2067 1771/2068/2066
f 1772/2069/2067 2622/2942/2940 1774/2071/2069
f 1772/2069/2067 1774/2071/2069 1773/2070/2068
f 1774/2071/2069 2835/2943/2941 1776/2073/2071
f 1774/2071/2069 1776/2073/2071 1775/2072/2070
f 1776/2073/2071 2623/2944/2942 2624/2945/2943
f 1776/2073/2071 2624/2945/2943 1777/2074/2072
f 2624/2945/2943 2625/2946/2944 2626/2947/2945
f 2624/2945/2943 2626/2947/2945 1778/2075/2073
f 2624/2945/2943 1778/2075/2073 1777/2074/2072
f 2626/2947/2945 2627/2948/2946 2628/2949/2947
f 2626/2947/2945 2628/2949/2947 1779/2076/2074
f 2626/2947/2945 1779/2076/2074 1778/2075/2073
f 2628/2949/2947 2629/2079/2077 1780/2077/2075
f 2628/2949/2947 1780/2077/2075 1779/2076/2074
f 2629/2079/2077 1781/2078/2076 1780/2077/2075
f 2630/2950/2948 1782/2080/2078 1650/1922/1920
f 2630/2950/2948 1650/1922/1920 2629/2079/2077
f 1782/2080/2078 2840/2951/2949 2631/2081/2079
f 2631/2081/2079 2840/2951/2949 2841/2952/2950
f 2631/2081/2079 2841/2952/2950 2632/2082/2080
f 2632/2082/2080 2841/2952/2950 2633/2953/2951
f 2632/2082/2080 2633/2953/2951 1786/2083/2081
f 1786/2083/2081 2634/2954/2952 1787/2084/2082
f 2635/2955/2953 2636/2085/2083 2634/2954/2952
f 2637/2956/2954 22/48/48 2635/2955/2953
f 2637/2956/2954 2638/2957/2955 1791/2088/2086
f 1791/2088/2086 1790/2086/2084 2637/2956/2954
f 1791/2088/2086 2638/2957/2955 2639/2958/2956
f 2639/2958/2956 1792/2090/2088 1791/2088/2086
f 2639/2958/2956 2640/2959/2957 1794/2093/2091
f 2639/2958/2956 1794/2093/2091 1792/2090/2088
f 1794/2093/2091 2640/2959/2957 2846/2960/2958
f 2846/2960/2958 1793/2091/2089 1794/2093/2091
f 2846/2960/2958 2641/2094/2092 1793/2091/2089
f 2641/2094/2092 3848/2961/2959 2642/2096/2094
f 2849/2962/2960 1798/2102/2100 2848/2963/2961
f 2849/2962/2960 2644/2964/2962 1798/2102/2100
f 2644/2964/2962 1800/2103/2101 1798/2102/2100
f 2644/2964/2962 2645/2965/2963 1803/2107/2105
f 2644/2964/2962 1803/2107/2105 1800/2103/2101
f 1803/2107/2105 2645/2965/2963 2646/2966/2964
f 2646/2966/2964 1804/2108/2106 1803/2107/2105
f 2646/2966/2964 2647/2967/2965 2648/2111/2109
f 2646/2966/2964 2648/2111/2109 1804/2108/2106
f 2648/2111/2109 2647/2967/2965 2852/2968/2966
f 2648/2111/2109 2852/2968/2966 2649/2969/2967
f 2649/2969/2967 2650/2112/2110 2648/2111/2109
f 2649/2969/2967 2853/2970/2968 2651/2115/2113
f 2649/2969/2967 2651/2115/2113 2650/2112/2110
f 2651/2115/2113 2853/2970/2968 2652/2971/2969
f 2651/2115/2113 2652/2971/2969 1807/2116/2114
f 1807/2116/2114 2652/2971/2969 2653/2972/2970
f 1807/2116/2114 2653/2972/2970 2654/2973/2971
f 2654/2973/2971 2653/2972/2970 2855/2974/2972
f 2654/2973/2971 2855/2974/2972 2655/2975/2973
f 2655/2975/2973 1809/2117/2115 2654/2973/2971
f 2655/2975/2973 2656/2123/2121 1811/2121/2119
f 2655/2975/2973 2657/2976/2974 2658/2125/2123
f 2655/2975/2973 2658/2125/2123 2656/2123/2121
f 2658/2125/2123 2657/2976/2974 2659/2126/2124
f 2659/2126/2124 2657/2976/2974 2660/2977/2975
f 2661/2978/2976 2662/2130/2128 2660/2977/2975
f 2661/2978/2976 2860/322/322 2664/2979/2977
f 2661/2978/2976 2664/2979/2977 2662/2130/2128
f 2664/2979/2977 2860/322/322 2663/318/318
f 2664/2979/2977 2663/318/318 2861/321/321
f 2664/2979/2977 2861/321/321 2666/2980/2978
f 2664/2979/2977 2666/2980/2978 2665/2134/2132
f 2666/2980/2978 2861/321/321 2667/2981/2979
f 2666/2980/2978 2667/2981/2979 2668/2982/2980
f 2668/2982/2980 1818/2135/2133 2666/2980/2978
f 2668/2982/2980 2667/2981/2979 2670/2983/2981
f 2670/2983/2981 2669/2138/2136 2668/2982/2980
f 2670/2983/2981 2671/2984/2982 2669/2138/2136
f 2671/2984/2982 1821/2141/2139 2669/2138/2136
f 2671/2984/2982 2670/2983/2981 2862/2985/2983
f 2671/2984/2982 1824/2143/2141 1821/2141/2139
f 2671/2984/2982 2672/2986/2984 2673/2987/2985
f 2671/2984/2982 2673/2987/2985 1824/2143/2141
f 2673/2987/2985 1826/2146/2144 1824/2143/2141
f 2673/2987/2985 2674/2988/2986 1826/2146/2144
f 2674/2988/2986 2673/2987/2985 2675/2989/2987
f 2674/2988/2986 2675/2989/2987 2676/2990/2988
f 2676/2990/2988 1828/2149/2147 2674/2988/2986
f 2676/2990/2988 2675/2989/2987 2864/2991/2989
f 2676/2990/2988 2864/2991/2989 2677/2992/2990
f 2677/2992/2990 2678/2156/2154 1831/2154/2152
f 2677/2992/2990 1831/2154/2152 2676/2990/2988
f 2677/2992/2990 2679/2993/2991 2680/2994/2992
f 2677/2992/2990 2680/2994/2992 2678/2156/2154
f 2680/2994/2992 2679/2993/2991 2867/2995/2993
f 2680/2994/2992 2867/2995/2993 2681/2161/2159
f 2681/2161/2159 1836/2159/2157 2680/2994/2992
f 2682/2996/2994 2683/2997/2995 1840/2166/2164
f 1840/2166/2164 1839/2163/2161 2682/2996/2994
f 1840/2166/2164 2683/2997/2995 2684/2998/2996
f 2684/2998/2996 2685/2168/2166 1840/2166/2164
f 2684/2998/2996 2871/2999/2997 2687/3000/2998
f 2684/2998/2996 2687/3000/2998 2686/2172/2170
f 2684/2998/2996 2686/2172/2170 2685/2168/2166
f 2686/2172/2170 2687/3000/2998 2688/3001/2999
f 2688/3001/2999 2689/2174/2172 2686/2172/2170
f 2689/2174/2172 2688/3001/2999 2690/3002/3000
f 2689/2174/2172 2690/3002/3000 2691/3003/3001
f 2691/3003/3001 1847/2175/2173 2689/2174/2172
f 2691/3003/3001 2875/3004/3002 2693/3005/3003
f 2691/3003/3001 2693/3005/3003 2692/2177/2175
f 2693/3005/3003 2694/2181/2179 2692/2177/2175
f 2693/3005/3003 2877/3006/3004 2696/3007/3005
f 2693/3005/3003 2696/3007/3005 2694/2181/2179
f 2696/3007/3005 2695/2184/2182 2694/2181/2179
f 2696/3007/3005 2698/3008/3006 2695/2184/2182
f 2698/3008/3006 2697/2186/2184 2695/2184/2182
f 2698/3008/3006 2696/3007/3005 2878/3009/3007
f 2698/3008/3006 2700/3010/3008 2697/2186/2184
f 2700/3010/3008 2699/2190/2188 2697/2186/2184
f 2700/3010/3008 2698/3008/3006 2880/3011/3009
f 2700/3010/3008 2701/2193/2191 2699/2190/2188
f 2701/2193/2191 2700/3010/3008 2881/3012/3010
f 2702/3013/3011 1857/2194/2192 2701/2193/2191
f 2702/3013/3011 2701/2193/2191 2883/3014/3012
f 2702/3013/3011 2704/3015/3013 1859/2195/2193
f 2702/3013/3011 2703/3016/3014 2704/3015/3013
f 2704/3015/3013 2706/2199/2197 1862/2197/2195
f 2704/3015/3013 2703/3016/3014 2705/3017/3015
f 2704/3015/3013 2705/3017/3015 2706/2199/2197
f 2706/2199/2197 2705/3017/3015 2707/3018/3016
f 2706/2199/2197 2707/3018/3016 2708/2201/2199
f 2708/2201/2199 2707/3018/3016 2709/3019/3017
f 2708/2201/2199 2709/3019/3017 1866/2203/2201
f 1866/2203/2201 2709/3019/3017 2710/3020/3018
f 1866/2203/2201 2710/3020/3018 1868/2205/2203
f 1868/2205/2203 2710/3020/3018 2711/3021/3019
f 1868/2205/2203 2711/3021/3019 1870/2207/2205
f 1870/2207/2205 2711/3021/3019 2712/3022/3020
f 1870/2207/2205 2712/3022/3020 1872/2209/2207
f 1872/2209/2207 2712/3022/3020 2713/3023/3021
f 1872/2209/2207 2713/3023/3021 1874/2211/2209
f 1874/2211/2209 2713/3023/3021 2714/3024/3022
f 1874/2211/2209 2714/3024/3022 1876/2213/2211
f 1876/2213/2211 2714/3024/3022 2715/3025/3023
f 2715/3025/3023 2716/3026/3024 1878/2215/2213
f 2715/3025/3023 2725/3027/3025 2716/3026/3024
f 2716/3026/3024 2717/3028/3026 1880/2217/2215
f 2716/3026/3024 2725/3027/3025 2717/3028/3026
f 2717/3028/3026 2718/3029/3027 1882/2219/2217
f 2717/3028/3026 2723/3030/3028 2718/3029/3027
f 2718/3029/3027 2719/3031/3029 1883/2221/2219
f 2718/3029/3027 2723/3030/3028 2719/3031/3029
f 2719/3031/3029 2720/2363/2361 1885/2223/2221
f 2720/2363/2361 2721/2362/2360 1885/2223/2221
f 2721/2362/2360 1886/2225/2223 1885/2223/2221
f 2721/2362/2360 2074/2229/2227 1886/2225/2223
f 2720/2363/2361 2719/3031/3029 1501/1763/1761
f 2719/3031/3029 2723/3030/3028 2722/2364/2362
f 2719/3031/3029 2722/2364/2362 1501/1763/1761
f 2723/3030/3028 2717/3028/3026 2724/3032/3030
f 2723/3030/3028 2724/3032/3030 2075/2365/2363
f 2723/3030/3028 2075/2365/2363 2722/2364/2362
f 2724/3032/3030 2726/3033/3031 2076/2366/2364
f 2724/3032/3030 2076/2366/2364 2075/2365/2363
f 2726/3033/3031 2724/3032/3030 2725/3027/3025
f 2726/3033/3031 2727/2367/2365 2076/2366/2364
f 2727/2367/2365 2728/2369/2367 2077/2368/2366
f 2728/2369/2367 2727/2367/2365 2891/3034/3032
f 2728/2369/2367 2892/3035/3033 2729/2370/2368
f 2729/2370/2368 2892/3035/3033 2730/3036/3034
f 2729/2370/2368 2730/3036/3034 2078/2371/2369
f 2730/3036/3034 2731/3037/3035 2079/2372/2370
f 2730/3036/3034 2079/2372/2370 2078/2371/2369
f 2731/3037/3035 2895/3038/3036 2732/2373/2371
f 2731/3037/3035 2732/2373/2371 2079/2372/2370
f 2732/2373/2371 2895/3038/3036 2733/2374/2372
f 2733/2374/2372 2895/3038/3036 2896/3039/3037
f 2733/2374/2372 2896/3039/3037 2734/3040/3038
f 2733/2374/2372 2734/3040/3038 2082/2376/2374
f 2733/2374/2372 2082/2376/2374 2081/2375/2373
f 2734/3040/3038 2735/3041/3039 2082/2376/2374
f 2735/3041/3039 2736/3042/3040 2737/3043/3041
f 2735/3041/3039 2737/3043/3041 2082/2376/2374
f 2737/3043/3041 2083/2377/2375 2082/2376/2374
f 2737/3043/3041 2736/3042/3040 2905/3044/3042
f 2737/3043/3041 2905/3044/3042 2085/2380/2378
f 2737/3043/3041 2085/2380/2378 2083/2377/2375
f 2085/2380/2378 2905/3044/3042 2738/3045/3043
f 2085/2380/2378 2738/3045/3043 2908/3046/3044
f 2085/2380/2378 2908/3046/3044 2087/2381/2379
f 2087/2381/2379 2908/3046/3044 2739/3047/3045
f 2087/2381/2379 2739/3047/3045 2090/2382/2380
f 2739/3047/3045 2091/2384/2382 2090/2382/2380
f 2739/3047/3045 2909/3048/3046 2740/3049/3047
f 2739/3047/3045 2740/3049/3047 2092/2385/2383
f 2739/3047/3045 2092/2385/2383 2091/2384/2382
f 2740/3049/3047 2741/3050/3048 2092/2385/2383
f 2741/3050/3048 2742/3051/3049 2093/2386/2384
f 2741/3050/3048 2093/2386/2384 2092/2385/2383
f 2742/3051/3049 2094/2387/2385 2093/2386/2384
f 2742/3051/3049 2914/3052/3050 2743/3053/3051
f 2742/3051/3049 2743/3053/3051 2095/2388/2386
f 2742/3051/3049 2095/2388/2386 2094/2387/2385
f 2095/2388/2386 2743/3053/3051 2744/3054/3052
f 2095/2388/2386 2744/3054/3052 2096/2389/2387
f 2744/3054/3052 2745/3055/3053 2099/2390/2388
f 2744/3054/3052 2099/2390/2388 2096/2389/2387
f 2745/3055/3053 2744/3054/3052 2918/3056/3054
f 2745/3055/3053 2746/3057/3055 2099/2390/2388
f 2746/3057/3055 2747/3058/3056 2100/2391/2389
f 2746/3057/3055 2100/2391/2389 2099/2390/2388
f 2747/3058/3056 2746/3057/3055 2919/3059/3057
f 2747/3058/3056 2749/3060/3058 2101/2392/2390
f 2747/3058/3056 2101/2392/2390 2100/2391/2389
f 2749/3060/3058 2748/2395/2393 2102/2393/2391
f 2749/3060/3058 2102/2393/2391 2101/2392/2390
f 2748/2395/2393 2749/3060/3058 2750/3061/3059
f 2748/2395/2393 2750/3061/3059 2105/2397/2395
f 2748/2395/2393 2105/2397/2395 2103/2394/2392
f 2750/3061/3059 2749/3060/3058 2751/3062/3060
f 2750/3061/3059 2751/3062/3060 2924/3063/3061
f 2750/3061/3059 2924/3063/3061 2753/3064/3062
f 2750/3061/3059 2753/3064/3062 2752/3065/3063
f 2750/3061/3059 2752/3065/3063 2105/2397/2395
f 2752/3065/3063 2754/2399/2397 2105/2397/2395
f 2755/2400/2398 2754/2399/2397 2927/3066/3064
f 2755/2400/2398 2927/3066/3064 2929/3067/3065
f 2755/2400/2398 2929/3067/3065 2108/2401/2399
f 2108/2401/2399 2756/2402/2400 2109/1799/1797
f 2757/2403/2401 2756/2402/2400 2931/3068/3066
f 2757/2403/2401 2931/3068/3066 2933/3069/3067
f 2757/2403/2401 2933/3069/3067 2934/3070/3068
f 2757/2403/2401 2934/3070/3068 1540/1802/1800
f 2934/3070/3068 2935/2404/2402 1540/1802/1800
f 2935/2404/2402 2759/3071/3069 2112/2405/2403
f 2112/2405/2403 2759/3071/3069 2758/2408/2406
f 2112/2405/2403 2758/2408/2406 4/5/5
f 2760/2410/2408 2115/2409/2407 2939/3072/3070
f 2760/2410/2408 2939/3072/3070 2938/3073/3071
f 2760/2410/2408 2938/3073/3071 2117/2411/2409
f 2117/2411/2409 2761/2413/2411 2116/2412/2410
f 2761/2413/2411 2117/2411/2409 2941/3074/3072
f 2761/2413/2411 2941/3074/3072 2940/2418/2416
f 2940/2418/2416 2762/3075/3073 2118/2416/2414
f 2762/3075/3073 2121/2419/2417 2118/2416/2414
f 2763/2420/2418 2121/2419/2417 2943/3076/3074
f 2763/2420/2418 2943/3076/3074 2764/3077/3075
f 2763/2420/2418 2764/3077/3075 2123/2421/2419
f 2764/3077/3075 2122/2422/2420 2123/2421/2419
f 2764/3077/3075 2765/3078/3076 2122/2422/2420
f 2765/3078/3076 2125/2425/2423 2122/2422/2420
f 2765/3078/3076 2766/3079/3077 2125/2425/2423
f 2766/3079/3077 2124/2426/2424 2125/2425/2423
f 2766/3079/3077 2127/2430/2428 2124/2426/2424
f 2766/3079/3077 2767/3080/3078 2127/2430/2428
f 2767/3080/3078 2769/3081/3079 2127/2430/2428
f 2769/3081/3079 2770/2431/2429 2127/2430/2428
f 2769/3081/3079 2767/3080/3078 2768/126/126
f 2770/2431/2429 2769/3081/3079 2955/125/125
f 2770/2431/2429 2955/125/125 2771/2435/2433
f 2771/2435/2433 2955/125/125 2772/3082/3080
f 2772/3082/3080 2129/2437/2435 2771/2435/2433
f 2772/3082/3080 2773/3083/3081 2129/2437/2435
f 2773/3083/3081 2774/3084/3082 2129/2437/2435
f 2774/3084/3082 2130/2440/2438 2129/2437/2435
f 2774/3084/3082 2775/2442/2440 2130/2440/2438
f 2775/2442/2440 2774/3084/3082 2958/3085/3083
f 2775/2442/2440 2958/3085/3083 2960/3086/3084
f 2775/2442/2440 2960/3086/3084 2134/2444/2442
f 2960/3086/3084 2776/3087/3085 2135/2445/2443
f 2960/3086/3084 2135/2445/2443 2134/2444/2442
f 2135/2445/2443 2776/3087/3085 2962/3088/3086
f 2135/2445/2443 2962/3088/3086 2777/3089/3087
f 2777/3089/3087 2962/3088/3086 2964/3090/3088
f 2777/3089/3087 2136/2446/2444 2135/2445/2443
f 2777/3089/3087 2778/3091/3089 2137/2447/2445
f 2777/3089/3087 2137/2447/2445 2136/2446/2444
f 2778/3091/3089 2780/3092/3090 2779/2451/2449
f 2778/3091/3089 2779/2451/2449 2137/2447/2445
f 2779/2451/2449 2141/2449/2447 2137/2447/2445
f 2780/3092/3090 2968/3093/3091 2781/3094/3092
f 2780/3092/3090 2781/3094/3092 2143/2452/2450
f 2780/3092/3090 2143/2452/2450 2779/2451/2449
f 2781/3094/3092 2782/3095/3093 2143/2452/2450
f 2782/3095/3093 2144/2453/2451 2143/2452/2450
f 2782/3095/3093 142/283/283 2783/3096/3094
f 2782/3095/3093 2783/3096/3094 2145/2454/2452
f 2782/3095/3093 2145/2454/2452 2144/2453/2451
f 2783/3096/3094 2977/3097/3095 2145/2454/2452
f 2977/3097/3095 2978/3098/3096 2784/3099/3097
f 2977/3097/3095 2784/3099/3097 2145/2454/2452
f 2784/3099/3097 2785/3100/3098 2146/2455/2453
f 2784/3099/3097 2146/2455/2453 2145/2454/2452
f 2785/3100/3098 2784/3099/3097 2980/3101/3099
f 2785/3100/3098 2981/3102/3100 2786/2456/2454
f 2785/3100/3098 2786/2456/2454 2146/2455/2453
f 2981/3102/3100 2787/3103/3101 2147/2458/2456
f 2981/3102/3100 2147/2458/2456 2786/2456/2454
f 2787/3103/3101 66/129/129 2148/2459/2457
f 2787/3103/3101 2148/2459/2457 2147/2458/2456
f 2787/3103/3101 2983/3104/3102 2788/3105/3103
f 2787/3103/3101 2788/3105/3103 66/129/129
f 2788/3105/3103 67/15/15 66/129/129
f 2788/3105/3103 2983/3104/3102 2984/3106/3104
f 2788/3105/3103 2984/3106/3104 8/16/16
f 2788/3105/3103 8/16/16 67/15/15
f 2984/3106/3104 2986/3107/3105 2789/17/17
f 2984/3106/3104 2789/17/17 8/16/16
f 2789/17/17 2790/3108/3106 2791/3109/3107
f 2789/17/17 2791/3109/3107 9/11/11
f 2791/3109/3107 97/3110/3108 2792/18/18
f 2791/3109/3107 2792/18/18 9/11/11
f 2792/18/18 97/3110/3108 3153/3111/3109
f 2792/18/18 3153/3111/3109 52/101/101
f 2792/18/18 52/101/101 2793/100/100
f 2792/18/18 2793/100/100 2794/197/197
f 2792/18/18 2794/197/197 2795/12/12
f 2795/12/12 2794/197/197 3993/3112/3110
f 2796/13/13 2795/12/12 3995/3113/3111
f 2796/13/13 3995/3113/3111 2799/3114/3112
f 2799/3114/3112 2797/2698/2696 2798/14/14
f 2799/3114/3112 2798/14/14 2796/13/13
f 2797/2698/2696 2799/3114/3112 3998/3115/3113
f 2797/2698/2696 3998/3115/3113 2800/2699/2697
f 2800/2699/2697 3998/3115/3113 2578/2897/2895
f 2800/2699/2697 2578/2897/2895 2577/2895/2893
f 2578/2897/2895 3997/3116/3114 2801/2898/2896
f 2578/2897/2895 2801/2898/2896 2579/2896/2894
f 2801/2898/2896 2802/3117/3115 2803/2899/2897
f 2801/2898/2896 2803/2899/2897 2580/2027/2025
f 2803/2899/2897 2802/3117/3115 2804/3118/3116
f 2803/2899/2897 2804/3118/3116 2805/3119/3117
f 2805/3119/3117 2804/3118/3116 3963/3120/3118
f 2805/3119/3117 2581/2900/2898 2803/2899/2897
f 2805/3119/3117 3963/3120/3118 3962/3121/3119
f 2805/3119/3117 3962/3121/3119 2806/2901/2899
f 2805/3119/3117 2806/2901/2899 2581/2900/2898
f 2806/2901/2899 3962/3121/3119 3418/3122/3120
f 2806/2901/2899 3418/3122/3120 2583/2902/2900
f 2583/2902/2900 2582/2029/2027 2806/2901/2899
f 2807/3123/3121 2584/2903/2901 2583/2902/2900
f 2807/3123/3121 2583/2902/2900 3420/3124/3122
f 2807/3123/3121 2586/2904/2902 2584/2903/2901
f 2586/2904/2902 2807/3123/3121 3422/3125/3123
f 3423/3126/3124 2587/2905/2903 2586/2904/2902
f 3423/3126/3124 2808/3127/3125 2587/2905/2903
f 2808/3127/3125 2588/2906/2904 2587/2905/2903
f 2808/3127/3125 3423/3126/3124 3424/3128/3126
f 2808/3127/3125 3424/3128/3126 2809/3129/3127
f 2808/3127/3125 2809/3129/3127 2589/2907/2905
f 2808/3127/3125 2589/2907/2905 2588/2906/2904
f 2809/3129/3127 2810/3130/3128 2590/2908/2906
f 2809/3129/3127 2590/2908/2906 2589/2907/2905
f 2810/3130/3128 2591/2909/2907 2590/2908/2906
f 2810/3130/3128 2811/3131/3129 2592/2910/2908
f 2810/3130/3128 2592/2910/2908 2591/2909/2907
f 2811/3131/3129 3431/3132/3130 2593/2911/2909
f 2811/3131/3129 2593/2911/2909 2592/2910/2908
f 3431/3132/3130 2594/2912/2910 2593/2911/2909
f 2594/2912/2910 3431/3132/3130 3433/3133/3131
f 2594/2912/2910 3433/3133/3131 2812/2913/2911
f 2812/2913/2911 3433/3133/3131 2597/2914/2912
f 2813/2916/2914 2597/2914/2912 3434/3134/3132
f 2813/2916/2914 2598/2915/2913 2597/2914/2912
f 2813/2916/2914 2601/2918/2916 2599/2917/2915
f 2601/2918/2916 2813/2916/2914 2814/3135/3133
f 2601/2918/2916 2814/3135/3133 2815/2919/2917
f 2815/2919/2917 2814/3135/3133 3437/3136/3134
f 2815/2919/2917 3437/3136/3134 2816/3137/3135
f 2815/2919/2917 2816/3137/3135 2603/2920/2918
f 2816/3137/3135 2605/2922/2920 2603/2920/2918
f 2816/3137/3135 3439/3138/3136 2817/2924/2922
f 2816/3137/3135 2817/2924/2922 2605/2922/2920
f 2817/2924/2922 3439/3138/3136 2818/3139/3137
f 2817/2924/2922 2818/3139/3137 2819/3140/3138
f 2819/3140/3138 2607/2925/2923 2817/2924/2922
f 2819/3140/3138 2818/3139/3137 3442/3141/3139
f 2819/3140/3138 3442/3141/3139 2820/2927/2925
f 2819/3140/3138 2820/2927/2925 2608/2926/2924
f 2819/3140/3138 2608/2926/2924 2607/2925/2923
f 2820/2927/2925 3442/3141/3139 2610/2928/2926
f 2610/2928/2926 3443/3142/3140 2612/2929/2927
f 2612/2929/2927 2821/3143/3141 2614/2930/2928
f 2614/2930/2928 2821/3143/3141 2822/3144/3142
f 2614/2930/2928 2822/3144/3142 2823/2931/2929
f 2823/2931/2929 2822/3144/3142 3444/3145/3143
f 2823/2931/2929 3444/3145/3143 2824/2932/2930
f 2824/2932/2930 3444/3145/3143 3445/3146/3144
f 2824/2932/2930 3445/3146/3144 2825/2933/2931
f 2824/2932/2930 1761/2057/2055 2823/2931/2929
f 2825/2933/2931 3445/3146/3144 3590/3147/3145
f 2825/2933/2931 3590/3147/3145 2826/2934/2932
f 2826/2934/2932 3446/3148/3146 2827/2936/2934
f 2827/2936/2934 3448/3149/3147 2828/3150/3148
f 2827/2936/2934 2618/2935/2933 2826/2934/2932
f 2828/3150/3148 3450/3151/3149 2829/3152/3150
f 2828/3150/3148 2829/3152/3150 2620/2937/2935
f 2828/3150/3148 2620/2937/2935 2827/2936/2934
f 2829/3152/3150 2830/2939/2937 2621/2938/2936
f 2829/3152/3150 2621/2938/2936 2620/2937/2935
f 2830/2939/2937 2829/3152/3150 2831/3153/3151
f 2830/2939/2937 2831/3153/3151 2832/2940/2938
f 2830/2939/2937 2832/2940/2938 1768/2065/2063
f 2832/2940/2938 2833/2941/2939 1770/2067/2065
f 2833/2941/2939 3455/3154/3152 2622/2942/2940
f 2833/2941/2939 2622/2942/2940 1772/2069/2067
f 2622/2942/2940 2834/3155/3153 2835/2943/2941
f 2622/2942/2940 2835/2943/2941 1774/2071/2069
f 2835/2943/2941 2834/3155/3153 3456/3156/3154
f 2835/2943/2941 3456/3156/3154 2623/2944/2942
f 2835/2943/2941 2623/2944/2942 1776/2073/2071
f 2623/2944/2942 2836/3157/3155 2625/2946/2944
f 2623/2944/2942 2625/2946/2944 2624/2945/2943
f 2625/2946/2944 2837/3158/3156 2627/2948/2946
f 2625/2946/2944 2627/2948/2946 2626/2947/2945
f 2627/2948/2946 2838/3159/3157 2628/2949/2947
f 2838/3159/3157 2839/3160/3158 2629/2079/2077
f 2838/3159/3157 2629/2079/2077 2628/2949/2947
f 2839/3160/3158 2840/2951/2949 2630/2950/2948
f 2839/3160/3158 2630/2950/2948 2629/2079/2077
f 2840/2951/2949 1782/2080/2078 2630/2950/2948
f 2841/2952/2950 2840/2951/2949 3461/3161/3159
f 2841/2952/2950 3461/3161/3159 2842/3162/3160
f 2841/2952/2950 2842/3162/3160 2633/2953/2951
f 2842/3162/3160 3463/3163/3161 2633/2953/2951
f 2633/2953/2951 3463/3163/3161 2843/3164/3162
f 2843/3164/3162 2844/3165/3163 2634/2954/2952
f 2843/3164/3162 2634/2954/2952 1786/2083/2081
f 2843/3164/3162 1786/2083/2081 2633/2953/2951
f 2844/3165/3163 85/170/170 2845/3166/3164
f 2844/3165/3163 2845/3166/3164 2635/2955/2953
f 2844/3165/3163 2635/2955/2953 2634/2954/2952
f 2845/3166/3164 2637/2956/2954 2635/2955/2953
f 2845/3166/3164 3854/3167/3165 2638/2957/2955
f 2845/3166/3164 2638/2957/2955 2637/2956/2954
f 2638/2957/2955 3853/3168/3166 2639/2958/2956
f 2639/2958/2956 3853/3168/3166 3852/3169/3167
f 2639/2958/2956 3852/3169/3167 2640/2959/2957
f 2640/2959/2957 3851/3170/3168 2846/2960/2958
f 2847/3171/3169 2641/2094/2092 2846/2960/2958
f 2847/3171/3169 3848/2961/2959 2641/2094/2092
f 3847/3172/3170 2643/2098/2096 2642/2096/2094
f 3847/3172/3170 2642/2096/2094 3848/2961/2959
f 3847/3172/3170 3846/3173/3171 2848/2963/2961
f 3847/3172/3170 2848/2963/2961 2643/2098/2096
f 2848/2963/2961 3846/3173/3171 2849/2962/2960
f 2850/3174/3172 2644/2964/2962 2849/2962/2960
f 2850/3174/3172 2851/3175/3173 2645/2965/2963
f 2850/3174/3172 2645/2965/2963 2644/2964/2962
f 2645/2965/2963 2851/3175/3173 3841/3176/3174
f 2645/2965/2963 3841/3176/3174 2646/2966/2964
f 2647/2967/2965 3840/3177/3175 2852/2968/2966
f 2852/2968/2966 3838/3178/3176 2853/2970/2968
f 2853/2970/2968 2649/2969/2967 2852/2968/2966
f 2853/2970/2968 3838/3178/3176 2854/3179/3177
f 2853/2970/2968 2854/3179/3177 2652/2971/2969
f 2652/2971/2969 3835/3180/3178 2653/2972/2970
f 2856/3181/3179 2655/2975/2973 2855/2974/2972
f 2856/3181/3179 2857/3182/3180 2655/2975/2973
f 2857/3182/3180 2657/2976/2974 2655/2975/2973
f 2857/3182/3180 3857/3183/3181 2657/2976/2974
f 2657/2976/2974 3857/3183/3181 2858/3184/3182
f 2858/3184/3182 2660/2977/2975 2657/2976/2974
f 2858/3184/3182 2859/3185/3183 2661/2978/2976
f 2858/3184/3182 2661/2978/2976 2660/2977/2975
f 2661/2978/2976 2859/3185/3183 2860/322/322
f 2861/321/321 3862/3186/3184 2667/2981/2979
f 3896/3187/3185 2670/2983/2981 2667/2981/2979
f 3896/3187/3185 3895/3188/3186 2862/2985/2983
f 3896/3187/3185 2862/2985/2983 2670/2983/2981
f 2862/2985/2983 3895/3188/3186 3894/3189/3187
f 2862/2985/2983 2672/2986/2984 2671/2984/2982
f 2862/2985/2983 3894/3189/3187 3892/3190/3188
f 2862/2985/2983 3892/3190/3188 2863/3191/3189
f 2862/2985/2983 2863/3191/3189 2672/2986/2984
f 2863/3191/3189 2673/2987/2985 2672/2986/2984
f 2863/3191/3189 2675/2989/2987 2673/2987/2985
f 2863/3191/3189 3890/3192/3190 2864/2991/2989
f 2863/3191/3189 2864/2991/2989 2675/2989/2987
f 2864/2991/2989 3890/3192/3190 2865/3193/3191
f 2865/3193/3191 2679/2993/2991 2677/2992/2990
f 2865/3193/3191 2677/2992/2990 2864/2991/2989
f 2865/3193/3191 2866/3194/3192 2867/2995/2993
f 2865/3193/3191 2867/2995/2993 2679/2993/2991
f 2867/2995/2993 2866/3194/3192 3887/3195/3193
f 2867/2995/2993 3887/3195/3193 2868/3196/3194
f 2868/3196/3194 2682/2996/2994 2681/2161/2159
f 2868/3196/3194 2681/2161/2159 2867/2995/2993
f 2868/3196/3194 3886/3197/3195 2869/3198/3196
f 2868/3196/3194 2869/3198/3196 2682/2996/2994
f 2869/3198/3196 2683/2997/2995 2682/2996/2994
f 2869/3198/3196 3885/3199/3197 2870/3200/3198
f 2869/3198/3196 2870/3200/3198 2683/2997/2995
f 2870/3200/3198 2684/2998/2996 2683/2997/2995
f 2870/3200/3198 2871/2999/2997 2684/2998/2996
f 2872/3201/3199 2687/3000/2998 2871/2999/2997
f 2872/3201/3199 2873/3202/3200 2687/3000/2998
f 2873/3202/3200 2688/3001/2999 2687/3000/2998
f 2873/3202/3200 3879/3203/3201 2874/3204/3202
f 2873/3202/3200 2874/3204/3202 2688/3001/2999
f 2874/3204/3202 2690/3002/3000 2688/3001/2999
f 2874/3204/3202 3881/3205/3203 2690/3002/3000
f 2690/3002/3000 3881/3205/3203 3882/3206/3204
f 2690/3002/3000 3882/3206/3204 2875/3004/3002
f 2875/3004/3002 2691/3003/3001 2690/3002/3000
f 2875/3004/3002 3882/3206/3204 2876/3207/3205
f 2875/3004/3002 2876/3207/3205 2877/3006/3004
f 2877/3006/3004 2693/3005/3003 2875/3004/3002
f 2877/3006/3004 2876/3207/3205 3092/3208/3206
f 2877/3006/3004 3089/3209/3207 2878/3009/3007
f 2877/3006/3004 2878/3009/3007 2696/3007/3005
f 2878/3009/3007 2880/3011/3009 2698/3008/3006
f 2878/3009/3007 3069/3210/3208 2879/3211/3209
f 2878/3009/3007 2879/3211/3209 2880/3011/3009
f 2880/3011/3009 2881/3012/3010 2700/3010/3008
f 2880/3011/3009 2879/3211/3209 2881/3012/3010
f 2881/3012/3010 2883/3014/3012 2701/2193/2191
f 2881/3012/3010 2882/3212/3210 2883/3014/3012
f 2883/3014/3012 2703/3016/3014 2702/3013/3011
f 2883/3014/3012 2882/3212/3210 2884/3213/3211
f 2883/3014/3012 2884/3213/3211 2703/3016/3014
f 2703/3016/3014 2884/3213/3211 2885/3214/3212
f 2703/3016/3014 2885/3214/3212 2705/3017/3015
f 2705/3017/3015 2885/3214/3212 2886/3215/3213
f 2705/3017/3015 2886/3215/3213 2707/3018/3016
f 2707/3018/3016 2886/3215/3213 2887/3216/3214
f 2707/3018/3016 2887/3216/3214 2709/3019/3017
f 2709/3019/3017 2887/3216/3214 2888/3217/3215
f 2709/3019/3017 2888/3217/3215 2710/3020/3018
f 2710/3020/3018 2888/3217/3215 2893/3218/3216
f 2710/3020/3018 2893/3218/3216 2711/3021/3019
f 2711/3021/3019 2893/3218/3216 2889/3219/3217
f 2711/3021/3019 2889/3219/3217 2712/3022/3020
f 2712/3022/3020 2889/3219/3217 2890/3220/3218
f 2712/3022/3020 2890/3220/3218 2713/3023/3021
f 2713/3023/3021 2890/3220/3218 2891/3034/3032
f 2713/3023/3021 2891/3034/3032 2714/3024/3022
f 2714/3024/3022 2891/3034/3032 2726/3033/3031
f 2726/3033/3031 2715/3025/3023 2714/3024/3022
f 2726/3033/3031 2725/3027/3025 2715/3025/3023
f 2726/3033/3031 2891/3034/3032 2727/2367/2365
f 2891/3034/3032 2890/3220/3218 2728/2369/2367
f 2890/3220/3218 2889/3219/3217 2892/3035/3033
f 2890/3220/3218 2892/3035/3033 2728/2369/2367
f 2892/3035/3033 2889/3219/3217 2893/3218/3216
f 2892/3035/3033 2893/3218/3216 2730/3036/3034
f 2893/3218/3216 2888/3217/3215 2731/3037/3035
f 2893/3218/3216 2731/3037/3035 2730/3036/3034
f 2888/3217/3215 2894/3221/3219 2731/3037/3035
f 2894/3221/3219 3068/3222/3220 2895/3038/3036
f 2894/3221/3219 2895/3038/3036 2731/3037/3035
f 2895/3038/3036 3068/3222/3220 2896/3039/3037
f 2896/3039/3037 3068/3222/3220 2897/3223/3221
f 2896/3039/3037 2897/3223/3221 2898/3224/3222
f 2896/3039/3037 2898/3224/3222 2734/3040/3038
f 2898/3224/3222 2899/3225/3223 2735/3041/3039
f 2898/3224/3222 2735/3041/3039 2734/3040/3038
f 2899/3225/3223 2900/3226/3224 2903/3227/3225
f 2899/3225/3223 2903/3227/3225 2736/3042/3040
f 2899/3225/3223 2736/3042/3040 2735/3041/3039
f 2903/3227/3225 2900/3226/3224 2901/3228/3226
f 2903/3227/3225 2901/3228/3226 2902/3229/3227
f 2903/3227/3225 2902/3229/3227 2904/3230/3228
f 2903/3227/3225 2904/3230/3228 2736/3042/3040
f 2904/3230/3228 2902/3229/3227 2906/3231/3229
f 2904/3230/3228 2906/3231/3229 2905/3044/3042
f 2904/3230/3228 2905/3044/3042 2736/3042/3040
f 2905/3044/3042 2906/3231/3229 2738/3045/3043
f 2738/3045/3043 2906/3231/3229 3053/3232/3230
f 2738/3045/3043 3053/3232/3230 2908/3046/3044
f 2908/3046/3044 3053/3232/3230 2907/3233/3231
f 2908/3046/3044 2907/3233/3231 2739/3047/3045
f 2907/3233/3231 2909/3048/3046 2739/3047/3045
f 2909/3048/3046 2907/3233/3231 2910/3234/3232
f 2909/3048/3046 2910/3234/3232 2911/3235/3233
f 2909/3048/3046 2911/3235/3233 2740/3049/3047
f 2911/3235/3233 2913/3236/3234 2912/3237/3235
f 2911/3235/3233 2912/3237/3235 2741/3050/3048
f 2911/3235/3233 2741/3050/3048 2740/3049/3047
f 2912/3237/3235 2914/3052/3050 2741/3050/3048
f 2914/3052/3050 2912/3237/3235 2915/3238/3236
f 2914/3052/3050 2742/3051/3049 2741/3050/3048
f 2915/3238/3236 2916/3239/3237 2743/3053/3051
f 2915/3238/3236 2743/3053/3051 2914/3052/3050
f 2916/3239/3237 2915/3238/3236 3043/3240/3238
f 2916/3239/3237 2917/3241/3239 2744/3054/3052
f 2916/3239/3237 2744/3054/3052 2743/3053/3051
f 2917/3241/3239 2918/3056/3054 2744/3054/3052
f 2918/3056/3054 2917/3241/3239 4069/3242/3240
f 2918/3056/3054 4069/3242/3240 2745/3055/3053
f 2745/3055/3053 4069/3242/3240 4070/3243/3241
f 2745/3055/3053 4070/3243/3241 2919/3059/3057
f 2745/3055/3053 2919/3059/3057 2746/3057/3055
f 2919/3059/3057 4070/3243/3241 2921/3244/3242
f 2919/3059/3057 2921/3244/3242 2920/3245/3243
f 2919/3059/3057 2920/3245/3243 2747/3058/3056
f 2920/3245/3243 2749/3060/3058 2747/3058/3056
f 2920/3245/3243 2921/3244/3242 2922/3246/3244
f 2920/3245/3243 2922/3246/3244 2751/3062/3060
f 2920/3245/3243 2751/3062/3060 2749/3060/3058
f 2922/3246/3244 2921/3244/3242 123/248/248
f 2922/3246/3244 123/248/248 2923/3247/3245
f 2922/3246/3244 2923/3247/3245 2924/3063/3061
f 2922/3246/3244 2924/3063/3061 2751/3062/3060
f 2923/3247/3245 123/248/248 4073/3248/3246
f 2924/3063/3061 2923/3247/3245 4075/3249/3247
f 2924/3063/3061 4075/3249/3247 4074/3250/3248
f 2924/3063/3061 4074/3250/3248 2925/3251/3249
f 2924/3063/3061 2925/3251/3249 2753/3064/3062
f 2925/3251/3249 2926/3252/3250 2752/3065/3063
f 2925/3251/3249 2752/3065/3063 2753/3064/3062
f 2926/3252/3250 2927/3066/3064 2754/2399/2397
f 2926/3252/3250 2754/2399/2397 2752/3065/3063
f 2929/3067/3065 2927/3066/3064 2928/225/225
f 2929/3067/3065 2930/3253/3251 2108/2401/2399
f 2930/3253/3251 2931/3068/3066 2756/2402/2400
f 2930/3253/3251 2756/2402/2400 2108/2401/2399
f 2930/3253/3251 2929/3067/3065 4356/224/224
f 2931/3068/3066 2930/3253/3251 2932/214/214
f 2931/3068/3066 2932/214/214 2933/3069/3067
f 2935/2404/2402 2936/110/110 2759/3071/3069
f 2936/110/110 2937/3254/3252 2758/2408/2406
f 2936/110/110 2758/2408/2406 2759/3071/3069
f 2937/3254/3252 2939/3072/3070 2115/2409/2407
f 2937/3254/3252 2115/2409/2407 2758/2408/2406
f 2937/3254/3252 2936/110/110 56/109/109
f 2938/3073/3071 2941/3074/3072 2117/2411/2409
f 2938/3073/3071 2939/3072/3070 4114/3255/3253
f 2938/3073/3071 4114/3255/3253 2941/3074/3072
f 2940/2418/2416 2941/3074/3072 2942/3256/3254
f 2942/3256/3254 2762/3075/3073 2940/2418/2416
f 2762/3075/3073 2942/3256/3254 4113/3257/3255
f 2762/3075/3073 4113/3257/3255 4112/3258/3256
f 2762/3075/3073 4112/3258/3256 2121/2419/2417
f 4112/3258/3256 2943/3076/3074 2121/2419/2417
f 2943/3076/3074 2944/3259/3257 2764/3077/3075
f 2944/3259/3257 2765/3078/3076 2764/3077/3075
f 2944/3259/3257 2945/3260/3258 2765/3078/3076
f 2945/3260/3258 2766/3079/3077 2765/3078/3076
f 2945/3260/3258 2767/3080/3078 2766/3079/3077
f 2945/3260/3258 2946/3261/3259 2767/3080/3078
f 2946/3261/3259 2768/126/126 2767/3080/3078
f 2946/3261/3259 64/127/127 2768/126/126
f 64/127/127 2946/3261/3259 4111/143/143
f 64/127/127 73/142/142 65/128/128
f 65/128/128 2947/3262/3260 2948/231/231
f 2948/231/231 2947/3262/3260 115/229/229
f 2948/231/231 63/124/124 65/128/128
f 2949/3263/3261 2950/3264/3262 2951/3265/3263
f 2949/3263/3261 2951/3265/3263 114/230/230
f 2949/3263/3261 114/230/230 115/229/229
f 2951/3265/3263 2952/3266/3264 2953/3267/3265
f 2951/3265/3263 2953/3267/3265 114/230/230
f 2953/3267/3265 4119/3268/3266 114/230/230
f 114/230/230 4119/3268/3266 63/124/124
f 114/230/230 63/124/124 2948/231/231
f 4119/3268/3266 2954/3269/3267 63/124/124
f 2954/3269/3267 4119/3268/3266 4121/3270/3268
f 2954/3269/3267 2772/3082/3080 2955/125/125
f 2954/3269/3267 2955/125/125 63/124/124
f 2954/3269/3267 2956/3271/3269 2772/3082/3080
f 2956/3271/3269 4121/3270/3268 2957/3272/3270
f 2956/3271/3269 2957/3272/3270 2773/3083/3081
f 2956/3271/3269 2773/3083/3081 2772/3082/3080
f 2957/3272/3270 2958/3085/3083 2774/3084/3082
f 2957/3272/3270 2774/3084/3082 2773/3083/3081
f 2958/3085/3083 2957/3272/3270 2959/3273/3271
f 2958/3085/3083 2959/3273/3271 2960/3086/3084
f 2960/3086/3084 2959/3273/3271 2961/3274/3272
f 2960/3086/3084 2961/3274/3272 2776/3087/3085
f 2961/3274/3272 4125/3275/3273 2962/3088/3086
f 2961/3274/3272 2962/3088/3086 2776/3087/3085
f 2962/3088/3086 4125/3275/3273 2963/3276/3274
f 2962/3088/3086 2963/3276/3274 2964/3090/3088
f 2964/3090/3088 2963/3276/3274 4128/3277/3275
f 4128/3277/3275 4129/3278/3276 2965/3279/3277
f 4128/3277/3275 2965/3279/3277 2964/3090/3088
f 2965/3279/3277 2777/3089/3087 2964/3090/3088
f 2965/3279/3277 4129/3278/3276 4130/3280/3278
f 2965/3279/3277 4130/3280/3278 2966/3281/3279
f 2965/3279/3277 2966/3281/3279 2777/3089/3087
f 2966/3281/3279 2778/3091/3089 2777/3089/3087
f 2966/3281/3279 4130/3280/3278 2967/3282/3280
f 2966/3281/3279 2967/3282/3280 2778/3091/3089
f 2967/3282/3280 2968/3093/3091 2780/3092/3090
f 2967/3282/3280 2780/3092/3090 2778/3091/3089
f 2969/3283/3281 2968/3093/3091 4131/3284/3282
f 2969/3283/3281 2781/3094/3092 2968/3093/3091
f 2969/3283/3281 2970/282/282 142/283/283
f 2969/3283/3281 142/283/283 2782/3095/3093
f 2969/3283/3281 2782/3095/3093 2781/3094/3092
f 2969/3283/3281 4131/3284/3282 2971/3285/3283
f 2969/3283/3281 2971/3285/3283 2970/282/282
f 2970/282/282 2971/3285/3283 4134/3286/3284
f 2970/282/282 4134/3286/3284 2972/280/280
f 2972/280/280 4136/3287/3285 2973/281/281
f 2973/281/281 4136/3287/3285 4137/3288/3286
f 4137/3288/3286 2974/3289/3287 2975/3290/3288
f 4137/3288/3286 2975/3290/3288 2973/281/281
f 2975/3290/3288 2974/3289/3287 4141/3291/3289
f 2975/3290/3288 2976/3292/3290 2973/281/281
f 2976/3292/3290 141/279/279 2973/281/281
f 2976/3292/3290 2978/3098/3096 2977/3097/3095
f 2976/3292/3290 2977/3097/3095 141/279/279
f 2977/3097/3095 2783/3096/3094 141/279/279
f 2784/3099/3097 2978/3098/3096 2979/3293/3291
f 2784/3099/3097 2979/3293/3291 2980/3101/3099
f 2980/3101/3099 4145/3294/3292 2982/3295/3293
f 2980/3101/3099 2982/3295/3293 2981/3102/3100
f 2980/3101/3099 2981/3102/3100 2785/3100/3098
f 2982/3295/3293 2983/3104/3102 2981/3102/3100
f 2983/3104/3102 2787/3103/3101 2981/3102/3100
f 2982/3295/3293 4149/3296/3294 2984/3106/3104
f 2982/3295/3293 2984/3106/3104 2983/3104/3102
f 2984/3106/3104 4149/3296/3294 2985/3297/3295
f 2985/3297/3295 2988/3298/3296 2986/3107/3105
f 2985/3297/3295 2986/3107/3105 2984/3106/3104
f 2986/3107/3105 2988/3298/3296 2989/3299/3297
f 2986/3107/3105 2989/3299/3297 2987/275/275
f 2987/275/275 2790/3108/3106 2789/17/17
f 2987/275/275 2789/17/17 2986/3107/3105
f 2790/3108/3106 2987/275/275 140/274/274
f 2790/3108/3106 140/274/274 99/3300/3298
f 2790/3108/3106 99/3300/3298 97/3110/3108
f 2790/3108/3106 97/3110/3108 2791/3109/3107
f 2987/275/275 2989/3299/3297 2990/276/276
f 2989/3299/3297 2988/3298/3296 4151/3301/3299
f 2989/3299/3297 4151/3301/3299 2990/276/276
f 2990/276/276 4151/3301/3299 4153/3302/3300
f 2990/276/276 4153/3302/3300 2993/3303/3301
f 2990/276/276 2993/3303/3301 2991/277/277
f 2993/3303/3301 2992/3304/3302 2991/277/277
f 2993/3303/3301 2994/3305/3303 2992/3304/3302
f 2994/3305/3303 2993/3303/3301 2996/3306/3304
f 2994/3305/3303 2995/3307/3305 2992/3304/3302
f 2994/3305/3303 2996/3306/3304 2997/3308/3306
f 2994/3305/3303 2997/3308/3306 2995/3307/3305
f 2997/3308/3306 2999/3309/3307 2995/3307/3305
f 2999/3309/3307 2997/3308/3306 4355/3310/3308
f 2999/3309/3307 3000/3311/3309 2998/3312/3310
f 3000/3311/3309 2999/3309/3307 4354/3313/3311
f 3000/3311/3309 3001/3314/3312 3140/3315/3313
f 3000/3311/3309 3002/3316/3314 3001/3314/3312
f 3001/3314/3312 3002/3316/3314 3003/3317/3315
f 3005/3318/3316 3004/3319/3317 3003/3317/3315
f 3005/3318/3316 3007/3320/3318 3137/3321/3319
f 3005/3318/3316 3006/3322/3320 3007/3320/3318
f 3007/3320/3318 3006/3322/3320 4352/3323/3321
f 3007/3320/3318 4352/3323/3321 3010/3324/3322
f 3007/3320/3318 3010/3324/3322 3135/3325/3323
f 3010/3324/3322 3008/3326/3324 3009/3327/3325
f 3009/3327/3325 3008/3326/3324 3011/3328/3326
f 3011/3328/3326 3132/3329/3327 3009/3327/3325
f 3011/3328/3326 4350/3330/3328 3012/3331/3329
f 3011/3328/3326 3012/3331/3329 3132/3329/3327
f 3012/3331/3329 3130/3332/3330 3132/3329/3327
f 3012/3331/3329 3013/3333/3331 3130/3332/3330
f 3013/3333/3331 3012/3331/3329 3014/3334/3332
f 3013/3333/3331 3014/3334/3332 3015/3335/3333
f 3015/3335/3333 3014/3334/3332 3016/3336/3334
f 3015/3335/3333 3016/3336/3334 3017/3337/3335
f 3017/3337/3335 3127/3338/3336 3015/3335/3333
f 3017/3337/3335 3016/3336/3334 4347/3339/3337
f 3017/3337/3335 3125/3340/3338 3127/3338/3336
f 3017/3337/3335 3018/3341/3339 3125/3340/3338
f 3018/3341/3339 3123/3342/3340 3125/3340/3338
f 3018/3341/3339 4346/3343/3341 3019/3344/3342
f 3018/3341/3339 3019/3344/3342 3123/3342/3340
f 3019/3344/3342 4346/3343/3341 4344/3345/3343
f 3019/3344/3342 4344/3345/3343 3020/3346/3344
f 3020/3346/3344 3021/3347/3345 3019/3344/3342
f 3020/3346/3344 3022/3348/3346 3021/3347/3345
f 3020/3346/3344 4342/3349/3347 3023/3350/3348
f 3020/3346/3344 3023/3350/3348 3022/3348/3346
f 3023/3350/3348 3120/3351/3349 3022/3348/3346
f 3023/3350/3348 3024/3352/3350 3120/3351/3349
f 3024/3352/3350 3023/3350/3348 3025/3353/3351
f 3025/3353/3351 3026/3354/3352 3027/3355/3353
f 3027/3355/3353 3118/3356/3354 3025/3353/3351
f 3027/3355/3353 3026/3354/3352 3028/3357/3355
f 3027/3355/3353 3028/3357/3355 3116/3358/3356
f 3116/3358/3356 3028/3357/3355 3029/3359/3357
f 3029/3359/3357 3031/3360/3358 3116/3358/3356
f 3029/3359/3357 3030/3361/3359 3031/3360/3358
f 3031/3360/3358 3030/3361/3359 3032/246/246
f 3032/246/246 3113/3362/3360 3031/3360/3358
f 3032/246/246 3033/3363/3361 3113/3362/3360
f 3033/3363/3361 3036/3364/3362 3113/3362/3360
f 3033/3363/3361 3032/246/246 3034/245/245
f 3033/3363/3361 3034/245/245 3035/3365/3363
f 3033/3363/3361 3035/3365/3363 3036/3364/3362
f 3035/3365/3363 3038/3366/3364 3036/3364/3362
f 3035/3365/3363 3037/3367/3365 3038/3366/3364
f 3037/3367/3365 3110/3368/3366 3038/3366/3364
f 3037/3367/3365 4068/3369/3367 3039/3370/3368
f 3037/3367/3365 3039/3370/3368 3110/3368/3366
f 3039/3370/3368 4068/3369/3367 3042/3371/3369
f 3039/3370/3368 3042/3371/3369 3040/3372/3370
f 3040/3372/3370 3109/3373/3371 3039/3370/3368
f 3040/3372/3370 3042/3371/3369 119/242/242
f 3040/3372/3370 119/242/242 122/241/241
f 3042/3371/3369 4068/3369/3367 3041/3374/3372
f 3042/3371/3369 3041/3374/3372 3043/3240/3238
f 3042/3371/3369 3043/3240/3238 3045/3375/3373
f 3042/3371/3369 3045/3375/3373 3044/3376/3374
f 3042/3371/3369 3044/3376/3374 119/242/242
f 3044/3376/3374 120/240/240 119/242/242
f 3044/3376/3374 3045/3375/3373 3046/3377/3375
f 3044/3376/3374 3046/3377/3375 120/240/240
f 3046/3377/3375 3047/3378/3376 121/243/243
f 3046/3377/3375 121/243/243 120/240/240
f 3046/3377/3375 3048/3379/3377 3047/3378/3376
f 3047/3378/3376 3048/3379/3377 3049/3380/3378
f 3049/3380/3378 3050/3381/3379 3047/3378/3376
f 3049/3380/3378 3052/3382/3380 3051/3383/3381
f 3049/3380/3378 3051/3383/3381 3050/3381/3379
f 3051/3383/3381 3052/3382/3380 2910/3234/3232
f 3051/3383/3381 2910/3234/3232 3054/3384/3382
f 3054/3384/3382 3055/3385/3383 3051/3383/3381
f 3054/3384/3382 2910/3234/3232 3053/3232/3230
f 3054/3384/3382 3053/3232/3230 2906/3231/3229
f 3055/3385/3383 3056/3386/3384 3057/3387/3385
f 3055/3385/3383 3054/3384/3382 3058/3388/3386
f 3055/3385/3383 3058/3388/3386 3056/3386/3384
f 3058/3388/3386 3054/3384/3382 2906/3231/3229
f 3056/3386/3384 3074/3389/3387 3057/3387/3385
f 3058/3388/3386 3059/3390/3388 3060/3391/3389
f 3058/3388/3386 3060/3391/3389 3056/3386/3384
f 3058/3388/3386 2906/3231/3229 2902/3229/3227
f 3058/3388/3386 2902/3229/3227 3059/3390/3388
f 3060/3391/3389 3061/3392/3390 3074/3389/3387
f 3060/3391/3389 3074/3389/3387 3056/3386/3384
f 3060/3391/3389 3059/3390/3388 2901/3228/3226
f 2901/3228/3226 3062/3393/3391 3060/3391/3389
f 2901/3228/3226 3059/3390/3388 2902/3229/3227
f 3062/3393/3391 3061/3392/3390 3060/3391/3389
f 3062/3393/3391 2901/3228/3226 2900/3226/3224
f 3062/3393/3391 3063/3394/3392 3061/3392/3390
f 3062/3393/3391 2900/3226/3224 3063/3394/3392
f 2900/3226/3224 3065/3395/3393 3063/3394/3392
f 2900/3226/3224 2899/3225/3223 3065/3395/3393
f 3063/3394/3392 3066/3396/3394 3064/3397/3395
f 3063/3394/3392 3065/3395/3393 3066/3396/3394
f 3065/3395/3393 3067/3398/3396 3066/3396/3394
f 3065/3395/3393 2899/3225/3223 2898/3224/3222
f 3065/3395/3393 2898/3224/3222 3067/3398/3396
f 3066/3396/3394 2884/3213/3211 2882/3212/3210
f 3066/3396/3394 2882/3212/3210 3064/3397/3395
f 3066/3396/3394 3067/3398/3396 2884/3213/3211
f 3067/3398/3396 2885/3214/3212 2884/3213/3211
f 3067/3398/3396 2898/3224/3222 2897/3223/3221
f 3067/3398/3396 2897/3223/3221 2885/3214/3212
f 2885/3214/3212 2897/3223/3221 3068/3222/3220
f 3068/3222/3220 2894/3221/3219 2886/3215/3213
f 2886/3215/3213 2894/3221/3219 2888/3217/3215
f 2886/3215/3213 2888/3217/3215 2887/3216/3214
f 3068/3222/3220 2886/3215/3213 2885/3214/3212
f 3064/3397/3395 2882/3212/3210 2881/3012/3010
f 3064/3397/3395 2881/3012/3010 2879/3211/3209
f 3064/3397/3395 2879/3211/3209 3069/3210/3208
f 3064/3397/3395 3069/3210/3208 3070/3399/3397
f 3064/3397/3395 3070/3399/3397 3063/3394/3392
f 3070/3399/3397 3069/3210/3208 3071/3400/3398
f 3070/3399/3397 3061/3392/3390 3063/3394/3392
f 3070/3399/3397 3071/3400/3398 3061/3392/3390
f 3071/3400/3398 3072/3401/3399 3073/3402/3400
f 3071/3400/3398 3073/3402/3400 3061/3392/3390
f 3073/3402/3400 3074/3389/3387 3061/3392/3390
f 3073/3402/3400 3072/3401/3399 3074/3389/3387
f 3074/3389/3387 3072/3401/3399 3057/3387/3385
f 3057/3387/3385 3072/3401/3399 3084/3403/3401
f 3057/3387/3385 3084/3403/3401 3075/3404/3402
f 3057/3387/3385 3075/3404/3402 3055/3385/3383
f 3075/3404/3402 3051/3383/3381 3055/3385/3383
f 3075/3404/3402 3077/3405/3403 3076/3406/3404
f 3075/3404/3402 3076/3406/3404 3050/3381/3379
f 3075/3404/3402 3050/3381/3379 3051/3383/3381
f 3076/3406/3404 3078/3407/3405 3047/3378/3376
f 3076/3406/3404 3047/3378/3376 3050/3381/3379
f 3078/3407/3405 121/243/243 3047/3378/3376
f 3078/3407/3405 3076/3406/3404 3079/205/205
f 3078/3407/3405 3079/205/205 3080/204/204
f 3078/3407/3405 3080/204/204 121/243/243
f 3080/204/204 3105/203/203 121/243/243
f 3079/205/205 3076/3406/3404 3081/3408/3406
f 3081/3408/3406 3076/3406/3404 3077/3405/3403
f 3081/3408/3406 3077/3405/3403 3082/3409/3407
f 3077/3405/3403 3083/3410/3408 3082/3409/3407
f 3077/3405/3403 3084/3403/3401 3083/3410/3408
f 3084/3403/3401 3085/3411/3409 3083/3410/3408
f 3084/3403/3401 3077/3405/3403 3075/3404/3402
f 3085/3411/3409 3086/3412/3410 3083/3410/3408
f 3085/3411/3409 3084/3403/3401 3087/3413/3411
f 3087/3413/3411 3086/3412/3410 3085/3411/3409
f 3087/3413/3411 3084/3403/3401 3072/3401/3399
f 3087/3413/3411 3088/3414/3412 3086/3412/3410
f 3088/3414/3412 3090/3415/3413 3086/3412/3410
f 3088/3414/3412 3087/3413/3411 3091/3416/3414
f 3091/3416/3414 3087/3413/3411 3072/3401/3399
f 3091/3416/3414 3072/3401/3399 3071/3400/3398
f 3088/3414/3412 3089/3209/3207 3090/3415/3413
f 3088/3414/3412 3091/3416/3414 3089/3209/3207
f 3091/3416/3414 3069/3210/3208 3089/3209/3207
f 3091/3416/3414 3071/3400/3398 3069/3210/3208
f 3069/3210/3208 2878/3009/3007 3089/3209/3207
f 3090/3415/3413 3089/3209/3207 2877/3006/3004
f 3090/3415/3413 2877/3006/3004 3092/3208/3206
f 3092/3208/3206 2876/3207/3205 3093/3417/3415
f 3092/3208/3206 3093/3417/3415 3086/3412/3410
f 3092/3208/3206 3086/3412/3410 3090/3415/3413
f 3093/3417/3415 3094/3418/3416 3086/3412/3410
f 3094/3418/3416 3095/3419/3417 3083/3410/3408
f 3094/3418/3416 3083/3410/3408 3086/3412/3410
f 3095/3419/3417 3096/3420/3418 3082/3409/3407
f 3095/3419/3417 3082/3409/3407 3083/3410/3408
f 3096/3420/3418 3095/3419/3417 3877/3421/3419
f 3096/3420/3418 3097/3422/3420 3081/3408/3406
f 3096/3420/3418 3081/3408/3406 3082/3409/3407
f 3097/3422/3420 3096/3420/3418 3875/3423/3421
f 3097/3422/3420 3098/206/206 3079/205/205
f 3097/3422/3420 3079/205/205 3081/3408/3406
f 3098/206/206 3097/3422/3420 3099/3424/3422
f 3098/206/206 3099/3424/3422 3101/3425/3423
f 3098/206/206 3101/3425/3423 102/201/201
f 3101/3425/3423 3099/3424/3422 3100/3426/3424
f 3101/3425/3423 3100/3426/3424 3102/256/256
f 3101/3425/3423 3102/256/256 3103/3427/3425
f 3101/3425/3423 3103/3427/3425 102/201/201
f 3103/3427/3425 4003/3428/3426 3104/202/202
f 3103/3427/3425 3104/202/202 102/201/201
f 3104/202/202 4003/3428/3426 3105/203/203
f 3105/203/203 18/39/39 3106/244/244
f 3106/244/244 18/39/39 3107/38/38
f 3106/244/244 3107/38/38 3108/3429/3427
f 3108/3429/3427 3107/38/38 17/141/141
f 3106/244/244 121/243/243 3105/203/203
f 3106/244/244 3108/3429/3427 122/241/241
f 3108/3429/3427 17/141/141 3040/3372/3370
f 3108/3429/3427 3040/3372/3370 122/241/241
f 3040/3372/3370 17/141/141 3209/35/35
f 3040/3372/3370 3209/35/35 3109/3373/3371
f 3109/3373/3371 3209/35/35 3208/37/37
f 3039/3370/3368 3109/3373/3371 3206/3430/3428
f 3039/3370/3368 3206/3430/3428 3110/3368/3366
f 3110/3368/3366 3204/3431/3429 3111/3432/3430
f 3110/3368/3366 3111/3432/3430 3038/3366/3364
f 3111/3432/3430 3112/3433/3431 3113/3362/3360
f 3111/3432/3430 3113/3362/3360 3036/3364/3362
f 3111/3432/3430 3036/3364/3362 3038/3366/3364
f 3113/3362/3360 3112/3433/3431 3114/3434/3432
f 3113/3362/3360 3114/3434/3432 3031/3360/3358
f 3031/3360/3358 3114/3434/3432 3115/3435/3433
f 3031/3360/3358 3115/3435/3433 3116/3358/3356
f 3116/3358/3356 3115/3435/3433 3117/3436/3434
f 3117/3436/3434 3118/3356/3354 3027/3355/3353
f 3117/3436/3434 3027/3355/3353 3116/3358/3356
f 3119/3437/3435 3198/3438/3436 3120/3351/3349
f 3119/3437/3435 3120/3351/3349 3024/3352/3350
f 3119/3437/3435 3024/3352/3350 3025/3353/3351
f 3119/3437/3435 3025/3353/3351 3118/3356/3354
f 3121/3439/3437 3195/3440/3438 3022/3348/3346
f 3121/3439/3437 3022/3348/3346 3120/3351/3349
f 3022/3348/3346 3193/3441/3439 3021/3347/3345
f 3021/3347/3345 3191/3442/3440 3122/3443/3441
f 3021/3347/3345 3122/3443/3441 3019/3344/3342
f 3122/3443/3441 3189/3444/3442 3123/3342/3340
f 3122/3443/3441 3123/3342/3340 3019/3344/3342
f 3123/3342/3340 3189/3444/3442 3124/3445/3443
f 3123/3342/3340 3124/3445/3443 3125/3340/3338
f 3125/3340/3338 3124/3445/3443 3126/3446/3444
f 3125/3340/3338 3126/3446/3444 3127/3338/3336
f 3127/3338/3336 3126/3446/3444 3128/3447/3445
f 3127/3338/3336 3128/3447/3445 3129/3448/3446
f 3127/3338/3336 3129/3448/3446 3015/3335/3333
f 3129/3448/3446 3130/3332/3330 3013/3333/3331
f 3129/3448/3446 3013/3333/3331 3015/3335/3333
f 3130/3332/3330 3129/3448/3446 3131/3449/3447
f 3130/3332/3330 3131/3449/3447 3132/3329/3327
f 3132/3329/3327 3131/3449/3447 3133/3450/3448
f 3133/3450/3448 3134/3451/3449 3009/3327/3325
f 3133/3450/3448 3009/3327/3325 3132/3329/3327
f 3134/3451/3449 3179/3452/3450 3135/3325/3323
f 3134/3451/3449 3135/3325/3323 3010/3324/3322
f 3134/3451/3449 3010/3324/3322 3009/3327/3325
f 3135/3325/3323 3179/3452/3450 3178/3453/3451
f 3135/3325/3323 3178/3453/3451 3136/3454/3452
f 3136/3454/3452 3137/3321/3319 3007/3320/3318
f 3136/3454/3452 3007/3320/3318 3135/3325/3323
f 3137/3321/3319 3136/3454/3452 3176/3455/3453
f 3137/3321/3319 3174/3456/3454 3004/3319/3317
f 3137/3321/3319 3004/3319/3317 3005/3318/3316
f 3004/3319/3317 3172/3457/3455 3138/3458/3456
f 3004/3319/3317 3138/3458/3456 3001/3314/3312
f 3004/3319/3317 3001/3314/3312 3003/3317/3315
f 3138/3458/3456 3170/3459/3457 3139/3460/3458
f 3138/3458/3456 3139/3460/3458 3001/3314/3312
f 3139/3460/3458 3168/3461/3459 3140/3315/3313
f 3139/3460/3458 3140/3315/3313 3001/3314/3312
f 3140/3315/3313 3141/3462/3460 2998/3312/3310
f 3140/3315/3313 2998/3312/3310 3000/3311/3309
f 2998/3312/3310 3141/3462/3460 3142/3463/3461
f 3142/3463/3461 3143/3464/3462 2999/3309/3307
f 3142/3463/3461 2999/3309/3307 2998/3312/3310
f 3143/3464/3462 2995/3307/3305 2999/3309/3307
f 3143/3464/3462 3144/3465/3463 2995/3307/3305
f 3144/3465/3463 3145/3466/3464 2992/3304/3302
f 3144/3465/3463 2992/3304/3302 2995/3307/3305
f 3145/3466/3464 3146/3467/3465 2992/3304/3302
f 3146/3467/3465 3145/3466/3464 3148/3468/3466
f 3146/3467/3465 3147/278/278 2991/277/277
f 3146/3467/3465 2991/277/277 2992/3304/3302
f 3147/278/278 3146/3467/3465 3148/3468/3466
f 3147/278/278 3148/3468/3466 3149/3469/3467
f 3149/3469/3467 3150/3470/3468 139/273/273
f 3149/3469/3467 139/273/273 3147/278/278
f 3150/3470/3468 3152/3471/3469 99/3300/3298
f 3150/3470/3468 99/3300/3298 139/273/273
f 3152/3471/3469 3150/3470/3468 3154/97/97
f 3152/3471/3469 3154/97/97 3151/102/102
f 3152/3471/3469 3151/102/102 3153/3111/3109
f 3152/3471/3469 3153/3111/3109 97/3110/3108
f 3152/3471/3469 97/3110/3108 99/3300/3298
f 3153/3111/3109 3151/102/102 52/101/101
f 3154/97/97 3150/3470/3468 3149/3469/3467
f 3154/97/97 3149/3469/3467 3155/3472/3470
f 3155/3472/3470 3156/196/196 3989/98/98
f 3155/3472/3470 3989/98/98 3154/97/97
f 3155/3472/3470 3157/3473/3471 3285/3474/3472
f 3155/3472/3470 3149/3469/3467 3157/3473/3471
f 3157/3473/3471 3149/3469/3467 3148/3468/3466
f 3157/3473/3471 3148/3468/3466 3158/3475/3473
f 3158/3475/3473 3148/3468/3466 3159/3476/3474
f 3159/3476/3474 3148/3468/3466 3160/3477/3475
f 3160/3477/3475 3161/3478/3476 3159/3476/3474
f 3160/3477/3475 3145/3466/3464 3162/3479/3477
f 3160/3477/3475 3162/3479/3477 3161/3478/3476
f 3162/3479/3477 3163/3480/3478 3161/3478/3476
f 3162/3479/3477 3165/3481/3479 3163/3480/3478
f 3165/3481/3479 3162/3479/3477 3143/3464/3462
f 3165/3481/3479 3164/3482/3480 3281/3483/3481
f 3165/3481/3479 3281/3483/3481 3163/3480/3478
f 3165/3481/3479 3166/3484/3482 3164/3482/3480
f 3166/3484/3482 3165/3481/3479 3142/3463/3461
f 3166/3484/3482 3141/3462/3460 3164/3482/3480
f 3141/3462/3460 3167/3485/3483 3279/3486/3484
f 3141/3462/3460 3279/3486/3484 3164/3482/3480
f 3141/3462/3460 3168/3461/3459 3167/3485/3483
f 3168/3461/3459 3141/3462/3460 3140/3315/3313
f 3168/3461/3459 3169/3487/3485 3167/3485/3483
f 3169/3487/3485 3168/3461/3459 3170/3459/3457
f 3169/3487/3485 3170/3459/3457 3171/3488/3486
f 3171/3488/3486 3170/3459/3457 3172/3457/3455
f 3171/3488/3486 3172/3457/3455 3173/3489/3487
f 3173/3489/3487 3172/3457/3455 3174/3456/3454
f 3173/3489/3487 3174/3456/3454 3175/3490/3488
f 3175/3490/3488 3174/3456/3454 3176/3455/3453
f 3176/3455/3453 3273/3491/3489 3274/3492/3490
f 3176/3455/3453 3274/3492/3490 3175/3490/3488
f 3176/3455/3453 3136/3454/3452 3177/3493/3491
f 3176/3455/3453 3177/3493/3491 3273/3491/3489
f 3177/3493/3491 3272/3494/3492 3273/3491/3489
f 3177/3493/3491 3178/3453/3451 3272/3494/3492
f 3178/3453/3451 3180/3495/3493 3272/3494/3492
f 3178/3453/3451 3179/3452/3450 3182/3496/3494
f 3178/3453/3451 3182/3496/3494 3180/3495/3493
f 3182/3496/3494 3179/3452/3450 3134/3451/3449
f 3182/3496/3494 3134/3451/3449 3181/3497/3495
f 3181/3497/3495 3134/3451/3449 3133/3450/3448
f 3181/3497/3495 3133/3450/3448 3131/3449/3447
f 3131/3449/3447 3184/3498/3496 3181/3497/3495
f 3131/3449/3447 3183/3499/3497 3184/3498/3496
f 3183/3499/3497 3185/3500/3498 3184/3498/3496
f 3183/3499/3497 3129/3448/3446 3185/3500/3498
f 3185/3500/3498 3128/3447/3445 3186/3501/3499
f 3186/3501/3499 3126/3446/3444 3187/3502/3500
f 3186/3501/3499 3187/3502/3500 3266/3503/3501
f 3187/3502/3500 3265/3504/3502 3266/3503/3501
f 3187/3502/3500 3124/3445/3443 3188/3505/3503
f 3187/3502/3500 3188/3505/3503 3265/3504/3502
f 3188/3505/3503 3189/3444/3442 3190/3506/3504
f 3190/3506/3504 3264/133/133 3188/3505/3503
f 3190/3506/3504 3189/3444/3442 3191/3442/3440
f 3190/3506/3504 3191/3442/3440 3192/3507/3505
f 3192/3507/3505 69/134/134 3190/3506/3504
f 3192/3507/3505 3191/3442/3440 3193/3441/3439
f 3192/3507/3505 3193/3441/3439 3194/3508/3506
f 3194/3508/3506 3193/3441/3439 3195/3440/3438
f 3194/3508/3506 3195/3440/3438 3197/3509/3507
f 3197/3509/3507 3195/3440/3438 3121/3439/3437
f 3197/3509/3507 3121/3439/3437 3196/3510/3508
f 3119/3437/3435 3118/3356/3354 3199/3511/3509
f 3199/3511/3509 3200/3512/3510 3214/3513/3511
f 3199/3511/3509 3214/3513/3511 3119/3437/3435
f 3199/3511/3509 3117/3436/3434 3201/3514/3512
f 3199/3511/3509 3201/3514/3512 3200/3512/3510
f 3201/3514/3512 3115/3435/3433 3202/3515/3513
f 3202/3515/3513 3115/3435/3433 3114/3434/3432
f 3114/3434/3432 3203/3516/3514 3202/3515/3513
f 3203/3516/3514 3114/3434/3432 3112/3433/3431
f 3203/3516/3514 3112/3433/3431 3205/3517/3515
f 3205/3517/3515 3212/3518/3516 3203/3516/3514
f 3205/3517/3515 3204/3431/3429 3210/3519/3517
f 3210/3519/3517 3204/3431/3429 3206/3430/3428
f 3210/3519/3517 3206/3430/3428 3207/140/140
f 3207/140/140 3206/3430/3428 3208/37/37
f 3210/3519/3517 4023/3520/3518 3205/3517/3515
f 4023/3520/3518 3211/157/157 3212/3518/3516
f 4023/3520/3518 3212/3518/3516 3205/3517/3515
f 3212/3518/3516 3211/157/157 79/156/156
f 3212/3518/3516 79/156/156 3213/222/222
f 3212/3518/3516 3213/222/222 3203/3516/3514
f 3213/222/222 3202/3515/3513 3203/3516/3514
f 3213/222/222 111/221/221 3200/3512/3510
f 3213/222/222 3200/3512/3510 3201/3514/3512
f 3213/222/222 3201/3514/3512 3202/3515/3513
f 3200/3512/3510 111/221/221 110/220/220
f 3200/3512/3510 110/220/220 3214/3513/3511
f 3214/3513/3511 110/220/220 4044/3521/3519
f 3214/3513/3511 4044/3521/3519 3215/3522/3520
f 3215/3522/3520 3216/3523/3521 3198/3438/3436
f 3215/3522/3520 3198/3438/3436 3119/3437/3435
f 3215/3522/3520 3119/3437/3435 3214/3513/3511
f 3216/3523/3521 3217/3524/3522 3196/3510/3508
f 3216/3523/3521 3196/3510/3508 3198/3438/3436
f 3217/3524/3522 3218/3525/3523 3197/3509/3507
f 3217/3524/3522 3197/3509/3507 3196/3510/3508
f 3218/3525/3523 4047/3526/3524 3219/3527/3525
f 3218/3525/3523 3219/3527/3525 3194/3508/3506
f 3218/3525/3523 3194/3508/3506 3197/3509/3507
f 3219/3527/3525 3220/3528/3526 69/134/134
f 3219/3527/3525 69/134/134 3192/3507/3505
f 3219/3527/3525 3192/3507/3505 3194/3508/3506
f 3220/3528/3526 3221/135/135 69/134/134
f 3220/3528/3526 3219/3527/3525 4047/3526/3524
f 3221/135/135 3220/3528/3526 3222/3529/3527
f 3221/135/135 3222/3529/3527 3223/136/136
f 3223/136/136 3224/3530/3528 3262/3531/3529
f 3223/136/136 3262/3531/3529 70/132/132
f 3224/3530/3528 3223/136/136 3222/3529/3527
f 3224/3530/3528 3222/3529/3527 4050/3532/3530
f 3224/3530/3528 3226/3533/3531 3225/3534/3532
f 3224/3530/3528 3225/3534/3532 3262/3531/3529
f 3224/3530/3528 3227/3535/3533 3226/3533/3531
f 3227/3535/3533 3228/3536/3534 3226/3533/3531
f 3227/3535/3533 3224/3530/3528 4050/3532/3530
f 3227/3535/3533 178/352/352 3230/354/354
f 3228/3536/3534 14/28/28 3226/3533/3531
f 3228/3536/3534 3227/3535/3533 3229/3537/3535
f 3228/3536/3534 3229/3537/3535 14/28/28
f 3229/3537/3535 134/266/266 14/28/28
f 3229/3537/3535 3227/3535/3533 3230/354/354
f 3230/354/354 3232/3538/3536 3231/3539/3537
f 3230/354/354 3231/3539/3537 3229/3537/3535
f 3230/354/354 4054/3540/3538 3232/3538/3536
f 3232/3538/3536 4054/3540/3538 84/167/167
f 3232/3538/3536 84/167/167 3233/168/168
f 3234/3541/3539 3233/168/168 83/166/166
f 3234/3541/3539 83/166/166 3236/165/165
f 3233/168/168 3235/3542/3540 3242/3543/3541
f 3233/168/168 3242/3543/3541 3232/3538/3536
f 3233/168/168 3234/3541/3539 3235/3542/3540
f 3236/165/165 3239/3544/3542 3241/3545/3543
f 3236/165/165 3241/3545/3543 3234/3541/3539
f 3236/165/165 81/161/161 3237/3546/3544
f 3236/165/165 3237/3546/3544 3239/3544/3542
f 3237/3546/3544 81/161/161 4061/164/164
f 3237/3546/3544 4061/164/164 129/252/252
f 129/252/252 4061/164/164 3238/255/255
f 3237/3546/3544 130/254/254 3239/3544/3542
f 3237/3546/3544 129/252/252 130/254/254
f 3239/3544/3542 3240/3547/3545 3241/3545/3543
f 3241/3545/3543 3240/3547/3545 3235/3542/3540
f 3235/3542/3540 3891/3548/3546 3242/3543/3541
f 3235/3542/3540 3234/3541/3539 3241/3545/3543
f 3242/3543/3541 3891/3548/3546 3243/3549/3547
f 3243/3549/3547 3866/3550/3548 3244/267/267
f 3243/3549/3547 3232/3538/3536 3242/3543/3541
f 3243/3549/3547 3244/267/267 3231/3539/3537
f 3243/3549/3547 3231/3539/3537 3232/3538/3536
f 3244/267/267 3865/3551/3549 3245/264/264
f 3245/264/264 3863/3552/3550 3246/3553/3551
f 3246/3553/3551 3247/3554/3552 3249/3555/3553
f 3246/3553/3551 3249/3555/3553 3248/265/265
f 3246/3553/3551 3248/265/265 3245/264/264
f 3248/265/265 3249/3555/3553 33/64/64
f 3249/3555/3553 3250/3556/3554 3251/33/33
f 3249/3555/3553 3251/33/33 32/32/32
f 3249/3555/3553 32/32/32 33/64/64
f 3251/33/33 3250/3556/3554 137/269/269
f 3251/33/33 137/269/269 3253/3557/3555
f 3253/3557/3555 137/269/269 136/87/87
f 3253/3557/3555 3252/34/34 3251/33/33
f 3252/34/34 72/31/31 15/30/30
f 3252/34/34 15/30/30 32/32/32
f 3252/34/34 3253/3557/3555 135/268/268
f 3253/3557/3555 136/87/87 3255/90/90
f 3253/3557/3555 3255/90/90 135/268/268
f 3255/90/90 3254/86/86 3256/3558/3556
f 3255/90/90 3256/3558/3556 3257/3559/3557
f 3255/90/90 3257/3559/3557 135/268/268
f 3257/3559/3557 3260/3560/3558 13/26/26
f 3257/3559/3557 13/26/26 135/268/268
f 13/26/26 3260/3560/3558 3258/27/27
f 3258/27/27 3226/3533/3531 14/28/28
f 3258/27/27 3260/3560/3558 3225/3534/3532
f 3258/27/27 3225/3534/3532 3226/3533/3531
f 3260/3560/3558 3257/3559/3557 3259/3561/3559
f 3260/3560/3558 3259/3561/3559 3261/3562/3560
f 3260/3560/3558 3261/3562/3560 3262/3531/3529
f 3260/3560/3558 3262/3531/3529 3225/3534/3532
f 3262/3531/3529 3261/3562/3560 71/137/137
f 3262/3531/3529 71/137/137 70/132/132
f 3261/3562/3560 3898/3563/3561 3902/3564/3562
f 3261/3562/3560 3902/3564/3562 3263/3565/3563
f 3261/3562/3560 3263/3565/3563 3264/133/133
f 3261/3562/3560 3264/133/133 71/137/137
f 3264/133/133 3263/3565/3563 3265/3504/3502
f 3264/133/133 3265/3504/3502 3188/3505/3503
f 3265/3504/3502 3263/3565/3563 3902/3564/3562
f 3265/3504/3502 3902/3564/3562 3266/3503/3501
f 3266/3503/3501 3267/3566/3564 3186/3501/3499
f 3267/3566/3564 3903/3567/3565 3184/3498/3496
f 3267/3566/3564 3184/3498/3496 3185/3500/3498
f 3267/3566/3564 3185/3500/3498 3186/3501/3499
f 3184/3498/3496 3904/3568/3566 3268/3569/3567
f 3268/3569/3567 3905/3570/3568 3269/3571/3569
f 3268/3569/3567 3269/3571/3569 3181/3497/3495
f 3268/3569/3567 3181/3497/3495 3184/3498/3496
f 3269/3571/3569 3270/3572/3570 3182/3496/3494
f 3269/3571/3569 3182/3496/3494 3181/3497/3495
f 3270/3572/3570 3271/3573/3571 3272/3494/3492
f 3270/3572/3570 3272/3494/3492 3180/3495/3493
f 3270/3572/3570 3180/3495/3493 3182/3496/3494
f 3272/3494/3492 3271/3573/3571 3908/3574/3572
f 3272/3494/3492 3908/3574/3572 3273/3491/3489
f 3273/3491/3489 3908/3574/3572 3910/3575/3573
f 3273/3491/3489 3910/3575/3573 3274/3492/3490
f 3274/3492/3490 3910/3575/3573 3911/3576/3574
f 3274/3492/3490 3275/3577/3575 3175/3490/3488
f 3275/3577/3575 3276/3578/3576 3173/3489/3487
f 3275/3577/3575 3173/3489/3487 3175/3490/3488
f 3276/3578/3576 3914/3579/3577 3277/3580/3578
f 3276/3578/3576 3277/3580/3578 3171/3488/3486
f 3276/3578/3576 3171/3488/3486 3173/3489/3487
f 3277/3580/3578 106/209/209 3169/3487/3485
f 3277/3580/3578 3169/3487/3485 3171/3488/3486
f 106/209/209 3167/3485/3483 3169/3487/3485
f 106/209/209 105/208/208 3278/3581/3579
f 106/209/209 3278/3581/3579 3167/3485/3483
f 3278/3581/3579 3279/3486/3484 3167/3485/3483
f 3279/3486/3484 3278/3581/3579 3280/3582/3580
f 3279/3486/3484 3280/3582/3580 3281/3483/3481
f 3279/3486/3484 3281/3483/3481 3164/3482/3480
f 3281/3483/3481 3280/3582/3580 3289/3583/3581
f 3281/3483/3481 3289/3583/3581 3282/3584/3582
f 3281/3483/3481 3282/3584/3582 3163/3480/3478
f 3282/3584/3582 3287/3585/3583 3283/3586/3584
f 3282/3584/3582 3283/3586/3584 3161/3478/3476
f 3282/3584/3582 3161/3478/3476 3163/3480/3478
f 3283/3586/3584 3284/56/56 3159/3476/3474
f 3283/3586/3584 3159/3476/3474 3161/3478/3476
f 3284/56/56 3283/3586/3584 26/57/57
f 3284/56/56 3158/3475/3473 3159/3476/3474
f 3284/56/56 3285/3474/3472 3157/3473/3471
f 3284/56/56 3157/3473/3471 3158/3475/3473
f 3285/3474/3472 3284/56/56 98/194/194
f 3285/3474/3472 98/194/194 3156/196/196
f 3284/56/56 25/55/55 98/194/194
f 3283/3586/3584 3287/3585/3583 26/57/57
f 3287/3585/3583 3286/3587/3585 3971/58/58
f 3287/3585/3583 3971/58/58 26/57/57
f 3287/3585/3583 3288/3588/3586 3286/3587/3585
f 3288/3588/3586 3287/3585/3583 3289/3583/3581
f 3288/3588/3586 3289/3583/3581 3290/3589/3587
f 3288/3588/3586 3290/3589/3587 3401/3590/3588
f 3290/3589/3587 153/301/301 3399/307/307
f 3290/3589/3587 3280/3582/3580 3291/302/302
f 3290/3589/3587 3291/302/302 153/301/301
f 3291/302/302 3280/3582/3580 3278/3581/3579
f 3291/302/302 3278/3581/3579 105/208/208
f 105/208/208 3292/303/303 3291/302/302
f 3292/303/303 3294/207/207 3293/304/304
f 3292/303/303 105/208/208 3294/207/207
f 3293/304/304 3294/207/207 3393/3591/3589
f 3294/207/207 3295/3592/3590 3393/3591/3589
f 3295/3592/3590 3294/207/207 104/106/106
f 3295/3592/3590 54/105/105 3296/3593/3591
f 54/105/105 3298/3594/3592 3296/3593/3591
f 3298/3594/3592 54/105/105 3946/104/104
f 3297/3595/3593 3298/3594/3592 3947/309/309
f 3297/3595/3593 3947/309/309 3299/3596/3594
f 3300/3597/3595 3299/3596/3594 155/308/308
f 3388/3598/3596 3300/3597/3595 3954/311/311
f 3302/3599/3597 3301/3600/3598 3388/3598/3596
f 3302/3599/3597 3388/3598/3596 3951/3601/3599
f 3302/3599/3597 3303/3602/3600 3301/3600/3598
f 3303/3602/3600 3304/3603/3601 3301/3600/3598
f 3304/3603/3601 3303/3602/3600 3952/3604/3602
f 3304/3603/3601 3952/3604/3602 3305/3605/3603
f 3305/3605/3603 3306/3606/3604 3385/3607/3605
f 3305/3605/3603 3385/3607/3605 3304/3603/3601
f 3305/3605/3603 3953/3608/3606 3306/3606/3604
f 3306/3606/3604 3308/3609/3607 3309/3610/3608
f 3306/3606/3604 3309/3610/3608 3384/3611/3609
f 3309/3610/3608 3307/3612/3610 3384/3611/3609
f 3309/3610/3608 3310/3613/3611 3307/3612/3610
f 3310/3613/3611 3311/3614/3612 3307/3612/3610
f 3311/3614/3612 3310/3613/3611 3813/3615/3613
f 3311/3614/3612 3813/3615/3613 3313/3616/3614
f 3311/3614/3612 3313/3616/3614 3312/3617/3615
f 3314/3618/3616 3379/3619/3617 3312/3617/3615
f 3314/3618/3616 3316/3620/3618 3315/3621/3619
f 3314/3618/3616 3315/3621/3619 3379/3619/3617
f 3315/3621/3619 3316/3620/3618 3317/3622/3620
f 3317/3622/3620 3378/3623/3621 3315/3621/3619
f 3317/3622/3620 3316/3620/3618 3808/3624/3622
f 3317/3622/3620 3318/3625/3623 3376/3626/3624
f 3317/3622/3620 3806/3627/3625 3318/3625/3623
f 3318/3625/3623 3804/3628/3626 3319/3629/3627
f 3318/3625/3623 3319/3629/3627 3375/3630/3628
f 3319/3629/3627 3320/3631/3629 3375/3630/3628
f 3319/3629/3627 3803/3632/3630 3320/3631/3629
f 3320/3631/3629 3800/3633/3631 3321/3634/3632
f 3320/3631/3629 3321/3634/3632 3374/3635/3633
f 3321/3634/3632 3373/3636/3634 3374/3635/3633
f 3321/3634/3632 3322/3637/3635 3323/3638/3636
f 3321/3634/3632 3323/3638/3636 3373/3636/3634
f 3323/3638/3636 3322/3637/3635 3324/3639/3637
f 3323/3638/3636 3324/3639/3637 3325/3640/3638
f 3325/3640/3638 3324/3639/3637 3326/3641/3639
f 3326/3641/3639 3329/3642/3640 3325/3640/3638
f 3326/3641/3639 3327/3643/3641 3329/3642/3640
f 3327/3643/3641 3794/3644/3642 3328/3645/3643
f 3327/3643/3641 3328/3645/3643 3329/3642/3640
f 3328/3645/3643 3794/3644/3642 3330/3646/3644
f 3330/3646/3644 3367/3647/3645 3328/3645/3643
f 3330/3646/3644 3792/3648/3646 3331/3649/3647
f 3330/3646/3644 3331/3649/3647 3367/3647/3645
f 3331/3649/3647 3792/3648/3646 3790/3650/3648
f 3331/3649/3647 3790/3650/3648 3788/3651/3649
f 3331/3649/3647 3788/3651/3649 3332/3652/3650
f 3332/3652/3650 3364/3653/3651 3331/3649/3647
f 3332/3652/3650 3788/3651/3649 3333/3654/3652
f 3333/3654/3652 3334/3655/3653 3332/3652/3650
f 3333/3654/3652 3785/3656/3654 3334/3655/3653
f 3334/3655/3653 3785/3656/3654 3336/3657/3655
f 3334/3655/3653 3336/3657/3655 3335/3658/3656
f 3335/3658/3656 3336/3657/3655 3337/3659/3657
f 3337/3659/3657 3336/3657/3655 3780/3660/3658
f 3337/3659/3657 3780/3660/3658 3338/3661/3659
f 3338/3661/3659 3339/355/355 3360/3662/3660
f 3338/3661/3659 3780/3660/3658 3339/355/355
f 3339/355/355 3780/3660/3658 3340/3663/3661
f 3340/3663/3661 3341/356/356 3339/355/355
f 3341/356/356 3489/3664/3662 3344/3665/3663
f 3341/356/356 3344/3665/3663 3342/357/357
f 3344/3665/3663 3343/3666/3664 3342/357/357
f 3343/3666/3664 3344/3665/3663 3346/3667/3665
f 3343/3666/3664 3346/3667/3665 3348/3668/3666
f 3343/3666/3664 3348/3668/3666 3345/3669/3667
f 3348/3668/3666 3347/3670/3668 3345/3669/3667
f 3348/3668/3666 3349/3671/3669 3350/3672/3670
f 3348/3668/3666 3350/3672/3670 3347/3670/3668
f 3350/3672/3670 3355/3673/3671 3347/3670/3668
f 3350/3672/3670 3497/3674/3672 3498/3675/3673
f 3350/3672/3670 3498/3675/3673 3355/3673/3671
f 3498/3675/3673 3351/3676/3674 3355/3673/3671
f 3351/3676/3674 3498/3675/3673 3500/3677/3675
f 3351/3676/3674 3500/3677/3675 3352/3678/3676
f 3352/3678/3676 3353/3679/3677 124/3680/3678
f 3352/3678/3676 124/3680/3678 3351/3676/3674
f 3353/3679/3677 3352/3678/3676 3501/3681/3679
f 3353/3679/3677 3501/3681/3679 3502/3682/3680
f 3353/3679/3677 3354/3683/3681 124/3680/3678
f 124/3680/3678 3354/3683/3681 3504/3684/3682
f 124/3680/3678 3355/3673/3671 3351/3676/3674
f 3355/3673/3671 3505/3685/3683 3356/3686/3684
f 3355/3673/3671 3356/3686/3684 3347/3670/3668
f 3347/3670/3668 3356/3686/3684 3357/3687/3685
f 3347/3670/3668 3357/3687/3685 3358/3688/3686
f 3358/3688/3686 3508/3689/3687 3359/3690/3688
f 3358/3688/3686 3359/3690/3688 3345/3669/3667
f 3358/3688/3686 3345/3669/3667 3347/3670/3668
f 3359/3690/3688 3343/3666/3664 3345/3669/3667
f 3359/3690/3688 3360/3662/3660 3339/355/355
f 3359/3690/3688 3339/355/355 3342/357/357
f 3359/3690/3688 3342/357/357 3343/3666/3664
f 3360/3662/3660 3359/3690/3688 3508/3689/3687
f 3360/3662/3660 3507/3691/3689 3361/3692/3690
f 3360/3662/3660 3361/3692/3690 3338/3661/3659
f 3361/3692/3690 3337/3659/3657 3338/3661/3659
f 3361/3692/3690 3362/3693/3691 3335/3658/3656
f 3361/3692/3690 3335/3658/3656 3337/3659/3657
f 3362/3693/3691 3363/3694/3692 3334/3655/3653
f 3362/3693/3691 3334/3655/3653 3335/3658/3656
f 3363/3694/3692 3364/3653/3651 3332/3652/3650
f 3363/3694/3692 3332/3652/3650 3334/3655/3653
f 3364/3653/3651 3363/3694/3692 3365/3695/3693
f 3364/3653/3651 3365/3695/3693 3366/3696/3694
f 3364/3653/3651 3366/3696/3694 3331/3649/3647
f 3366/3696/3694 3367/3647/3645 3331/3649/3647
f 3367/3647/3645 3366/3696/3694 3368/3697/3695
f 3367/3647/3645 3368/3697/3695 3328/3645/3643
f 3368/3697/3695 3369/3698/3696 3329/3642/3640
f 3368/3697/3695 3329/3642/3640 3328/3645/3643
f 3369/3698/3696 3370/3699/3697 3329/3642/3640
f 3370/3699/3697 3517/3700/3698 3371/3701/3699
f 3370/3699/3697 3371/3701/3699 3325/3640/3638
f 3370/3699/3697 3325/3640/3638 3329/3642/3640
f 3371/3701/3699 3372/3702/3700 3323/3638/3636
f 3371/3701/3699 3323/3638/3636 3325/3640/3638
f 3372/3702/3700 3373/3636/3634 3323/3638/3636
f 3373/3636/3634 3372/3702/3700 3520/3703/3701
f 3373/3636/3634 3520/3703/3701 3374/3635/3633
f 3374/3635/3633 3520/3703/3701 3521/3704/3702
f 3374/3635/3633 3521/3704/3702 3375/3630/3628
f 3374/3635/3633 3375/3630/3628 3320/3631/3629
f 3375/3630/3628 3521/3704/3702 3522/3705/3703
f 3375/3630/3628 3522/3705/3703 3523/3706/3704
f 3375/3630/3628 3523/3706/3704 3376/3626/3624
f 3375/3630/3628 3376/3626/3624 3318/3625/3623
f 3376/3626/3624 3523/3706/3704 3377/3707/3705
f 3376/3626/3624 3377/3707/3705 3378/3623/3621
f 3378/3623/3621 3317/3622/3620 3376/3626/3624
f 3378/3623/3621 3524/3708/3706 3379/3619/3617
f 3378/3623/3621 3379/3619/3617 3315/3621/3619
f 3379/3619/3617 3524/3708/3706 3525/3709/3707
f 3379/3619/3617 3525/3709/3707 3380/3710/3708
f 3380/3710/3708 3381/3711/3709 3312/3617/3615
f 3380/3710/3708 3312/3617/3615 3379/3619/3617
f 3381/3711/3709 3382/3712/3710 3311/3614/3612
f 3381/3711/3709 3311/3614/3612 3312/3617/3615
f 3382/3712/3710 3381/3711/3709 3527/3713/3711
f 3382/3712/3710 3307/3612/3610 3311/3614/3612
f 3307/3612/3610 3382/3712/3710 3383/3714/3712
f 3307/3612/3610 3383/3714/3712 3384/3611/3609
f 3384/3611/3609 3383/3714/3712 3529/3715/3713
f 3384/3611/3609 3530/3716/3714 3385/3607/3605
f 3384/3611/3609 3385/3607/3605 3306/3606/3604
f 3385/3607/3605 3530/3716/3714 3386/3717/3715
f 3385/3607/3605 3386/3717/3715 3387/3718/3716
f 3385/3607/3605 3387/3718/3716 3304/3603/3601
f 3387/3718/3716 3301/3600/3598 3304/3603/3601
f 3388/3598/3596 3301/3600/3598 3533/3719/3717
f 3388/3598/3596 3533/3719/3717 3389/3720/3718
f 3389/3720/3718 3390/3721/3719 3300/3597/3595
f 3389/3720/3718 3300/3597/3595 3388/3598/3596
f 3390/3721/3719 3389/3720/3718 3534/3722/3720
f 3390/3721/3719 3535/3723/3721 3299/3596/3594
f 3390/3721/3719 3299/3596/3594 3300/3597/3595
f 3535/3723/3721 3391/3724/3722 3297/3595/3593
f 3535/3723/3721 3297/3595/3593 3299/3596/3594
f 3391/3724/3722 3296/3593/3591 3298/3594/3592
f 3391/3724/3722 3298/3594/3592 3297/3595/3593
f 3296/3593/3591 3391/3724/3722 3537/313/313
f 3296/3593/3591 3537/313/313 3392/312/312
f 3392/312/312 3295/3592/3590 3296/3593/3591
f 3392/312/312 3393/3591/3589 3295/3592/3590
f 3393/3591/3589 3392/312/312 156/52/52
f 3393/3591/3589 156/52/52 3394/51/51
f 3393/3591/3589 3394/51/51 3395/305/305
f 3393/3591/3589 3395/305/305 3293/304/304
f 3395/305/305 3394/51/51 3396/314/314
f 3396/314/314 3397/3725/3723 154/306/306
f 3396/314/314 154/306/306 3395/305/305
f 3397/3725/3723 3544/3726/3724 3398/3727/3725
f 3397/3725/3723 3398/3727/3725 154/306/306
f 3398/3727/3725 3399/307/307 154/306/306
f 3398/3727/3725 3544/3726/3724 3547/3728/3726
f 3398/3727/3725 3547/3728/3726 3400/3729/3727
f 3400/3729/3727 3401/3590/3588 3398/3727/3725
f 3400/3729/3727 3548/3730/3728 3403/3731/3729
f 3400/3729/3727 3403/3731/3729 3402/3732/3730
f 3403/3731/3729 3404/3733/3731 3402/3732/3730
f 3403/3731/3729 3548/3730/3728 3549/3734/3732
f 3403/3731/3729 3549/3734/3732 3404/3733/3731
f 3549/3734/3732 3551/3735/3733 3404/3733/3731
f 3551/3735/3733 3406/3736/3734 3404/3733/3731
f 3551/3735/3733 3405/3737/3735 3406/3736/3734
f 3405/3737/3735 3970/3738/3736 3406/3736/3734
f 3405/3737/3735 3553/3739/3737 3407/3740/3738
f 3405/3737/3735 3407/3740/3738 3970/3738/3736
f 3407/3740/3738 3554/3741/3739 3408/3742/3740
f 3408/3742/3740 3409/3743/3741 3407/3740/3738
f 3409/3743/3741 3408/3742/3740 3557/3744/3742
f 3409/3743/3741 3557/3744/3742 3410/3745/3743
f 3410/3745/3743 3967/3746/3744 3409/3743/3741
f 3410/3745/3743 3557/3744/3742 3558/3747/3745
f 3410/3745/3743 3558/3747/3745 3412/3748/3746
f 3412/3748/3746 3411/3749/3747 3410/3745/3743
f 3412/3748/3746 3413/3750/3748 3411/3749/3747
f 3412/3748/3746 3414/3751/3749 3413/3750/3748
f 3414/3751/3749 3412/3748/3746 3561/3752/3750
f 3414/3751/3749 3416/3753/3751 3413/3750/3748
f 3416/3753/3751 3415/3754/3752 3413/3750/3748
f 3416/3753/3751 3414/3751/3749 3563/3755/3753
f 3416/3753/3751 3563/3755/3753 3417/3756/3754
f 3416/3753/3751 3417/3756/3754 3415/3754/3752
f 3417/3756/3754 3418/3122/3120 3415/3754/3752
f 3417/3756/3754 3419/3757/3755 3418/3122/3120
f 3421/3758/3756 3420/3124/3122 3419/3757/3755
f 3421/3758/3756 3422/3125/3123 3420/3124/3122
f 3422/3125/3123 3421/3758/3756 3567/3759/3757
f 3422/3125/3123 3568/3760/3758 3425/3761/3759
f 3422/3125/3123 3425/3761/3759 3423/3126/3124
f 3425/3761/3759 3424/3128/3126 3423/3126/3124
f 3424/3128/3126 3425/3761/3759 3426/3762/3760
f 3424/3128/3126 3426/3762/3760 3427/3763/3761
f 3427/3763/3761 2809/3129/3127 3424/3128/3126
f 3427/3763/3761 3428/3764/3762 2810/3130/3128
f 3427/3763/3761 2810/3130/3128 2809/3129/3127
f 3428/3764/3762 3429/3765/3763 2811/3131/3129
f 3428/3764/3762 2811/3131/3129 2810/3130/3128
f 3429/3765/3763 3430/3766/3764 2811/3131/3129
f 3430/3766/3764 3431/3132/3130 2811/3131/3129
f 3431/3132/3130 3430/3766/3764 3432/3767/3765
f 3431/3132/3130 3432/3767/3765 3433/3133/3131
f 3433/3133/3131 3432/3767/3765 3434/3134/3132
f 3434/3134/3132 2597/2914/2912 3433/3133/3131
f 3434/3134/3132 3577/3768/3766 3435/3769/3767
f 3434/3134/3132 3435/3769/3767 2813/2916/2914
f 3435/3769/3767 3436/3770/3768 2814/3135/3133
f 3435/3769/3767 2814/3135/3133 2813/2916/2914
f 3436/3770/3768 3437/3136/3134 2814/3135/3133
f 3437/3136/3134 3436/3770/3768 3580/3771/3769
f 3437/3136/3134 3580/3771/3769 3438/3772/3770
f 3438/3772/3770 3439/3138/3136 2816/3137/3135
f 3438/3772/3770 2816/3137/3135 3437/3136/3134
f 3439/3138/3136 3438/3772/3770 3582/3773/3771
f 3439/3138/3136 3582/3773/3771 3440/3774/3772
f 3439/3138/3136 3440/3774/3772 2818/3139/3137
f 3440/3774/3772 3441/3775/3773 3442/3141/3139
f 3440/3774/3772 3442/3141/3139 2818/3139/3137
f 3442/3141/3139 3441/3775/3773 3443/3142/3140
f 3443/3142/3140 3441/3775/3773 3584/3776/3774
f 3443/3142/3140 3584/3776/3774 2821/3143/3141
f 3443/3142/3140 2610/2928/2926 3442/3141/3139
f 2821/3143/3141 3585/3777/3775 2822/3144/3142
f 2821/3143/3141 2612/2929/2927 3443/3142/3140
f 2822/3144/3142 3587/3778/3776 3444/3145/3143
f 3444/3145/3143 3587/3778/3776 3588/3779/3777
f 3444/3145/3143 3588/3779/3777 3445/3146/3144
f 3445/3146/3144 3588/3779/3777 3590/3147/3145
f 3446/3148/3146 3447/3780/3778 3448/3149/3147
f 3446/3148/3146 2826/2934/2932 3590/3147/3145
f 3448/3149/3147 3447/3780/3778 3594/3781/3779
f 3448/3149/3147 3594/3781/3779 3449/3782/3780
f 3448/3149/3147 2827/2936/2934 3446/3148/3146
f 3449/3782/3780 3595/3783/3781 3450/3151/3149
f 3449/3782/3780 3450/3151/3149 2828/3150/3148
f 3449/3782/3780 2828/3150/3148 3448/3149/3147
f 3450/3151/3149 3596/3784/3782 3451/3785/3783
f 3450/3151/3149 3451/3785/3783 2829/3152/3150
f 3451/3785/3783 3452/3786/3784 3453/3787/3785
f 3451/3785/3783 3453/3787/3785 2831/3153/3151
f 3451/3785/3783 2831/3153/3151 2829/3152/3150
f 3453/3787/3785 3600/3788/3786 3454/3789/3787
f 3453/3787/3785 3454/3789/3787 2832/2940/2938
f 3453/3787/3785 2832/2940/2938 2831/3153/3151
f 3454/3789/3787 3602/3790/3788 3455/3154/3152
f 3454/3789/3787 3455/3154/3152 2833/2941/2939
f 3454/3789/3787 2833/2941/2939 2832/2940/2938
f 3455/3154/3152 3603/3791/3789 2834/3155/3153
f 3455/3154/3152 2834/3155/3153 2622/2942/2940
f 2834/3155/3153 3604/3792/3790 3456/3156/3154
f 3456/3156/3154 3606/3793/3791 2836/3157/3155
f 3456/3156/3154 2836/3157/3155 2623/2944/2942
f 2836/3157/3155 3608/3794/3792 2837/3158/3156
f 2836/3157/3155 2837/3158/3156 2625/2946/2944
f 2837/3158/3156 3610/3795/3793 3457/3796/3794
f 2837/3158/3156 3457/3796/3794 2627/2948/2946
f 3457/3796/3794 3458/3797/3795 2838/3159/3157
f 3457/3796/3794 2838/3159/3157 2627/2948/2946
f 3458/3797/3795 3459/3798/3796 3460/3799/3797
f 3458/3797/3795 3460/3799/3797 2839/3160/3158
f 3458/3797/3795 2839/3160/3158 2838/3159/3157
f 3460/3799/3797 3461/3161/3159 2840/2951/2949
f 3460/3799/3797 2840/2951/2949 2839/3160/3158
f 3461/3161/3159 3462/3800/3798 3463/3163/3161
f 3461/3161/3159 3463/3163/3161 2842/3162/3160
f 3464/171/171 85/170/170 2844/3165/3163
f 3464/171/171 2844/3165/3163 2843/3164/3162
f 3464/171/171 2843/3164/3162 3463/3163/3161
f 3464/171/171 3465/3801/3799 86/172/172
f 3464/171/171 3463/3163/3161 3466/3802/3800
f 3464/171/171 3466/3802/3800 3465/3801/3799
f 3466/3802/3800 3463/3163/3161 3462/3800/3798
f 3466/3802/3800 3462/3800/3798 3467/3803/3801
f 3466/3802/3800 3467/3803/3801 3468/3804/3802
f 3467/3803/3801 3812/3805/3803 3468/3804/3802
f 3467/3803/3801 3613/3806/3804 3612/3807/3805
f 3467/3803/3801 3612/3807/3805 3812/3805/3803
f 3612/3807/3805 3613/3806/3804 3459/3798/3796
f 3612/3807/3805 3469/3808/3806 3811/3809/3807
f 3469/3808/3806 3612/3807/3805 3611/3810/3808
f 3469/3808/3806 3611/3810/3808 3470/3811/3809
f 3469/3808/3806 3470/3811/3809 3810/3812/3810
f 3470/3811/3809 3609/3813/3811 3809/3814/3812
f 3609/3813/3811 3607/3815/3813 3807/3816/3814
f 3607/3815/3813 3605/3817/3815 3471/3818/3816
f 3607/3815/3813 3471/3818/3816 3805/3819/3817
f 3471/3818/3816 3605/3817/3815 3472/3820/3818
f 3471/3818/3816 3472/3820/3818 3801/3821/3819
f 3471/3818/3816 3801/3821/3819 3802/3822/3820
f 3801/3821/3819 3472/3820/3818 3473/3823/3821
f 3801/3821/3819 3473/3823/3821 3475/3824/3822
f 3475/3824/3822 3474/3825/3823 3801/3821/3819
f 3475/3824/3822 3601/3826/3824 3474/3825/3823
f 3601/3826/3824 3799/3827/3825 3474/3825/3823
f 3599/3828/3826 3797/3829/3827 3798/3830/3828
f 3599/3828/3826 3798/3830/3828 3601/3826/3824
f 3599/3828/3826 3476/3831/3829 3797/3829/3827
f 3476/3831/3829 3795/3832/3830 3797/3829/3827
f 3476/3831/3829 3477/3833/3831 3795/3832/3830
f 3478/3834/3832 3793/3835/3833 3477/3833/3831
f 3479/3836/3834 3789/3837/3835 3791/3838/3836
f 3479/3836/3834 3791/3838/3836 3478/3834/3832
f 3479/3836/3834 3594/3781/3779 3593/3839/3837
f 3479/3836/3834 3593/3839/3837 3789/3837/3835
f 3480/3840/3838 3786/3841/3839 3787/3842/3840
f 3480/3840/3838 3787/3842/3840 3593/3839/3837
f 3480/3840/3838 3592/3843/3841 3481/3844/3842
f 3480/3840/3838 3481/3844/3842 3786/3841/3839
f 3481/3844/3842 3784/3845/3843 3786/3841/3839
f 3481/3844/3842 3591/3846/3844 3482/3847/3845
f 3481/3844/3842 3482/3847/3845 3784/3845/3843
f 3482/3847/3845 3589/3848/3846 3483/3849/3847
f 3483/3849/3847 3589/3848/3846 3588/3779/3777
f 3483/3849/3847 3586/3850/3848 3484/3851/3849
f 3483/3849/3847 3484/3851/3849 3781/3852/3850
f 3484/3851/3849 3779/3853/3851 3781/3852/3850
f 3484/3851/3849 3586/3850/3848 3485/3854/3852
f 3484/3851/3849 3485/3854/3852 3779/3853/3851
f 3485/3854/3852 3487/3855/3853 3779/3853/3851
f 3485/3854/3852 3584/3776/3774 3486/3856/3854
f 3485/3854/3852 3486/3856/3854 3487/3855/3853
f 3486/3856/3854 3488/3857/3855 3487/3855/3853
f 3486/3856/3854 3583/3858/3856 3488/3857/3855
f 3488/3857/3855 3581/3859/3857 3490/3860/3858
f 3488/3857/3855 3490/3860/3858 3489/3664/3662
f 3489/3664/3662 3490/3860/3858 3491/3861/3859
f 3489/3664/3662 3491/3861/3859 3492/3862/3860
f 3492/3862/3860 3344/3665/3663 3489/3664/3662
f 3492/3862/3860 3491/3861/3859 3579/3863/3861
f 3492/3862/3860 3493/3864/3862 3346/3667/3665
f 3492/3862/3860 3579/3863/3861 3493/3864/3862
f 3493/3864/3862 3494/3865/3863 3346/3667/3665
f 3494/3865/3863 3493/3864/3862 3495/3866/3864
f 3494/3865/3863 3495/3866/3864 3496/3867/3865
f 3494/3865/3863 3496/3867/3865 3349/3671/3669
f 3496/3867/3865 3497/3674/3672 3349/3671/3669
f 3497/3674/3672 3496/3867/3865 3575/3868/3866
f 3497/3674/3672 3499/3869/3867 3500/3677/3675
f 3497/3674/3672 3500/3677/3675 3498/3675/3673
f 3500/3677/3675 3573/3870/3868 3352/3678/3676
f 3573/3870/3868 3501/3681/3679 3352/3678/3676
f 3501/3681/3679 3573/3870/3868 3572/3871/3869
f 3501/3681/3679 3572/3871/3869 3571/3872/3870
f 3501/3681/3679 3571/3872/3870 3502/3682/3680
f 3502/3682/3680 3503/3873/3871 3354/3683/3681
f 3354/3683/3681 3353/3679/3677 3502/3682/3680
f 3354/3683/3681 3615/3874/3872 3618/3875/3873
f 3354/3683/3681 3618/3875/3873 3504/3684/3682
f 3504/3684/3682 3505/3685/3683 124/3680/3678
f 3505/3685/3683 3355/3673/3671 124/3680/3678
f 3356/3686/3684 3505/3685/3683 3506/3876/3874
f 3356/3686/3684 3506/3876/3874 3357/3687/3685
f 3357/3687/3685 3506/3876/3874 3507/3691/3689
f 3357/3687/3685 3507/3691/3689 3508/3689/3687
f 3357/3687/3685 3508/3689/3687 3358/3688/3686
f 3508/3689/3687 3507/3691/3689 3360/3662/3660
f 3507/3691/3689 3509/3877/3875 3361/3692/3690
f 3509/3877/3875 3510/3878/3876 3361/3692/3690
f 3510/3878/3876 3511/3879/3877 3362/3693/3691
f 3510/3878/3876 3362/3693/3691 3361/3692/3690
f 3511/3879/3877 3512/3880/3878 3363/3694/3692
f 3511/3879/3877 3363/3694/3692 3362/3693/3691
f 3512/3880/3878 3365/3695/3693 3363/3694/3692
f 3365/3695/3693 3512/3880/3878 3624/3881/3879
f 3365/3695/3693 3624/3881/3879 3513/3882/3880
f 3513/3882/3880 3514/3883/3881 3366/3696/3694
f 3513/3882/3880 3366/3696/3694 3365/3695/3693
f 3514/3883/3881 3515/3884/3882 3368/3697/3695
f 3514/3883/3881 3368/3697/3695 3366/3696/3694
f 3515/3884/3882 3516/3885/3883 3369/3698/3696
f 3515/3884/3882 3369/3698/3696 3368/3697/3695
f 3516/3885/3883 3517/3700/3698 3370/3699/3697
f 3516/3885/3883 3370/3699/3697 3369/3698/3696
f 3517/3700/3698 3516/3885/3883 3628/3886/3884
f 3517/3700/3698 3628/3886/3884 3630/3887/3885
f 3517/3700/3698 3630/3887/3885 3518/3888/3886
f 3517/3700/3698 3518/3888/3886 3371/3701/3699
f 3518/3888/3886 3519/3889/3887 3372/3702/3700
f 3518/3888/3886 3372/3702/3700 3371/3701/3699
f 3519/3889/3887 3520/3703/3701 3372/3702/3700
f 3520/3703/3701 3519/3889/3887 3632/3890/3888
f 3520/3703/3701 3632/3890/3888 3521/3704/3702
f 3521/3704/3702 3632/3890/3888 3633/3891/3889
f 3521/3704/3702 3633/3891/3889 3522/3705/3703
f 3522/3705/3703 3633/3891/3889 3634/3892/3890
f 3522/3705/3703 3634/3892/3890 3523/3706/3704
f 3523/3706/3704 3634/3892/3890 3635/3893/3891
f 3523/3706/3704 3635/3893/3891 3377/3707/3705
f 3377/3707/3705 3635/3893/3891 3636/3894/3892
f 3377/3707/3705 3636/3894/3892 3524/3708/3706
f 3524/3708/3706 3636/3894/3892 3637/3895/3893
f 3524/3708/3706 3637/3895/3893 3525/3709/3707
f 3524/3708/3706 3378/3623/3621 3377/3707/3705
f 3639/3896/3894 3526/3897/3895 3380/3710/3708
f 3639/3896/3894 3380/3710/3708 3525/3709/3707
f 3526/3897/3895 3527/3713/3711 3381/3711/3709
f 3526/3897/3895 3381/3711/3709 3380/3710/3708
f 3527/3713/3711 3526/3897/3895 3641/3898/3896
f 3527/3713/3711 3528/3899/3897 3383/3714/3712
f 3527/3713/3711 3383/3714/3712 3382/3712/3710
f 3383/3714/3712 3528/3899/3897 3529/3715/3713
f 3529/3715/3713 3530/3716/3714 3384/3611/3609
f 3530/3716/3714 3531/3900/3898 3386/3717/3715
f 3387/3718/3716 3386/3717/3715 3532/3901/3899
f 3387/3718/3716 3532/3901/3899 3533/3719/3717
f 3387/3718/3716 3533/3719/3717 3301/3600/3598
f 3533/3719/3717 3645/3902/3900 3534/3722/3720
f 3533/3719/3717 3534/3722/3720 3389/3720/3718
f 3535/3723/3721 3390/3721/3719 3536/3903/3901
f 3535/3723/3721 3536/3903/3901 3537/313/313
f 3535/3723/3721 3537/313/313 3391/3724/3722
f 3537/313/313 3536/3903/3901 23/50/50
f 3537/313/313 23/50/50 156/52/52
f 3536/3903/3901 3538/3904/3902 23/50/50
f 3538/3904/3902 3536/3903/3901 3646/3905/3903
f 3538/3904/3902 24/53/53 23/50/50
f 3538/3904/3902 3778/3906/3904 24/53/53
f 24/53/53 3778/3906/3904 3701/3907/3905
f 24/53/53 3701/3907/3905 3539/3908/3906
f 3539/3908/3906 3703/3909/3907 3540/3910/3908
f 3540/3910/3908 3703/3909/3907 3705/3911/3909
f 3540/3910/3908 3705/3911/3909 3543/3912/3910
f 3540/3910/3908 3543/3912/3910 3541/3913/3911
f 3541/3913/3911 3542/3914/3912 3540/3910/3908
f 3541/3913/3911 3543/3912/3910 3545/3915/3913
f 3541/3913/3911 3545/3915/3913 3546/3916/3914
f 3541/3913/3911 3546/3916/3914 3544/3726/3724
f 3546/3916/3914 3548/3730/3728 3547/3728/3726
f 3546/3916/3914 3712/3917/3915 3548/3730/3728
f 3548/3730/3728 3712/3917/3915 3550/3918/3916
f 3550/3918/3916 3549/3734/3732 3548/3730/3728
f 3550/3918/3916 3551/3735/3733 3549/3734/3732
f 3550/3918/3916 3717/3919/3917 3552/3920/3918
f 3550/3918/3916 3552/3920/3918 3551/3735/3733
f 3552/3920/3918 3553/3739/3737 3551/3735/3733
f 3553/3739/3737 3552/3920/3918 3720/3921/3919
f 3553/3739/3737 3720/3921/3919 3555/3922/3920
f 3555/3922/3920 3554/3741/3739 3553/3739/3737
f 3554/3741/3739 3555/3922/3920 3721/3923/3921
f 3554/3741/3739 3721/3923/3921 3556/3924/3922
f 3556/3924/3922 3408/3742/3740 3554/3741/3739
f 3556/3924/3922 3721/3923/3921 3722/3925/3923
f 3556/3924/3922 3722/3925/3923 3557/3744/3742
f 3557/3744/3742 3722/3925/3923 3725/3926/3924
f 3557/3744/3742 3725/3926/3924 3559/3927/3925
f 3559/3927/3925 3558/3747/3745 3557/3744/3742
f 3559/3927/3925 3560/3928/3926 3558/3747/3745
f 3560/3928/3926 3559/3927/3925 3728/3929/3927
f 3560/3928/3926 3562/3930/3928 3561/3752/3750
f 3561/3752/3750 3562/3930/3928 3564/3931/3929
f 3561/3752/3750 3564/3931/3929 3563/3755/3753
f 3563/3755/3753 3564/3931/3929 3565/3932/3930
f 3565/3932/3930 3417/3756/3754 3563/3755/3753
f 3566/3933/3931 3419/3757/3755 3565/3932/3930
f 3566/3933/3931 3565/3932/3930 3737/3934/3932
f 3566/3933/3931 3567/3759/3757 3421/3758/3756
f 3566/3933/3931 3737/3934/3932 3739/3935/3933
f 3566/3933/3931 3739/3935/3933 3567/3759/3757
f 3567/3759/3757 3739/3935/3933 3569/3936/3934
f 3567/3759/3757 3569/3936/3934 3568/3760/3758
f 3568/3760/3758 3569/3936/3934 3570/3937/3935
f 3570/3937/3935 3425/3761/3759 3568/3760/3758
f 3570/3937/3935 3569/3936/3934 3614/3938/3936
f 3570/3937/3935 3571/3872/3870 3426/3762/3760
f 3571/3872/3870 3572/3871/3869 3426/3762/3760
f 3572/3871/3869 3427/3763/3761 3426/3762/3760
f 3572/3871/3869 3428/3764/3762 3427/3763/3761
f 3428/3764/3762 3572/3871/3869 3573/3870/3868
f 3428/3764/3762 3573/3870/3868 3574/3939/3937
f 3574/3939/3937 3429/3765/3763 3428/3764/3762
f 3574/3939/3937 3499/3869/3867 3575/3868/3866
f 3574/3939/3937 3575/3868/3866 3430/3766/3764
f 3574/3939/3937 3430/3766/3764 3429/3765/3763
f 3575/3868/3866 3576/3940/3938 3432/3767/3765
f 3575/3868/3866 3432/3767/3765 3430/3766/3764
f 3576/3940/3938 3495/3866/3864 3432/3767/3765
f 3495/3866/3864 3577/3768/3766 3434/3134/3132
f 3495/3866/3864 3434/3134/3132 3432/3767/3765
f 3577/3768/3766 3495/3866/3864 3493/3864/3862
f 3577/3768/3766 3493/3864/3862 3578/3941/3939
f 3577/3768/3766 3578/3941/3939 3435/3769/3767
f 3578/3941/3939 3579/3863/3861 3436/3770/3768
f 3578/3941/3939 3436/3770/3768 3435/3769/3767
f 3579/3863/3861 3580/3771/3769 3436/3770/3768
f 3580/3771/3769 3579/3863/3861 3491/3861/3859
f 3580/3771/3769 3490/3860/3858 3581/3859/3857
f 3580/3771/3769 3581/3859/3857 3438/3772/3770
f 3581/3859/3857 3582/3773/3771 3438/3772/3770
f 3582/3773/3771 3581/3859/3857 3583/3858/3856
f 3582/3773/3771 3583/3858/3856 3440/3774/3772
f 3583/3858/3856 3441/3775/3773 3440/3774/3772
f 3441/3775/3773 3583/3858/3856 3584/3776/3774
f 3584/3776/3774 3586/3850/3848 3585/3777/3775
f 3585/3777/3775 3586/3850/3848 3587/3778/3776
f 3585/3777/3775 2821/3143/3141 3584/3776/3774
f 3587/3778/3776 3586/3850/3848 3588/3779/3777
f 3587/3778/3776 2822/3144/3142 3585/3777/3775
f 3588/3779/3777 3589/3848/3846 3590/3147/3145
f 3590/3147/3145 3589/3848/3846 3591/3846/3844
f 3591/3846/3844 3592/3843/3841 3446/3148/3146
f 3591/3846/3844 3446/3148/3146 3590/3147/3145
f 3592/3843/3841 3593/3839/3837 3594/3781/3779
f 3592/3843/3841 3594/3781/3779 3447/3780/3778
f 3592/3843/3841 3447/3780/3778 3446/3148/3146
f 3595/3783/3781 3594/3781/3779 3478/3834/3832
f 3595/3783/3781 3478/3834/3832 3596/3784/3782
f 3595/3783/3781 3449/3782/3780 3594/3781/3779
f 3596/3784/3782 3478/3834/3832 3477/3833/3831
f 3596/3784/3782 3477/3833/3831 3597/3942/3940
f 3596/3784/3782 3450/3151/3149 3595/3783/3781
f 3597/3942/3940 3476/3831/3829 3598/3943/3941
f 3597/3942/3940 3598/3943/3941 3452/3786/3784
f 3597/3942/3940 3452/3786/3784 3451/3785/3783
f 3597/3942/3940 3451/3785/3783 3596/3784/3782
f 3598/3943/3941 3599/3828/3826 3600/3788/3786
f 3598/3943/3941 3600/3788/3786 3453/3787/3785
f 3598/3943/3941 3453/3787/3785 3452/3786/3784
f 3600/3788/3786 3599/3828/3826 3601/3826/3824
f 3600/3788/3786 3601/3826/3824 3602/3790/3788
f 3600/3788/3786 3602/3790/3788 3454/3789/3787
f 3602/3790/3788 3601/3826/3824 3475/3824/3822
f 3602/3790/3788 3475/3824/3822 3473/3823/3821
f 3602/3790/3788 3473/3823/3821 3603/3791/3789
f 3602/3790/3788 3603/3791/3789 3455/3154/3152
f 3603/3791/3789 3473/3823/3821 3472/3820/3818
f 3603/3791/3789 3472/3820/3818 3604/3792/3790
f 3603/3791/3789 3604/3792/3790 2834/3155/3153
f 3604/3792/3790 3472/3820/3818 3605/3817/3815
f 3604/3792/3790 3605/3817/3815 3606/3793/3791
f 3604/3792/3790 3606/3793/3791 3456/3156/3154
f 3606/3793/3791 3605/3817/3815 3607/3815/3813
f 3606/3793/3791 3607/3815/3813 3608/3794/3792
f 3606/3793/3791 3608/3794/3792 2836/3157/3155
f 3608/3794/3792 3607/3815/3813 3609/3813/3811
f 3608/3794/3792 3609/3813/3811 3610/3795/3793
f 3608/3794/3792 3610/3795/3793 2837/3158/3156
f 3610/3795/3793 3609/3813/3811 3470/3811/3809
f 3610/3795/3793 3470/3811/3809 3611/3810/3808
f 3610/3795/3793 3611/3810/3808 3457/3796/3794
f 3611/3810/3808 3612/3807/3805 3459/3798/3796
f 3611/3810/3808 3459/3798/3796 3458/3797/3795
f 3611/3810/3808 3458/3797/3795 3457/3796/3794
f 3459/3798/3796 3613/3806/3804 3461/3161/3159
f 3459/3798/3796 3461/3161/3159 3460/3799/3797
f 3613/3806/3804 3467/3803/3801 3461/3161/3159
f 3598/3943/3941 3476/3831/3829 3599/3828/3826
f 3597/3942/3940 3477/3833/3831 3476/3831/3829
f 3594/3781/3779 3479/3836/3834 3478/3834/3832
f 3592/3843/3841 3480/3840/3838 3593/3839/3837
f 3591/3846/3844 3481/3844/3842 3592/3843/3841
f 3589/3848/3846 3482/3847/3845 3591/3846/3844
f 3586/3850/3848 3483/3849/3847 3588/3779/3777
f 3584/3776/3774 3485/3854/3852 3586/3850/3848
f 3583/3858/3856 3486/3856/3854 3584/3776/3774
f 3581/3859/3857 3488/3857/3855 3583/3858/3856
f 3580/3771/3769 3491/3861/3859 3490/3860/3858
f 3578/3941/3939 3493/3864/3862 3579/3863/3861
f 3576/3940/3938 3496/3867/3865 3495/3866/3864
f 3576/3940/3938 3575/3868/3866 3496/3867/3865
f 3575/3868/3866 3499/3869/3867 3497/3674/3672
f 3574/3939/3937 3573/3870/3868 3500/3677/3675
f 3574/3939/3937 3500/3677/3675 3499/3869/3867
f 3571/3872/3870 3570/3937/3935 3502/3682/3680
f 3570/3937/3935 3614/3938/3936 3502/3682/3680
f 3614/3938/3936 3503/3873/3871 3502/3682/3680
f 3503/3873/3871 3614/3938/3936 3740/3944/3942
f 3615/3874/3872 3503/3873/3871 3616/3945/3943
f 3615/3874/3872 3354/3683/3681 3503/3873/3871
f 3615/3874/3872 3616/3945/3943 3617/3946/3944
f 3615/3874/3872 3617/3946/3944 3618/3875/3873
f 3617/3946/3944 3671/3947/3945 3618/3875/3873
f 3618/3875/3873 3671/3947/3945 3619/3948/3946
f 3618/3875/3873 3619/3948/3946 3504/3684/3682
f 3619/3948/3946 3670/3949/3947 3505/3685/3683
f 3619/3948/3946 3505/3685/3683 3504/3684/3682
f 3670/3949/3947 3620/3950/3948 3506/3876/3874
f 3670/3949/3947 3506/3876/3874 3505/3685/3683
f 3620/3950/3948 3670/3949/3947 3621/3951/3949
f 3620/3950/3948 3621/3951/3949 3509/3877/3875
f 3620/3950/3948 3509/3877/3875 3507/3691/3689
f 3620/3950/3948 3507/3691/3689 3506/3876/3874
f 3621/3951/3949 3510/3878/3876 3509/3877/3875
f 3621/3951/3949 3622/3952/3950 3511/3879/3877
f 3621/3951/3949 3511/3879/3877 3510/3878/3876
f 3622/3952/3950 3623/3953/3951 3512/3880/3878
f 3622/3952/3950 3512/3880/3878 3511/3879/3877
f 3623/3953/3951 3624/3881/3879 3512/3880/3878
f 3624/3881/3879 3623/3953/3951 3625/3954/3952
f 3624/3881/3879 3625/3954/3952 3513/3882/3880
f 3625/3954/3952 3626/3955/3953 3514/3883/3881
f 3625/3954/3952 3514/3883/3881 3513/3882/3880
f 3626/3955/3953 3666/3956/3954 3515/3884/3882
f 3626/3955/3953 3515/3884/3882 3514/3883/3881
f 3666/3956/3954 3627/3957/3955 3516/3885/3883
f 3666/3956/3954 3516/3885/3883 3515/3884/3882
f 3627/3957/3955 3628/3886/3884 3516/3885/3883
f 3628/3886/3884 3627/3957/3955 3629/3958/3956
f 3628/3886/3884 3629/3958/3956 3630/3887/3885
f 3630/3887/3885 3629/3958/3956 3631/3959/3957
f 3630/3887/3885 3631/3959/3957 3518/3888/3886
f 3631/3959/3957 3663/3960/3958 3519/3889/3887
f 3631/3959/3957 3519/3889/3887 3518/3888/3886
f 3663/3960/3958 3632/3890/3888 3519/3889/3887
f 3632/3890/3888 3663/3960/3958 3661/3961/3959
f 3632/3890/3888 3661/3961/3959 3633/3891/3889
f 3633/3891/3889 3661/3961/3959 3660/3962/3960
f 3633/3891/3889 3660/3962/3960 3634/3892/3890
f 3634/3892/3890 3660/3962/3960 3659/3963/3961
f 3634/3892/3890 3659/3963/3961 3635/3893/3891
f 3635/3893/3891 3659/3963/3961 3658/3964/3962
f 3635/3893/3891 3658/3964/3962 3636/3894/3892
f 3636/3894/3892 3658/3964/3962 3657/3965/3963
f 3636/3894/3892 3657/3965/3963 3637/3895/3893
f 3637/3895/3893 3657/3965/3963 3656/3966/3964
f 3637/3895/3893 3656/3966/3964 3638/3967/3965
f 3637/3895/3893 3638/3967/3965 3525/3709/3707
f 3638/3967/3965 3639/3896/3894 3525/3709/3707
f 3639/3896/3894 3638/3967/3965 3655/3968/3966
f 3639/3896/3894 3655/3968/3966 3640/3969/3967
f 3639/3896/3894 3640/3969/3967 3526/3897/3895
f 3640/3969/3967 3641/3898/3896 3526/3897/3895
f 3641/3898/3896 3640/3969/3967 3653/3970/3968
f 3641/3898/3896 3653/3970/3968 3652/3971/3969
f 3641/3898/3896 3652/3971/3969 3528/3899/3897
f 3641/3898/3896 3528/3899/3897 3527/3713/3711
f 3528/3899/3897 3652/3971/3969 3651/3972/3970
f 3528/3899/3897 3651/3972/3970 3642/3973/3971
f 3642/3973/3971 3529/3715/3713 3528/3899/3897
f 3643/3974/3972 3531/3900/3898 3530/3716/3714
f 3643/3974/3972 3530/3716/3714 3529/3715/3713
f 3531/3900/3898 3643/3974/3972 3697/3975/3973
f 3649/3976/3974 3532/3901/3899 3386/3717/3715
f 3649/3976/3974 3386/3717/3715 3531/3900/3898
f 3532/3901/3899 3649/3976/3974 3644/3977/3975
f 3532/3901/3899 3644/3977/3975 3647/3978/3976
f 3647/3978/3976 3645/3902/3900 3533/3719/3717
f 3647/3978/3976 3533/3719/3717 3532/3901/3899
f 3645/3902/3900 3646/3905/3903 3534/3722/3720
f 3646/3905/3903 3645/3902/3900 3778/3906/3904
f 3646/3905/3903 3536/3903/3901 3390/3721/3719
f 3646/3905/3903 3390/3721/3719 3534/3722/3720
f 3778/3906/3904 3645/3902/3900 3699/3979/3977
f 3647/3978/3976 3700/3980/3978 3699/3979/3977
f 3647/3978/3976 3699/3979/3977 3645/3902/3900
f 3647/3978/3976 3644/3977/3975 3698/3981/3979
f 3644/3977/3975 3649/3976/3974 3648/200/200
f 3649/3976/3974 3697/3975/3973 3648/200/200
f 3697/3975/3973 3649/3976/3974 3531/3900/3898
f 3697/3975/3973 3643/3974/3972 3642/3973/3971
f 3697/3975/3973 3642/3973/3971 3650/3982/3980
f 3642/3973/3971 3643/3974/3972 3529/3715/3713
f 3642/3973/3971 3651/3972/3970 3650/3982/3980
f 3651/3972/3970 3652/3971/3969 3650/3982/3980
f 3652/3971/3969 3653/3970/3968 3693/3983/3981
f 3653/3970/3968 3692/3984/3982 3693/3983/3981
f 3653/3970/3968 3654/3985/3983 3692/3984/3982
f 3654/3985/3983 3653/3970/3968 3640/3969/3967
f 3654/3985/3983 3640/3969/3967 3655/3968/3966
f 3655/3968/3966 3691/3986/3984 3654/3985/3983
f 3655/3968/3966 3690/3987/3985 3691/3986/3984
f 3655/3968/3966 3638/3967/3965 3656/3966/3964
f 3655/3968/3966 3656/3966/3964 3690/3987/3985
f 3656/3966/3964 3689/3988/3986 3690/3987/3985
f 3656/3966/3964 3657/3965/3963 3689/3988/3986
f 3657/3965/3963 3688/3989/3987 3689/3988/3986
f 3657/3965/3963 3658/3964/3962 3688/3989/3987
f 3658/3964/3962 3659/3963/3961 3688/3989/3987
f 3659/3963/3961 3686/3990/3988 3688/3989/3987
f 3659/3963/3961 3660/3962/3960 3686/3990/3988
f 3660/3962/3960 3684/3991/3989 3686/3990/3988
f 3660/3962/3960 3661/3961/3959 3684/3991/3989
f 3661/3961/3959 3662/3992/3990 3684/3991/3989
f 3662/3992/3990 3661/3961/3959 3663/3960/3958
f 3662/3992/3990 3663/3960/3958 3682/3993/3991
f 3663/3960/3958 3681/3994/3992 3682/3993/3991
f 3663/3960/3958 3631/3959/3957 3629/3958/3956
f 3663/3960/3958 3629/3958/3956 3681/3994/3992
f 3629/3958/3956 3664/3995/3993 3681/3994/3992
f 3664/3995/3993 3629/3958/3956 3665/3996/3994
f 3665/3996/3994 3629/3958/3956 3627/3957/3955
f 3665/3996/3994 3627/3957/3955 3677/3997/3995
f 3677/3997/3995 3627/3957/3955 3666/3956/3954
f 3666/3956/3954 3675/3998/3996 3677/3997/3995
f 3666/3956/3954 3626/3955/3953 3675/3998/3996
f 3626/3955/3953 3667/3999/3997 3675/3998/3996
f 3667/3999/3997 3626/3955/3953 3625/3954/3952
f 3667/3999/3997 3625/3954/3952 3668/4000/3998
f 3668/4000/3998 3625/3954/3952 3623/3953/3951
f 3668/4000/3998 3623/3953/3951 3622/3952/3950
f 3668/4000/3998 3622/3952/3950 3669/4001/3999
f 3668/4000/3998 3669/4001/3999 3672/4002/4000
f 3669/4001/3999 3622/3952/3950 3621/3951/3949
f 3669/4001/3999 3621/3951/3949 3670/3949/3947
f 3670/3949/3947 3671/3947/3945 3672/4002/4000
f 3670/3949/3947 3672/4002/4000 3669/4001/3999
f 3672/4002/4000 3673/4003/4001 3668/4000/3998
f 3673/4003/4001 3674/4004/4002 3668/4000/3998
f 3674/4004/4002 3667/3999/3997 3668/4000/3998
f 3674/4004/4002 3675/3998/3996 3667/3999/3997
f 3675/3998/3996 3674/4004/4002 3676/4005/4003
f 3675/3998/3996 3676/4005/4003 3677/3997/3995
f 3677/3997/3995 3676/4005/4003 3678/4006/4004
f 3678/4006/4004 3679/4007/4005 3665/3996/3994
f 3678/4006/4004 3665/3996/3994 3677/3997/3995
f 3679/4007/4005 3680/4008/4006 3664/3995/3993
f 3679/4007/4005 3664/3995/3993 3665/3996/3994
f 3680/4008/4006 3681/3994/3992 3664/3995/3993
f 3681/3994/3992 3680/4008/4006 3683/4009/4007
f 3681/3994/3992 3683/4009/4007 3682/3993/3991
f 3682/3993/3991 3683/4009/4007 3685/4010/4008
f 3682/3993/3991 3685/4010/4008 3662/3992/3990
f 3685/4010/4008 3684/3991/3989 3662/3992/3990
f 3684/3991/3989 3685/4010/4008 3686/3990/3988
f 3686/3990/3988 3685/4010/4008 3687/4011/4009
f 3686/3990/3988 3687/4011/4009 3688/3989/3987
f 3688/3989/3987 3687/4011/4009 3752/4012/4010
f 3688/3989/3987 3752/4012/4010 3689/3988/3986
f 3689/3988/3986 3752/4012/4010 3690/3987/3985
f 3690/3987/3985 3753/4013/4011 3691/3986/3984
f 3757/4014/4012 3691/3986/3984 3756/4015/4013
f 3757/4014/4012 3692/3984/3982 3654/3985/3983
f 3757/4014/4012 3654/3985/3983 3691/3986/3984
f 3692/3984/3982 3694/4016/4014 3693/3983/3981
f 3693/3983/3981 3694/4016/4014 3695/4017/4015
f 3693/3983/3981 3695/4017/4015 3652/3971/3969
f 3695/4017/4015 3650/3982/3980 3652/3971/3969
f 3650/3982/3980 3695/4017/4015 3759/4018/4016
f 3650/3982/3980 3759/4018/4016 3696/4019/4017
f 3696/4019/4017 3697/3975/3973 3650/3982/3980
f 3697/3975/3973 3696/4019/4017 3648/200/200
f 3698/3981/3979 3644/3977/3975 3648/200/200
f 3698/3981/3979 3702/4020/4018 3700/3980/3978
f 3698/3981/3979 3700/3980/3978 3647/3978/3976
f 3700/3980/3978 3701/3907/3905 3699/3979/3977
f 3702/4020/4018 3703/3909/3907 3700/3980/3978
f 3702/4020/4018 3761/199/199 3704/4021/4019
f 3704/4021/4019 3705/3911/3909 3702/4020/4018
f 3706/4022/4020 3543/3912/3910 3704/4021/4019
f 3706/4022/4020 3704/4021/4019 3760/4023/4021
f 3706/4022/4020 3707/4024/4022 3543/3912/3910
f 3706/4022/4020 3763/4025/4023 3707/4024/4022
f 3707/4024/4022 3763/4025/4023 3708/4026/4024
f 3707/4024/4022 3708/4026/4024 3709/4027/4025
f 3709/4027/4025 3710/4028/4026 3707/4024/4022
f 3709/4027/4025 3711/4029/4027 3710/4028/4026
f 3711/4029/4027 3709/4027/4025 3713/4030/4028
f 3711/4029/4027 3713/4030/4028 3714/4031/4029
f 3714/4031/4029 3550/3918/3916 3711/4029/4027
f 3714/4031/4029 3713/4030/4028 3765/4032/4030
f 3714/4031/4029 3715/4033/4031 3716/4034/4032
f 3714/4031/4029 3716/4034/4032 3717/3919/3917
f 3716/4034/4032 3715/4033/4031 3718/4035/4033
f 3716/4034/4032 3718/4035/4033 3719/4036/4034
f 3719/4036/4034 3720/3921/3919 3716/4034/4032
f 3719/4036/4034 3718/4035/4033 3768/4037/4035
f 3719/4036/4034 3768/4037/4035 3723/4038/4036
f 3723/4038/4036 3722/3925/3923 3719/4036/4034
f 3723/4038/4036 3724/4039/4037 3726/4040/4038
f 3723/4038/4036 3726/4040/4038 3725/3926/3924
f 3726/4040/4038 3724/4039/4037 3727/4041/4039
f 3726/4040/4038 3727/4041/4039 3730/4042/4040
f 3726/4040/4038 3730/4042/4040 3728/3929/3927
f 3730/4042/4040 3727/4041/4039 3729/4043/4041
f 3730/4042/4040 3729/4043/4041 3732/4044/4042
f 3730/4042/4040 3732/4044/4042 3731/4045/4043
f 3732/4044/4042 3729/4043/4041 3733/4046/4044
f 3732/4044/4042 3733/4046/4044 3734/4047/4045
f 3734/4047/4045 3733/4046/4044 3736/4048/4046
f 3734/4047/4045 3736/4048/4046 3735/4049/4047
f 3735/4049/4047 3736/4048/4046 3738/4050/4048
f 3735/4049/4047 3738/4050/4048 3737/3934/3932
f 3738/4050/4048 3739/3935/3933 3737/3934/3932
f 3738/4050/4048 3740/3944/3942 3739/3935/3933
f 3738/4050/4048 3741/4051/4049 3740/3944/3942
f 3741/4051/4049 3616/3945/3943 3503/3873/3871
f 3741/4051/4049 3503/3873/3871 3740/3944/3942
f 3616/3945/3943 3741/4051/4049 3742/4052/4050
f 3742/4052/4050 3741/4051/4049 3743/4053/4051
f 3742/4052/4050 3617/3946/3944 3616/3945/3943
f 3742/4052/4050 3743/4053/4051 3672/4002/4000
f 3742/4052/4050 3672/4002/4000 3671/3947/3945
f 3742/4052/4050 3671/3947/3945 3617/3946/3944
f 3743/4053/4051 3744/4054/4052 3673/4003/4001
f 3743/4053/4051 3673/4003/4001 3672/4002/4000
f 3744/4054/4052 3743/4053/4051 3777/4055/4053
f 3744/4054/4052 3674/4004/4002 3673/4003/4001
f 3744/4054/4052 3776/4056/4054 3745/4057/4055
f 3744/4054/4052 3745/4057/4055 3674/4004/4002
f 3745/4057/4055 3676/4005/4003 3674/4004/4002
f 3745/4057/4055 3746/4058/4056 3676/4005/4003
f 3746/4058/4056 3745/4057/4055 3774/4059/4057
f 3746/4058/4056 3678/4006/4004 3676/4005/4003
f 3746/4058/4056 3747/4060/4058 3679/4007/4005
f 3746/4058/4056 3679/4007/4005 3678/4006/4004
f 3747/4060/4058 3746/4058/4056 3772/4061/4059
f 3747/4060/4058 3680/4008/4006 3679/4007/4005
f 3747/4060/4058 3772/4061/4059 3748/4062/4060
f 3747/4060/4058 3748/4062/4060 3683/4009/4007
f 3747/4060/4058 3683/4009/4007 3680/4008/4006
f 3748/4062/4060 3749/4063/4061 3683/4009/4007
f 3749/4063/4061 3748/4062/4060 3771/4064/4062
f 3749/4063/4061 3685/4010/4008 3683/4009/4007
f 3749/4063/4061 3770/4065/4063 3750/4066/4064
f 3749/4063/4061 3750/4066/4064 3685/4010/4008
f 3750/4066/4064 3687/4011/4009 3685/4010/4008
f 3750/4066/4064 3769/4067/4065 3751/4068/4066
f 3750/4066/4064 3751/4068/4066 3687/4011/4009
f 3751/4068/4066 3752/4012/4010 3687/4011/4009
f 3752/4012/4010 3751/4068/4066 3754/4069/4067
f 3752/4012/4010 3754/4069/4067 3753/4013/4011
f 3753/4013/4011 3754/4069/4067 3755/4070/4068
f 3753/4013/4011 3690/3987/3985 3752/4012/4010
f 3755/4070/4068 3691/3986/3984 3753/4013/4011
f 3756/4015/4013 3691/3986/3984 3755/4070/4068
f 3757/4014/4012 3756/4015/4013 3764/4071/4069
f 3757/4014/4012 3764/4071/4069 3758/4072/4070
f 3758/4072/4070 3692/3984/3982 3757/4014/4012
f 3758/4072/4070 3708/4026/4024 3762/4073/4071
f 3758/4072/4070 3762/4073/4071 3694/4016/4014
f 3758/4072/4070 3694/4016/4014 3692/3984/3982
f 3762/4073/4071 3759/4018/4016 3695/4017/4015
f 3762/4073/4071 3695/4017/4015 3694/4016/4014
f 3759/4018/4016 3760/4023/4021 3696/4019/4017
f 3696/4019/4017 3760/4023/4021 100/198/198
f 100/198/198 3760/4023/4021 3704/4021/4019
f 100/198/198 3704/4021/4019 3761/199/199
f 3761/199/199 3702/4020/4018 3698/3981/3979
f 3761/199/199 3698/3981/3979 3648/200/200
f 3760/4023/4021 3763/4025/4023 3706/4022/4020
f 3760/4023/4021 3759/4018/4016 3762/4073/4071
f 3760/4023/4021 3762/4073/4071 3763/4025/4023
f 3763/4025/4023 3762/4073/4071 3708/4026/4024
f 3709/4027/4025 3708/4026/4024 3764/4071/4069
f 3709/4027/4025 3764/4071/4069 3713/4030/4028
f 3764/4071/4069 3765/4032/4030 3713/4030/4028
f 3765/4032/4030 3764/4071/4069 3756/4015/4013
f 3765/4032/4030 3715/4033/4031 3714/4031/4029
f 3765/4032/4030 3755/4070/4068 3766/4074/4072
f 3765/4032/4030 3766/4074/4072 3715/4033/4031
f 3766/4074/4072 3718/4035/4033 3715/4033/4031
f 3766/4074/4072 3754/4069/4067 3767/4075/4073
f 3766/4074/4072 3767/4075/4073 3718/4035/4033
f 3767/4075/4073 3751/4068/4066 3768/4037/4035
f 3767/4075/4073 3768/4037/4035 3718/4035/4033
f 3768/4037/4035 3751/4068/4066 3769/4067/4065
f 3769/4067/4065 3723/4038/4036 3768/4037/4035
f 3769/4067/4065 3770/4065/4063 3723/4038/4036
f 3770/4065/4063 3724/4039/4037 3723/4038/4036
f 3770/4065/4063 3771/4064/4062 3724/4039/4037
f 3771/4064/4062 3727/4041/4039 3724/4039/4037
f 3727/4041/4039 3771/4064/4062 3748/4062/4060
f 3727/4041/4039 3772/4061/4059 3729/4043/4041
f 3772/4061/4059 3773/4076/4074 3729/4043/4041
f 3773/4076/4074 3733/4046/4044 3729/4043/4041
f 3773/4076/4074 3774/4059/4057 3733/4046/4044
f 3774/4059/4057 3775/4077/4075 3733/4046/4044
f 3775/4077/4075 3736/4048/4046 3733/4046/4044
f 3775/4077/4075 3774/4059/4057 3745/4057/4055
f 3775/4077/4075 3745/4057/4055 3776/4056/4054
f 3775/4077/4075 3776/4056/4054 3736/4048/4046
f 3776/4056/4054 3738/4050/4048 3736/4048/4046
f 3776/4056/4054 3777/4055/4053 3738/4050/4048
f 3777/4055/4053 3741/4051/4049 3738/4050/4048
f 3777/4055/4053 3743/4053/4051 3741/4051/4049
f 3777/4055/4053 3776/4056/4054 3744/4054/4052
f 3773/4076/4074 3746/4058/4056 3774/4059/4057
f 3772/4061/4059 3746/4058/4056 3773/4076/4074
f 3727/4041/4039 3748/4062/4060 3772/4061/4059
f 3770/4065/4063 3749/4063/4061 3771/4064/4062
f 3769/4067/4065 3750/4066/4064 3770/4065/4063
f 3767/4075/4073 3754/4069/4067 3751/4068/4066
f 3766/4074/4072 3755/4070/4068 3754/4069/4067
f 3765/4032/4030 3756/4015/4013 3755/4070/4068
f 3708/4026/4024 3758/4072/4070 3764/4071/4069
f 3740/3944/3942 3569/3936/3934 3739/3935/3933
f 3740/3944/3942 3614/3938/3936 3569/3936/3934
f 3735/4049/4047 3737/3934/3932 3565/3932/3930
f 3735/4049/4047 3565/3932/3930 3734/4047/4045
f 3734/4047/4045 3565/3932/3930 3564/3931/3929
f 3734/4047/4045 3564/3931/3929 3732/4044/4042
f 3732/4044/4042 3564/3931/3929 3731/4045/4043
f 3731/4045/4043 3564/3931/3929 3562/3930/3928
f 3731/4045/4043 3562/3930/3928 3728/3929/3927
f 3731/4045/4043 3728/3929/3927 3730/4042/4040
f 3728/3929/3927 3562/3930/3928 3560/3928/3926
f 3728/3929/3927 3559/3927/3925 3725/3926/3924
f 3728/3929/3927 3725/3926/3924 3726/4040/4038
f 3725/3926/3924 3722/3925/3923 3723/4038/4036
f 3722/3925/3923 3721/3923/3921 3719/4036/4034
f 3721/3923/3921 3555/3922/3920 3720/3921/3919
f 3721/3923/3921 3720/3921/3919 3719/4036/4034
f 3720/3921/3919 3552/3920/3918 3717/3919/3917
f 3720/3921/3919 3717/3919/3917 3716/4034/4032
f 3717/3919/3917 3550/3918/3916 3714/4031/4029
f 3550/3918/3916 3712/3917/3915 3711/4029/4027
f 3712/3917/3915 3710/4028/4026 3711/4029/4027
f 3710/4028/4026 3712/3917/3915 3546/3916/3914
f 3710/4028/4026 3546/3916/3914 3545/3915/3913
f 3710/4028/4026 3545/3915/3913 3707/4024/4022
f 3707/4024/4022 3545/3915/3913 3543/3912/3910
f 3543/3912/3910 3705/3911/3909 3704/4021/4019
f 3705/3911/3909 3703/3909/3907 3702/4020/4018
f 3703/3909/3907 3539/3908/3906 3701/3907/3905
f 3703/3909/3907 3701/3907/3905 3700/3980/3978
f 3701/3907/3905 3778/3906/3904 3699/3979/3977
f 3648/200/200 3696/4019/4017 100/198/198
f 3671/3947/3945 3670/3949/3947 3619/3948/3946
f 3570/3937/3935 3426/3762/3760 3425/3761/3759
f 3568/3760/3758 3422/3125/3123 3567/3759/3757
f 3566/3933/3931 3421/3758/3756 3419/3757/3755
f 3565/3932/3930 3419/3757/3755 3417/3756/3754
f 3561/3752/3750 3563/3755/3753 3414/3751/3749
f 3561/3752/3750 3412/3748/3746 3560/3928/3926
f 3560/3928/3926 3412/3748/3746 3558/3747/3745
f 3556/3924/3922 3557/3744/3742 3408/3742/3740
f 3554/3741/3739 3407/3740/3738 3553/3739/3737
f 3553/3739/3737 3405/3737/3735 3551/3735/3733
f 3548/3730/3728 3400/3729/3727 3547/3728/3726
f 3546/3916/3914 3547/3728/3726 3544/3726/3724
f 3542/3914/3912 3541/3913/3911 3544/3726/3724
f 3542/3914/3912 3544/3726/3724 3397/3725/3723
f 3542/3914/3912 3397/3725/3723 3396/314/314
f 3542/3914/3912 3396/314/314 157/54/54
f 3542/3914/3912 157/54/54 3539/3908/3906
f 3542/3914/3912 3539/3908/3906 3540/3910/3908
f 3539/3908/3906 157/54/54 24/53/53
f 3538/3904/3902 3646/3905/3903 3778/3906/3904
f 3497/3674/3672 3350/3672/3670 3349/3671/3669
f 3494/3865/3863 3349/3671/3669 3348/3668/3666
f 3494/3865/3863 3348/3668/3666 3346/3667/3665
f 3492/3862/3860 3346/3667/3665 3344/3665/3663
f 3489/3664/3662 3341/356/356 3488/3857/3855
f 3487/3855/3853 3341/356/356 3340/3663/3661
f 3487/3855/3853 3488/3857/3855 3341/356/356
f 3487/3855/3853 3340/3663/3661 3779/3853/3851
f 3779/3853/3851 3340/3663/3661 3780/3660/3658
f 3779/3853/3851 3780/3660/3658 3781/3852/3850
f 3781/3852/3850 3780/3660/3658 3782/4078/4076
f 3782/4078/4076 3783/4079/4077 3483/3849/3847
f 3782/4078/4076 3483/3849/3847 3781/3852/3850
f 3783/4079/4077 3784/3845/3843 3482/3847/3845
f 3783/4079/4077 3482/3847/3845 3483/3849/3847
f 3784/3845/3843 3783/4079/4077 3785/3656/3654
f 3784/3845/3843 3785/3656/3654 3786/3841/3839
f 3786/3841/3839 3785/3656/3654 3787/3842/3840
f 3787/3842/3840 3788/3651/3649 3789/3837/3835
f 3789/3837/3835 3788/3651/3649 3790/3650/3648
f 3789/3837/3835 3790/3650/3648 3791/3838/3836
f 3789/3837/3835 3593/3839/3837 3787/3842/3840
f 3791/3838/3836 3790/3650/3648 3792/3648/3646
f 3791/3838/3836 3792/3648/3646 3793/3835/3833
f 3793/3835/3833 3792/3648/3646 3794/3644/3642
f 3793/3835/3833 3794/3644/3642 3795/3832/3830
f 3793/3835/3833 3478/3834/3832 3791/3838/3836
f 3795/3832/3830 3794/3644/3642 3796/4080/4078
f 3795/3832/3830 3796/4080/4078 3797/3829/3827
f 3795/3832/3830 3477/3833/3831 3793/3835/3833
f 3797/3829/3827 3796/4080/4078 3798/3830/3828
f 3798/3830/3828 3324/3639/3637 3799/3827/3825
f 3799/3827/3825 3324/3639/3637 3322/3637/3635
f 3799/3827/3825 3322/3637/3635 3474/3825/3823
f 3799/3827/3825 3601/3826/3824 3798/3830/3828
f 3474/3825/3823 3322/3637/3635 3800/3633/3631
f 3474/3825/3823 3800/3633/3631 3801/3821/3819
f 3801/3821/3819 3800/3633/3631 3802/3822/3820
f 3802/3822/3820 3803/3632/3630 3804/3628/3626
f 3802/3822/3820 3804/3628/3626 3805/3819/3817
f 3802/3822/3820 3805/3819/3817 3471/3818/3816
f 3805/3819/3817 3804/3628/3626 3806/3627/3625
f 3805/3819/3817 3806/3627/3625 3807/3816/3814
f 3805/3819/3817 3807/3816/3814 3607/3815/3813
f 3807/3816/3814 3806/3627/3625 3808/3624/3622
f 3807/3816/3814 3808/3624/3622 3809/3814/3812
f 3807/3816/3814 3809/3814/3812 3609/3813/3811
f 3809/3814/3812 3808/3624/3622 3316/3620/3618
f 3809/3814/3812 3316/3620/3618 3810/3812/3810
f 3809/3814/3812 3810/3812/3810 3470/3811/3809
f 3810/3812/3810 3316/3620/3618 3314/3618/3616
f 3810/3812/3810 3314/3618/3616 3811/3809/3807
f 3810/3812/3810 3811/3809/3807 3469/3808/3806
f 3811/3809/3807 3812/3805/3803 3612/3807/3805
f 3812/3805/3803 3811/3809/3807 3813/3615/3613
f 3812/3805/3803 3813/3615/3613 3468/3804/3802
f 3468/3804/3802 3813/3615/3613 3310/3613/3611
f 3468/3804/3802 3310/3613/3611 3309/3610/3608
f 3468/3804/3802 3309/3610/3608 3465/3801/3799
f 3468/3804/3802 3465/3801/3799 3466/3802/3800
f 3465/3801/3799 3309/3610/3608 3308/3609/3607
f 3465/3801/3799 3308/3609/3607 3814/4081/4079
f 3814/4081/4079 3815/173/173 86/172/172
f 3814/4081/4079 86/172/172 3465/3801/3799
f 3815/173/173 3816/4082/4080 88/169/169
f 3816/4082/4080 3949/4083/4081 87/4084/4082
f 3816/4082/4080 87/4084/4082 88/169/169
f 3949/4083/4081 3817/4085/4083 3818/4086/4084
f 3949/4083/4081 3818/4086/4084 87/4084/4082
f 3818/4086/4084 3817/4085/4083 3955/4087/4085
f 3818/4086/4084 3955/4087/4085 3819/4088/4086
f 3819/4088/4086 3955/4087/4085 3942/4089/4087
f 3819/4088/4086 3942/4089/4087 3820/4090/4088
f 3820/4090/4088 3942/4089/4087 3941/4091/4089
f 3820/4090/4088 3941/4091/4089 3849/4092/4090
f 3849/4092/4090 3941/4091/4089 3956/4093/4091
f 3849/4092/4090 3956/4093/4091 3821/4094/4092
f 3821/4094/4092 3956/4093/4091 3822/4095/4093
f 3823/4096/4094 3846/3173/3171 3822/4095/4093
f 3823/4096/4094 3959/4097/4095 3824/4098/4096
f 3824/4098/4096 3844/4099/4097 3845/4100/4098
f 3824/4098/4096 3845/4100/4098 3823/4096/4094
f 3824/4098/4096 3825/4101/4099 3844/4099/4097
f 3826/4102/4100 3843/4103/4101 2851/3175/3173
f 3826/4102/4100 2851/3175/3173 3825/4101/4099
f 3826/4102/4100 3827/4104/4102 3842/4105/4103
f 3826/4102/4100 3842/4105/4103 3843/4103/4101
f 3842/4105/4103 3827/4104/4102 3961/4106/4104
f 3961/4106/4104 3840/3177/3175 3842/4105/4103
f 3961/4106/4104 3839/4107/4105 3840/3177/3175
f 3828/4108/4106 3837/4109/4107 3839/4107/4105
f 3828/4108/4106 3930/4110/4108 3837/4109/4107
f 3930/4110/4108 3836/4111/4109 3837/4109/4107
f 3930/4110/4108 3829/4112/4110 3836/4111/4109
f 3829/4112/4110 3928/4113/4111 3830/4114/4112
f 3830/4114/4112 3833/4115/4113 3834/4116/4114
f 3830/4114/4112 3834/4116/4114 3829/4112/4110
f 3830/4114/4112 3831/4117/4115 3833/4115/4113
f 3831/4117/4115 3855/4118/4116 3833/4115/4113
f 3831/4117/4115 3832/4119/4117 3856/4120/4118
f 3831/4117/4115 3856/4120/4118 3855/4118/4116
f 3856/4120/4118 3832/4119/4117 3256/3558/3556
f 3856/4120/4118 3256/3558/3556 46/85/85
f 3834/4116/4114 3835/3180/3178 3836/4111/4109
f 3836/4111/4109 2854/3179/3177 3837/4109/4107
f 3836/4111/4109 3829/4112/4110 3834/4116/4114
f 3837/4109/4107 2854/3179/3177 3838/3178/3176
f 3837/4109/4107 3838/3178/3176 3839/4107/4105
f 3839/4107/4105 3838/3178/3176 3840/3177/3175
f 3840/3177/3175 3841/3176/3174 3842/4105/4103
f 3842/4105/4103 3841/3176/3174 3843/4103/4101
f 2851/3175/3173 2850/3174/3172 3844/4099/4097
f 3844/4099/4097 3825/4101/4099 2851/3175/3173
f 3846/3173/3171 3823/4096/4094 3845/4100/4098
f 3847/3172/3170 3848/2961/2959 3849/4092/4090
f 3847/3172/3170 3849/4092/4090 3821/4094/4092
f 3847/3172/3170 3821/4094/4092 3822/4095/4093
f 3847/3172/3170 3822/4095/4093 3846/3173/3171
f 3849/4092/4090 3848/2961/2959 2847/3171/3169
f 3849/4092/4090 2847/3171/3169 3850/4121/4119
f 3850/4121/4119 3851/3170/3168 3820/4090/4088
f 3850/4121/4119 3820/4090/4088 3849/4092/4090
f 3851/3170/3168 3852/3169/3167 3853/3168/3166
f 3851/3170/3168 3853/3168/3166 3819/4088/4086
f 3851/3170/3168 3819/4088/4086 3820/4090/4088
f 3853/3168/3166 87/4084/4082 3818/4086/4084
f 3853/3168/3166 3818/4086/4084 3819/4088/4086
f 87/4084/4082 3853/3168/3166 3854/3167/3165
f 87/4084/4082 3854/3167/3165 88/169/169
f 3854/3167/3165 2845/3166/3164 85/170/170
f 3854/3167/3165 85/170/170 88/169/169
f 3853/3168/3166 2638/2957/2955 3854/3167/3165
f 3851/3170/3168 2640/2959/2957 3852/3169/3167
f 3851/3170/3168 3850/4121/4119 2847/3171/3169
f 2847/3171/3169 2846/2960/2958 3851/3170/3168
f 3845/4100/4098 2849/2962/2960 3846/3173/3171
f 3845/4100/4098 3844/4099/4097 2850/3174/3172
f 3845/4100/4098 2850/3174/3172 2849/2962/2960
f 2851/3175/3173 3843/4103/4101 3841/3176/3174
f 3841/3176/3174 2647/2967/2965 2646/2966/2964
f 3841/3176/3174 3840/3177/3175 2647/2967/2965
f 3838/3178/3176 2852/2968/2966 3840/3177/3175
f 2854/3179/3177 3836/4111/4109 3835/3180/3178
f 3835/3180/3178 2652/2971/2969 2854/3179/3177
f 3834/4116/4114 2855/2974/2972 2653/2972/2970
f 3834/4116/4114 2653/2972/2970 3835/3180/3178
f 3834/4116/4114 3833/4115/4113 2855/2974/2972
f 3833/4115/4113 2856/3181/3179 2855/2974/2972
f 3833/4115/4113 3855/4118/4116 2856/3181/3179
f 3855/4118/4116 2857/3182/3180 2856/3181/3179
f 3855/4118/4116 3856/4120/4118 3857/3183/3181
f 3855/4118/4116 3857/3183/3181 2857/3182/3180
f 3857/3183/3181 3856/4120/4118 46/85/85
f 3857/3183/3181 46/85/85 47/89/89
f 47/89/89 2858/3184/3182 3857/3183/3181
f 47/89/89 2859/3185/3183 2858/3184/3182
f 2859/3185/3183 3858/88/88 2860/322/322
f 3858/88/88 3859/319/319 2860/322/322
f 3859/319/319 3250/3556/3554 3860/4122/4120
f 3860/4122/4120 163/320/320 3859/319/319
f 3860/4122/4120 3250/3556/3554 3249/3555/3553
f 3860/4122/4120 3249/3555/3553 3247/3554/3552
f 3247/3554/3552 163/320/320 3860/4122/4120
f 3247/3554/3552 3862/3186/3184 163/320/320
f 3247/3554/3552 3861/4123/4121 3862/3186/3184
f 3861/4123/4121 3247/3554/3552 3246/3553/3551
f 3861/4123/4121 3246/3553/3551 3863/3552/3550
f 3863/3552/3550 3245/264/264 3864/4124/4122
f 3864/4124/4122 3245/264/264 3865/3551/3549
f 3865/3551/3549 3867/4125/4123 3864/4124/4122
f 3865/3551/3549 3866/3550/3548 3867/4125/4123
f 3243/3549/3547 3868/4126/4124 3893/4127/4125
f 3243/3549/3547 3893/4127/4125 3866/3550/3548
f 3243/3549/3547 3891/3548/3546 3868/4126/4124
f 3891/3548/3546 3235/3542/3540 3869/4128/4126
f 3869/4128/4126 3235/3542/3540 3240/3547/3545
f 3240/3547/3545 3239/3544/3542 130/254/254
f 130/254/254 3870/4129/4127 3888/4130/4128
f 130/254/254 3888/4130/4128 3240/3547/3545
f 130/254/254 3871/253/253 3870/4129/4127
f 3871/253/253 3872/4131/4129 3870/4129/4127
f 3872/4131/4129 3871/253/253 3100/3426/3424
f 3872/4131/4129 3100/3426/3424 3873/4132/4130
f 3872/4131/4129 3873/4132/4130 3874/4133/4131
f 3873/4132/4130 3876/4134/4132 3884/4135/4133
f 3873/4132/4130 3099/3424/3422 3875/3423/3421
f 3873/4132/4130 3875/3423/3421 3876/4134/4132
f 3876/4134/4132 3875/3423/3421 3877/3421/3419
f 3877/3421/3419 3878/4136/4134 3879/3203/3201
f 3877/3421/3419 3879/3203/3201 3876/4134/4132
f 3878/4136/4134 3877/3421/3419 3095/3419/3417
f 3878/4136/4134 3095/3419/3417 3094/3418/3416
f 3878/4136/4134 3881/3205/3203 3879/3203/3201
f 3878/4136/4134 3880/4137/4135 3881/3205/3203
f 3880/4137/4135 3878/4136/4134 3094/3418/3416
f 3880/4137/4135 3094/3418/3416 3093/3417/3415
f 3881/3205/3203 2874/3204/3202 3879/3203/3201
f 3881/3205/3203 3880/4137/4135 3882/3206/3204
f 3882/3206/3204 3880/4137/4135 3093/3417/3415
f 3882/3206/3204 3093/3417/3415 2876/3207/3205
f 3879/3203/3201 2873/3202/3200 3883/4138/4136
f 3883/4138/4136 2872/3201/3199 3884/4135/4133
f 3883/4138/4136 3884/4135/4133 3876/4134/4132
f 3883/4138/4136 3876/4134/4132 3879/3203/3201
f 3884/4135/4133 2872/3201/3199 2871/2999/2997
f 3884/4135/4133 3885/3199/3197 3874/4133/4131
f 3884/4135/4133 3874/4133/4131 3873/4132/4130
f 3874/4133/4131 3885/3199/3197 3886/3197/3195
f 3874/4133/4131 3886/3197/3195 3887/3195/3193
f 3887/3195/3193 3888/4130/4128 3870/4129/4127
f 3887/3195/3193 3870/4129/4127 3872/4131/4129
f 3887/3195/3193 3872/4131/4129 3874/4133/4131
f 3888/4130/4128 3887/3195/3193 2866/3194/3192
f 3888/4130/4128 2866/3194/3192 3889/4139/4137
f 3889/4139/4137 3890/3192/3190 3891/3548/3546
f 3889/4139/4137 3891/3548/3546 3869/4128/4126
f 3889/4139/4137 3869/4128/4126 3240/3547/3545
f 3889/4139/4137 3240/3547/3545 3888/4130/4128
f 3891/3548/3546 3890/3192/3190 3868/4126/4124
f 3868/4126/4124 3892/3190/3188 3893/4127/4125
f 3893/4127/4125 3892/3190/3188 3867/4125/4123
f 3867/4125/4123 3866/3550/3548 3893/4127/4125
f 3894/3189/3187 3895/3188/3186 3864/4124/4122
f 3894/3189/3187 3864/4124/4122 3867/4125/4123
f 3895/3188/3186 3896/3187/3185 3861/4123/4121
f 3895/3188/3186 3861/4123/4121 3863/3552/3550
f 3895/3188/3186 3863/3552/3550 3864/4124/4122
f 3861/4123/4121 3896/3187/3185 2667/2981/2979
f 3861/4123/4121 2667/2981/2979 3862/3186/3184
f 3862/3186/3184 2861/321/321 163/320/320
f 3867/4125/4123 3892/3190/3188 3894/3189/3187
f 3868/4126/4124 3890/3192/3190 2863/3191/3189
f 3868/4126/4124 2863/3191/3189 3892/3190/3188
f 3889/4139/4137 2866/3194/3192 2865/3193/3191
f 3889/4139/4137 2865/3193/3191 3890/3192/3190
f 3886/3197/3195 2868/3196/3194 3887/3195/3193
f 3885/3199/3197 2869/3198/3196 3886/3197/3195
f 3884/4135/4133 2871/2999/2997 2870/3200/3198
f 3884/4135/4133 2870/3200/3198 3885/3199/3197
f 3883/4138/4136 2873/3202/3200 2872/3201/3199
f 3877/3421/3419 3875/3423/3421 3096/3420/3418
f 3875/3423/3421 3099/3424/3422 3097/3422/3420
f 3873/4132/4130 3100/3426/3424 3099/3424/3422
f 3100/3426/3424 3871/253/253 3102/256/256
f 3865/3551/3549 3244/267/267 3866/3550/3548
f 3859/319/319 3858/88/88 137/269/269
f 3859/319/319 137/269/269 3250/3556/3554
f 3858/88/88 2859/3185/3183 47/89/89
f 3256/3558/3556 3254/86/86 46/85/85
f 3832/4119/4117 3897/4140/4138 3256/3558/3556
f 3897/4140/4138 3832/4119/4117 3900/4141/4139
f 3897/4140/4138 3259/3561/3559 3257/3559/3557
f 3897/4140/4138 3257/3559/3557 3256/3558/3556
f 3259/3561/3559 3897/4140/4138 3899/4142/4140
f 3259/3561/3559 3899/4142/4140 3898/3563/3561
f 3259/3561/3559 3898/3563/3561 3261/3562/3560
f 3899/4142/4140 3900/4141/4139 3901/4143/4141
f 3899/4142/4140 3901/4143/4141 3902/3564/3562
f 3899/4142/4140 3902/3564/3562 3898/3563/3561
f 3902/3564/3562 3901/4143/4141 3903/3567/3565
f 3902/3564/3562 3903/3567/3565 3267/3566/3564
f 3902/3564/3562 3267/3566/3564 3266/3503/3501
f 3903/3567/3565 3901/4143/4141 3924/4144/4142
f 3903/3567/3565 3924/4144/4142 3904/3568/3566
f 3904/3568/3566 3924/4144/4142 3923/4145/4143
f 3904/3568/3566 3923/4145/4143 3905/3570/3568
f 3904/3568/3566 3184/3498/3496 3903/3567/3565
f 3905/3570/3568 3268/3569/3567 3904/3568/3566
f 3905/3570/3568 3906/4146/4144 3270/3572/3570
f 3905/3570/3568 3270/3572/3570 3269/3571/3569
f 3906/4146/4144 3907/4147/4145 3908/3574/3572
f 3906/4146/4144 3908/3574/3572 3271/3573/3571
f 3906/4146/4144 3271/3573/3571 3270/3572/3570
f 3908/3574/3572 3907/4147/4145 3909/4148/4146
f 3908/3574/3572 3909/4148/4146 3910/3575/3573
f 3910/3575/3573 3909/4148/4146 3920/4149/4147
f 3910/3575/3573 3920/4149/4147 3911/3576/3574
f 3911/3576/3574 3920/4149/4147 3919/4150/4148
f 3911/3576/3574 3919/4150/4148 3912/4151/4149
f 3912/4151/4149 3913/4152/4150 3275/3577/3575
f 3912/4151/4149 3275/3577/3575 3274/3492/3490
f 3912/4151/4149 3274/3492/3490 3911/3576/3574
f 3913/4152/4150 3914/3579/3577 3276/3578/3576
f 3913/4152/4150 3276/3578/3576 3275/3577/3575
f 3914/3579/3577 3913/4152/4150 3915/4153/4151
f 3915/4153/4151 3916/210/210 3277/3580/3578
f 3915/4153/4151 3277/3580/3578 3914/3579/3577
f 3916/210/210 3917/4154/4152 55/108/108
f 3916/210/210 55/108/108 103/107/107
f 3916/210/210 3915/4153/4151 3917/4154/4152
f 3917/4154/4152 3939/4155/4153 55/108/108
f 3917/4154/4152 3915/4153/4151 3938/4156/4154
f 3938/4156/4154 3915/4153/4151 3913/4152/4150
f 3938/4156/4154 3913/4152/4150 3918/4157/4155
f 3918/4157/4155 3913/4152/4150 3912/4151/4149
f 3912/4151/4149 3936/4158/4156 3937/4159/4157
f 3912/4151/4149 3937/4159/4157 3918/4157/4155
f 3912/4151/4149 3919/4150/4148 3936/4158/4156
f 3919/4150/4148 3935/4160/4158 3936/4158/4156
f 3919/4150/4148 3920/4149/4147 3935/4160/4158
f 3920/4149/4147 3934/4161/4159 3935/4160/4158
f 3920/4149/4147 3909/4148/4146 3934/4161/4159
f 3909/4148/4146 3907/4147/4145 3921/4162/4160
f 3921/4162/4160 3933/4163/4161 3909/4148/4146
f 3921/4162/4160 3907/4147/4145 3906/4146/4144
f 3921/4162/4160 3906/4146/4144 3922/4164/4162
f 3922/4164/4162 3906/4146/4144 3905/3570/3568
f 3922/4164/4162 3905/3570/3568 3923/4145/4143
f 3923/4145/4143 3931/4165/4163 3922/4164/4162
f 3924/4144/4142 3927/4166/4164 3925/4167/4165
f 3924/4144/4142 3925/4167/4165 3923/4145/4143
f 3924/4144/4142 3926/4168/4166 3927/4166/4164
f 3926/4168/4166 3924/4144/4142 3901/4143/4141
f 3927/4166/4164 3928/4113/4111 3925/4167/4165
f 3926/4168/4166 3901/4143/4141 3900/4141/4139
f 3927/4166/4164 3929/4169/4167 3928/4113/4111
f 3927/4166/4164 3926/4168/4166 3929/4169/4167
f 3929/4169/4167 3926/4168/4166 3900/4141/4139
f 3900/4141/4139 3899/4142/4140 3897/4140/4138
f 3929/4169/4167 3832/4119/4117 3831/4117/4115
f 3929/4169/4167 3900/4141/4139 3832/4119/4117
f 3929/4169/4167 3831/4117/4115 3830/4114/4112
f 3929/4169/4167 3830/4114/4112 3928/4113/4111
f 3928/4113/4111 3829/4112/4110 3931/4165/4163
f 3931/4165/4163 3829/4112/4110 3930/4110/4108
f 3931/4165/4163 3925/4167/4165 3928/4113/4111
f 3931/4165/4163 3930/4110/4108 3932/4170/4168
f 3931/4165/4163 3923/4145/4143 3925/4167/4165
f 3932/4170/4168 3933/4163/4161 3921/4162/4160
f 3932/4170/4168 3921/4162/4160 3922/4164/4162
f 3932/4170/4168 3922/4164/4162 3931/4165/4163
f 3933/4163/4161 3961/4106/4104 3934/4161/4159
f 3934/4161/4159 3909/4148/4146 3933/4163/4161
f 3935/4160/4158 3827/4104/4102 3936/4158/4156
f 3937/4159/4157 3960/4171/4169 3938/4156/4154
f 3938/4156/4154 3960/4171/4169 3959/4097/4095
f 3938/4156/4154 3959/4097/4095 3917/4154/4152
f 3938/4156/4154 3918/4157/4155 3937/4159/4157
f 3917/4154/4152 3959/4097/4095 3958/4172/4170
f 3917/4154/4152 3958/4172/4170 3939/4155/4153
f 3939/4155/4153 3958/4172/4170 3957/4173/4171
f 3939/4155/4153 3957/4173/4171 55/108/108
f 55/108/108 3957/4173/4171 3940/4174/4172
f 55/108/108 3940/4174/4172 53/103/103
f 3940/4174/4172 3941/4091/4089 3944/4175/4173
f 3940/4174/4172 3944/4175/4173 53/103/103
f 3944/4175/4173 3942/4089/4087 3943/4176/4174
f 3944/4175/4173 3943/4176/4174 3945/4177/4175
f 3944/4175/4173 3945/4177/4175 3946/104/104
f 3944/4175/4173 3946/104/104 53/103/103
f 3946/104/104 3945/4177/4175 3947/309/309
f 3946/104/104 3947/309/309 3298/3594/3592
f 3945/4177/4175 3948/310/310 3947/309/309
f 3948/310/310 3817/4085/4083 3954/311/311
f 3817/4085/4083 3951/3601/3599 3954/311/311
f 3817/4085/4083 3949/4083/4081 3951/3601/3599
f 3949/4083/4081 3950/4178/4176 3951/3601/3599
f 3949/4083/4081 3816/4082/4080 3950/4178/4176
f 3950/4178/4176 3302/3599/3597 3951/3601/3599
f 3950/4178/4176 3816/4082/4080 3302/3599/3597
f 3816/4082/4080 3952/3604/3602 3302/3599/3597
f 3816/4082/4080 3815/173/173 3952/3604/3602
f 3952/3604/3602 3953/3608/3606 3305/3605/3603
f 3952/3604/3602 3815/173/173 3953/3608/3606
f 3953/3608/3606 3815/173/173 3814/4081/4079
f 3953/3608/3606 3814/4081/4079 3308/3609/3607
f 3953/3608/3606 3308/3609/3607 3306/3606/3604
f 3954/311/311 3951/3601/3599 3388/3598/3596
f 3302/3599/3597 3952/3604/3602 3303/3602/3600
f 3817/4085/4083 3948/310/310 3955/4087/4085
f 3955/4087/4085 3948/310/310 3943/4176/4174
f 3955/4087/4085 3943/4176/4174 3942/4089/4087
f 3948/310/310 3945/4177/4175 3943/4176/4174
f 3942/4089/4087 3944/4175/4173 3941/4091/4089
f 3941/4091/4089 3940/4174/4172 3956/4093/4091
f 3956/4093/4091 3940/4174/4172 3957/4173/4171
f 3957/4173/4171 3822/4095/4093 3956/4093/4091
f 3957/4173/4171 3958/4172/4170 3822/4095/4093
f 3958/4172/4170 3823/4096/4094 3822/4095/4093
f 3958/4172/4170 3959/4097/4095 3823/4096/4094
f 3960/4171/4169 3825/4101/4099 3824/4098/4096
f 3960/4171/4169 3824/4098/4096 3959/4097/4095
f 3960/4171/4169 3937/4159/4157 3826/4102/4100
f 3960/4171/4169 3826/4102/4100 3825/4101/4099
f 3826/4102/4100 3937/4159/4157 3936/4158/4156
f 3826/4102/4100 3936/4158/4156 3827/4104/4102
f 3827/4104/4102 3935/4160/4158 3961/4106/4104
f 3961/4106/4104 3935/4160/4158 3934/4161/4159
f 3961/4106/4104 3933/4163/4161 3828/4108/4106
f 3961/4106/4104 3828/4108/4106 3839/4107/4105
f 3828/4108/4106 3933/4163/4161 3932/4170/4168
f 3828/4108/4106 3932/4170/4168 3930/4110/4108
f 3813/3615/3613 3811/3809/3807 3314/3618/3616
f 3813/3615/3613 3314/3618/3616 3313/3616/3614
f 3314/3618/3616 3312/3617/3615 3313/3616/3614
f 3806/3627/3625 3317/3622/3620 3808/3624/3622
f 3804/3628/3626 3318/3625/3623 3806/3627/3625
f 3803/3632/3630 3319/3629/3627 3804/3628/3626
f 3803/3632/3630 3802/3822/3820 3800/3633/3631
f 3800/3633/3631 3320/3631/3629 3803/3632/3630
f 3800/3633/3631 3322/3637/3635 3321/3634/3632
f 3324/3639/3637 3798/3830/3828 3326/3641/3639
f 3798/3830/3828 3327/3643/3641 3326/3641/3639
f 3798/3830/3828 3796/4080/4078 3327/3643/3641
f 3796/4080/4078 3794/3644/3642 3327/3643/3641
f 3794/3644/3642 3792/3648/3646 3330/3646/3644
f 3787/3842/3840 3333/3654/3652 3788/3651/3649
f 3787/3842/3840 3785/3656/3654 3333/3654/3652
f 3783/4079/4077 3336/3657/3655 3785/3656/3654
f 3783/4079/4077 3782/4078/4076 3336/3657/3655
f 3782/4078/4076 3780/3660/3658 3336/3657/3655
f 3467/3803/3801 3462/3800/3798 3461/3161/3159
f 3422/3125/3123 3423/3126/3124 2586/2904/2902
f 3420/3124/3122 3422/3125/3123 2807/3123/3121
f 3419/3757/3755 3420/3124/3122 2583/2902/2900
f 3419/3757/3755 2583/2902/2900 3418/3122/3120
f 3415/3754/3752 3418/3122/3120 3962/3121/3119
f 3962/3121/3119 3963/3120/3118 3964/4179/4177
f 3962/3121/3119 3964/4179/4177 3415/3754/3752
f 3964/4179/4177 3965/4180/4178 3413/3750/3748
f 3964/4179/4177 3413/3750/3748 3415/3754/3752
f 3965/4180/4178 3964/4179/4177 3979/4181/4179
f 3965/4180/4178 3966/4182/4180 3967/3746/3744
f 3965/4180/4178 3967/3746/3744 3411/3749/3747
f 3965/4180/4178 3411/3749/3747 3413/3750/3748
f 3967/3746/3744 3410/3745/3743 3411/3749/3747
f 3967/3746/3744 3968/4183/4181 3969/4184/4182
f 3967/3746/3744 3969/4184/4182 3409/3743/3741
f 3969/4184/4182 3407/3740/3738 3409/3743/3741
f 3969/4184/4182 3970/3738/3736 3407/3740/3738
f 3970/3738/3736 3969/4184/4182 3972/4185/4183
f 3970/3738/3736 3972/4185/4183 3406/3736/3734
f 3972/4185/4183 27/59/59 3406/3736/3734
f 27/59/59 3971/58/58 3404/3733/3731
f 27/59/59 3404/3733/3731 3406/3736/3734
f 3971/58/58 3286/3587/3585 3404/3733/3731
f 27/59/59 3972/4185/4183 28/60/60
f 3972/4185/4183 3988/4186/4184 28/60/60
f 3988/4186/4184 3972/4185/4183 3973/4187/4185
f 3973/4187/4185 3972/4185/4183 3975/4188/4186
f 3975/4188/4186 3974/4189/4187 3973/4187/4185
f 3975/4188/4186 3976/4190/4188 3974/4189/4187
f 3976/4190/4188 3975/4188/4186 3968/4183/4181
f 3976/4190/4188 3968/4183/4181 3977/4191/4189
f 3977/4191/4189 3983/4192/4190 3976/4190/4188
f 3977/4191/4189 3978/4193/4191 3982/4194/4192
f 3977/4191/4189 3966/4182/4180 3978/4193/4191
f 3978/4193/4191 2804/3118/3116 3980/4195/4193
f 3978/4193/4191 3966/4182/4180 3979/4181/4179
f 3978/4193/4191 3979/4181/4179 2804/3118/3116
f 3979/4181/4179 3964/4179/4177 3963/3120/3118
f 3979/4181/4179 3963/3120/3118 2804/3118/3116
f 3979/4181/4179 3966/4182/4180 3965/4180/4178
f 3980/4195/4193 2802/3117/3115 3996/4196/4194
f 3980/4195/4193 3982/4194/4192 3978/4193/4191
f 3980/4195/4193 2804/3118/3116 2802/3117/3115
f 3980/4195/4193 3996/4196/4194 3981/4197/4195
f 3980/4195/4193 3981/4197/4195 3982/4194/4192
f 3982/4194/4192 3981/4197/4195 3984/4198/4196
f 3982/4194/4192 3984/4198/4196 3983/4192/4190
f 3982/4194/4192 3983/4192/4190 3977/4191/4189
f 3983/4192/4190 3984/4198/4196 3974/4189/4187
f 3983/4192/4190 3974/4189/4187 3976/4190/4188
f 3974/4189/4187 3984/4198/4196 3985/4199/4197
f 3974/4189/4187 3985/4199/4197 3986/4200/4198
f 3986/4200/4198 3973/4187/4185 3974/4189/4187
f 3986/4200/4198 3985/4199/4197 3987/4201/4199
f 3986/4200/4198 3987/4201/4199 3988/4186/4184
f 3986/4200/4198 3988/4186/4184 3973/4187/4185
f 3988/4186/4184 3987/4201/4199 3990/195/195
f 3988/4186/4184 3990/195/195 98/194/194
f 3988/4186/4184 98/194/194 25/55/55
f 3988/4186/4184 25/55/55 28/60/60
f 3987/4201/4199 3989/98/98 3990/195/195
f 3987/4201/4199 3985/4199/4197 3989/98/98
f 3990/195/195 3989/98/98 3156/196/196
f 3989/98/98 3991/4202/4200 51/99/99
f 3991/4202/4200 3989/98/98 3985/4199/4197
f 3991/4202/4200 3985/4199/4197 3992/4203/4201
f 3994/4204/4202 3993/3112/3110 3992/4203/4201
f 3994/4204/4202 3992/4203/4201 3984/4198/4196
f 3994/4204/4202 3995/3113/3111 3993/3112/3110
f 3994/4204/4202 3984/4198/4196 3981/4197/4195
f 3994/4204/4202 3981/4197/4195 3995/3113/3111
f 3995/3113/3111 3981/4197/4195 3996/4196/4194
f 3995/3113/3111 3996/4196/4194 3997/3116/3114
f 3996/4196/4194 2801/2898/2896 3997/3116/3114
f 3996/4196/4194 2802/3117/3115 2801/2898/2896
f 3998/3115/3113 2799/3114/3112 3995/3113/3111
f 3998/3115/3113 3995/3113/3111 3997/3116/3114
f 3997/3116/3114 2578/2897/2895 3998/3115/3113
f 3993/3112/3110 3995/3113/3111 2795/12/12
f 3993/3112/3110 2794/197/197 3992/4203/4201
f 2794/197/197 50/96/96 3992/4203/4201
f 3992/4203/4201 3985/4199/4197 3984/4198/4196
f 3992/4203/4201 50/96/96 51/99/99
f 3992/4203/4201 51/99/99 3991/4202/4200
f 3977/4191/4189 3968/4183/4181 3967/3746/3744
f 3977/4191/4189 3967/3746/3744 3966/4182/4180
f 3975/4188/4186 3969/4184/4182 3968/4183/4181
f 3975/4188/4186 3972/4185/4183 3969/4184/4182
f 3404/3733/3731 3286/3587/3585 3402/3732/3730
f 3402/3732/3730 3286/3587/3585 3288/3588/3586
f 3402/3732/3730 3288/3588/3586 3401/3590/3588
f 3402/3732/3730 3401/3590/3588 3400/3729/3727
f 3401/3590/3588 3399/307/307 3398/3727/3725
f 3399/307/307 3401/3590/3588 3290/3589/3587
f 3396/314/314 3394/51/51 23/50/50
f 3954/311/311 3300/3597/3595 155/308/308
f 3299/3596/3594 3947/309/309 155/308/308
f 3295/3592/3590 104/106/106 54/105/105
f 3290/3589/3587 3289/3583/3581 3280/3582/3580
f 3287/3585/3583 3282/3584/3582 3289/3583/3581
f 3277/3580/3578 3916/210/210 106/209/209
f 3238/255/255 4061/164/164 4060/4205/4203
f 3238/255/255 4060/4205/4203 3999/4206/4204
f 3999/4206/4204 4060/4205/4203 4037/4207/4205
f 3999/4206/4204 4037/4207/4205 4000/4208/4206
f 3999/4206/4204 4000/4208/4206 4033/4209/4207
f 3999/4206/4204 4001/4210/4208 3238/255/255
f 4001/4210/4208 3102/256/256 3238/255/255
f 4001/4210/4208 3999/4206/4204 4002/4211/4209
f 4001/4210/4208 4002/4211/4209 3103/3427/3425
f 4001/4210/4208 3103/3427/3425 3102/256/256
f 4002/4211/4209 3999/4206/4204 4033/4209/4207
f 4002/4211/4209 4033/4209/4207 4034/4212/4210
f 4002/4211/4209 4034/4212/4210 4003/3428/3426
f 4002/4211/4209 4003/3428/3426 3103/3427/3425
f 4003/3428/3426 4034/4212/4210 4004/4213/4211
f 4003/3428/3426 4004/4213/4211 3105/203/203
f 4004/4213/4211 4005/4214/4212 18/39/39
f 4004/4213/4211 18/39/39 3105/203/203
f 4005/4214/4212 4004/4213/4211 4006/4215/4213
f 4005/4214/4212 4007/40/40 18/39/39
f 4005/4214/4212 4006/4215/4213 4013/4216/4214
f 4005/4214/4212 4013/4216/4214 4009/4217/4215
f 4005/4214/4212 4009/4217/4215 4007/40/40
f 4007/40/40 4008/20/20 17/141/141
f 4007/40/40 4684/21/21 4008/20/20
f 4684/21/21 4007/40/40 4009/4217/4215
f 4684/21/21 4009/4217/4215 77/151/151
f 4009/4217/4215 4011/4218/4216 4010/154/154
f 4009/4217/4215 4010/154/154 77/151/151
f 4010/154/154 78/152/152 77/151/151
f 4011/4218/4216 11/19/19 44/153/153
f 4011/4218/4216 44/153/153 4010/154/154
f 4011/4218/4216 4013/4216/4214 4012/82/82
f 4011/4218/4216 4012/82/82 11/19/19
f 4012/82/82 4013/4216/4214 4006/4215/4213
f 4012/82/82 4006/4215/4213 43/83/83
f 43/83/83 4035/4219/4217 4014/4220/4218
f 4014/4220/4218 4015/80/80 43/83/83
f 4014/4220/4218 4016/4221/4219 4015/80/80
f 4015/80/80 4016/4221/4219 4030/4222/4220
f 4015/80/80 4030/4222/4220 4063/4223/4221
f 4015/80/80 4063/4223/4221 4017/81/81
f 4063/4223/4221 4065/4224/4222 4017/81/81
f 4017/81/81 4065/4224/4222 4066/4225/4223
f 10/24/24 4017/81/81 4066/4225/4223
f 10/24/24 4066/4225/4223 4018/23/23
f 4019/36/36 16/138/138 4018/23/23
f 16/138/138 17/141/141 4008/20/20
f 16/138/138 4008/20/20 4018/23/23
f 4019/36/36 4020/4226/4224 4021/139/139
f 4021/139/139 4020/4226/4224 4022/4227/4225
f 4022/4227/4225 4023/3520/3518 4024/4228/4226
f 4022/4227/4225 4024/4228/4226 3207/140/140
f 4022/4227/4225 3207/140/140 4021/139/139
f 4024/4228/4226 4023/3520/3518 3210/3519/3517
f 4024/4228/4226 3210/3519/3517 3207/140/140
f 4023/3520/3518 4022/4227/4225 4025/4229/4227
f 4023/3520/3518 4025/4229/4227 3211/157/157
f 4025/4229/4227 4064/158/158 3211/157/157
f 4030/4222/4220 4027/4230/4228 4029/4231/4229
f 4027/4230/4228 4028/4232/4230 4029/4231/4229
f 4028/4232/4230 4016/4221/4219 4036/260/260
f 4028/4232/4230 4036/260/260 4039/4233/4231
f 4039/4233/4231 4036/260/260 4032/259/259
f 4039/4233/4231 4032/259/259 4031/258/258
f 4000/4208/4206 4031/258/258 4033/4209/4207
f 4033/4209/4207 4031/258/258 131/257/257
f 4033/4209/4207 131/257/257 4034/4212/4210
f 4034/4212/4210 131/257/257 4035/4219/4217
f 4034/4212/4210 4035/4219/4217 4004/4213/4211
f 4035/4219/4217 43/83/83 4006/4215/4213
f 4035/4219/4217 4006/4215/4213 4004/4213/4211
f 4036/260/260 4014/4220/4218 4035/4219/4217
f 4036/260/260 4016/4221/4219 4014/4220/4218
f 4000/4208/4206 4037/4207/4205 4038/4234/4232
f 4000/4208/4206 4038/4234/4232 4031/258/258
f 4038/4234/4232 4039/4233/4231 4031/258/258
f 4039/4233/4231 4038/4234/4232 4062/4235/4233
f 4039/4233/4231 4062/4235/4233 4040/219/219
f 4039/4233/4231 4040/219/219 4028/4232/4230
f 4040/219/219 4029/4231/4229 4028/4232/4230
f 4029/4231/4229 4042/216/216 4041/160/160
f 4029/4231/4229 4041/160/160 4030/4222/4220
f 4041/160/160 4026/159/159 4030/4222/4220
f 4041/160/160 4042/216/216 4043/4236/4234
f 4041/160/160 4043/4236/4234 4044/3521/3519
f 4041/160/160 4044/3521/3519 110/220/220
f 4041/160/160 110/220/220 80/155/155
f 4044/3521/3519 4043/4236/4234 3216/3523/3521
f 3216/3523/3521 4043/4236/4234 4045/4237/4235
f 3216/3523/3521 4045/4237/4235 3217/3524/3522
f 3216/3523/3521 3215/3522/3520 4044/3521/3519
f 3217/3524/3522 4045/4237/4235 21/45/45
f 3217/3524/3522 21/45/45 4046/44/44
f 4046/44/44 19/41/41 4047/3526/3524
f 4046/44/44 4047/3526/3524 3218/3525/3523
f 4046/44/44 3218/3525/3523 3217/3524/3522
f 4047/3526/3524 19/41/41 4048/4238/4236
f 4047/3526/3524 4048/4238/4236 3220/3528/3526
f 4048/4238/4236 4049/4239/4237 3222/3529/3527
f 4048/4238/4236 3222/3529/3527 3220/3528/3526
f 3222/3529/3527 4049/4239/4237 4051/4240/4238
f 3222/3529/3527 4051/4240/4238 4050/3532/3530
f 4050/3532/3530 4051/4240/4238 178/352/352
f 178/352/352 4051/4240/4238 177/353/353
f 178/352/352 3227/3535/3533 4050/3532/3530
f 4051/4240/4238 4052/4241/4239 177/353/353
f 4051/4240/4238 4049/4239/4237 4052/4241/4239
f 4049/4239/4237 82/162/162 4052/4241/4239
f 4049/4239/4237 4053/4242/4240 82/162/162
f 4053/4242/4240 4049/4239/4237 4048/4238/4236
f 4053/4242/4240 4059/163/163 82/162/162
f 4053/4242/4240 4048/4238/4236 20/46/46
f 4053/4242/4240 20/46/46 4059/163/163
f 4052/4241/4239 84/167/167 4054/3540/3538
f 4052/4241/4239 4054/3540/3538 177/353/353
f 4052/4241/4239 82/162/162 84/167/167
f 4048/4238/4236 19/41/41 20/46/46
f 4045/4237/4235 4057/218/218 21/45/45
f 4045/4237/4235 4043/4236/4234 4057/218/218
f 21/45/45 4057/218/218 4055/217/217
f 21/45/45 4055/217/217 4056/42/42
f 4057/218/218 4043/4236/4234 4042/216/216
f 4056/42/42 4055/217/217 4062/4235/4233
f 4056/42/42 4062/4235/4233 4058/43/43
f 4058/43/43 4062/4235/4233 4037/4207/4205
f 4058/43/43 4037/4207/4205 4060/4205/4203
f 4060/4205/4203 4059/163/163 4058/43/43
f 4060/4205/4203 4061/164/164 4059/163/163
f 4037/4207/4205 4062/4235/4233 4038/4234/4232
f 4059/163/163 20/46/46 4058/43/43
f 4062/4235/4233 4055/217/217 4040/219/219
f 4029/4231/4229 4040/219/219 4042/216/216
f 4016/4221/4219 4028/4232/4230 4027/4230/4228
f 4027/4230/4228 4030/4222/4220 4016/4221/4219
f 4030/4222/4220 4026/159/159 4063/4223/4221
f 4063/4223/4221 4026/159/159 4064/158/158
f 4064/158/158 4065/4224/4222 4063/4223/4221
f 4066/4225/4223 4025/4229/4227 4022/4227/4225
f 4066/4225/4223 4022/4227/4225 4020/4226/4224
f 4025/4229/4227 4066/4225/4223 4065/4224/4222
f 4025/4229/4227 4065/4224/4222 4064/158/158
f 4019/36/36 4018/23/23 4020/4226/4224
f 4018/23/23 4066/4225/4223 4020/4226/4224
f 4035/4219/4217 131/257/257 4036/260/260
f 4013/4216/4214 4011/4218/4216 4009/4217/4215
f 17/141/141 3107/38/38 4007/40/40
f 3231/3539/3537 3244/267/267 134/266/266
f 4054/3540/3538 3230/354/354 177/353/353
f 3231/3539/3537 134/266/266 3229/3537/3535
f 3206/3430/3428 3109/3373/3371 3208/37/37
f 3204/3431/3429 3110/3368/3366 3206/3430/3428
f 3205/3517/3515 3112/3433/3431 3111/3432/3430
f 3205/3517/3515 3111/3432/3430 3204/3431/3429
f 3201/3514/3512 3117/3436/3434 3115/3435/3433
f 3199/3511/3509 3118/3356/3354 3117/3436/3434
f 3196/3510/3508 3121/3439/3437 3120/3351/3349
f 3196/3510/3508 3120/3351/3349 3198/3438/3436
f 3193/3441/3439 3022/3348/3346 3195/3440/3438
f 3191/3442/3440 3021/3347/3345 3193/3441/3439
f 3264/133/133 3190/3506/3504 69/134/134
f 3189/3444/3442 3122/3443/3441 3191/3442/3440
f 3188/3505/3503 3124/3445/3443 3189/3444/3442
f 3187/3502/3500 3126/3446/3444 3124/3445/3443
f 3186/3501/3499 3128/3447/3445 3126/3446/3444
f 3185/3500/3498 3129/3448/3446 3128/3447/3445
f 3183/3499/3497 3131/3449/3447 3129/3448/3446
f 3177/3493/3491 3136/3454/3452 3178/3453/3451
f 3174/3456/3454 3137/3321/3319 3176/3455/3453
f 3172/3457/3455 3004/3319/3317 3174/3456/3454
f 3170/3459/3457 3138/3458/3456 3172/3457/3455
f 3168/3461/3459 3139/3460/3458 3170/3459/3457
f 3166/3484/3482 3142/3463/3461 3141/3462/3460
f 3165/3481/3479 3143/3464/3462 3142/3463/3461
f 3162/3479/3477 3144/3465/3463 3143/3464/3462
f 3162/3479/3477 3145/3466/3464 3144/3465/3463
f 3160/3477/3475 3148/3468/3466 3145/3466/3464
f 3285/3474/3472 3156/196/196 3155/3472/3470
f 3053/3232/3230 2910/3234/3232 2907/3233/3231
f 3052/3382/3380 3049/3380/3378 2911/3235/3233
f 3052/3382/3380 2911/3235/3233 2910/3234/3232
f 3049/3380/3378 3048/3379/3377 2913/3236/3234
f 3049/3380/3378 2913/3236/3234 2911/3235/3233
f 3048/3379/3377 3046/3377/3375 2912/3237/3235
f 3048/3379/3377 2912/3237/3235 2913/3236/3234
f 3046/3377/3375 3045/3375/3373 2915/3238/3236
f 3046/3377/3375 2915/3238/3236 2912/3237/3235
f 3045/3375/3373 3043/3240/3238 2915/3238/3236
f 3043/3240/3238 3041/3374/3372 2916/3239/3237
f 3041/3374/3372 4067/4243/4241 2917/3241/3239
f 3041/3374/3372 2917/3241/3239 2916/3239/3237
f 4067/4243/4241 3041/3374/3372 4068/3369/3367
f 4067/4243/4241 4069/3242/3240 2917/3241/3239
f 4070/3243/3241 4069/3242/3240 4071/4244/4242
f 4070/3243/3241 4071/4244/4242 2921/3244/3242
f 4071/4244/4242 3034/245/245 123/248/248
f 4071/4244/4242 123/248/248 2921/3244/3242
f 4071/4244/4242 3037/3367/3365 3035/3365/3363
f 4071/4244/4242 3035/3365/3363 3034/245/245
f 4071/4244/4242 4069/3242/3240 4067/4243/4241
f 4071/4244/4242 4067/4243/4241 3037/3367/3365
f 4067/4243/4241 4068/3369/3367 3037/3367/3365
f 3032/246/246 3030/3361/3359 4072/247/247
f 4072/247/247 4188/4245/4243 4189/4246/4244
f 4072/247/247 4189/4246/4244 4073/3248/3246
f 4072/247/247 4073/3248/3246 123/248/248
f 4073/3248/3246 4075/3249/3247 2923/3247/3245
f 4074/3250/3248 4075/3249/3247 4078/4247/4245
f 4074/3250/3248 4078/4247/4245 4076/4248/4246
f 4074/3250/3248 4076/4248/4246 2925/3251/3249
f 4076/4248/4246 4077/226/226 2926/3252/3250
f 4076/4248/4246 2926/3252/3250 2925/3251/3249
f 4077/226/226 4076/4248/4246 4081/227/227
f 4077/226/226 2928/225/225 2927/3066/3064
f 4077/226/226 2927/3066/3064 2926/3252/3250
f 4076/4248/4246 4078/4247/4245 4081/227/227
f 4078/4247/4245 4080/4249/4247 4079/4250/4248
f 4078/4247/4245 4079/4250/4248 4081/227/227
f 4081/227/227 4079/4250/4248 4196/4251/4249
f 4081/227/227 4196/4251/4249 4082/4252/4250
f 4081/227/227 4082/4252/4250 113/223/223
f 4082/4252/4250 4083/228/228 113/223/223
f 4082/4252/4250 4198/4253/4251 4083/228/228
f 4083/228/228 4198/4253/4251 4199/4254/4252
f 4083/228/228 4199/4254/4252 4200/4255/4253
f 4083/228/228 4200/4255/4253 4084/4256/4254
f 4200/4255/4253 4085/212/212 4084/4256/4254
f 4085/212/212 4200/4255/4253 4087/4257/4255
f 4085/212/212 4087/4257/4255 4086/4258/4256
f 4086/4258/4256 108/213/213 4085/212/212
f 4086/4258/4256 4202/4259/4257 4088/4260/4258
f 4088/4260/4258 4202/4259/4257 4089/4261/4259
f 4089/4261/4259 4116/4262/4260 4090/4263/4261
f 4090/4263/4261 2950/3264/3262 4094/4264/4262
f 2950/3264/3262 4091/4265/4263 4094/4264/4262
f 4091/4265/4263 2950/3264/3262 2949/3263/3261
f 4091/4265/4263 2949/3263/3261 4092/4266/4264
f 4092/4266/4264 132/4267/4265 4091/4265/4263
f 4092/4266/4264 2947/3262/3260 4093/145/145
f 4093/145/145 132/4267/4265 4092/4266/4264
f 4093/145/145 2947/3262/3260 65/128/128
f 4093/145/145 4110/144/144 132/4267/4265
f 4110/144/144 4108/4268/4266 132/4267/4265
f 4108/4268/4266 4107/4269/4267 132/4267/4265
f 4091/4265/4263 132/4267/4265 4105/4270/4268
f 4091/4265/4263 4105/4270/4268 4094/4264/4262
f 4094/4264/4262 4105/4270/4268 4104/4271/4269
f 4094/4264/4262 4104/4271/4269 4101/4272/4270
f 4101/4272/4270 4095/4273/4271 4090/4263/4261
f 4101/4272/4270 4090/4263/4261 4094/4264/4262
f 4095/4273/4271 4096/4274/4272 4089/4261/4259
f 4095/4273/4271 4089/4261/4259 4090/4263/4261
f 4096/4274/4272 108/213/213 4088/4260/4258
f 4096/4274/4272 4088/4260/4258 4089/4261/4259
f 4096/4274/4272 4095/4273/4271 4098/4275/4273
f 4096/4274/4272 4098/4275/4273 108/213/213
f 4098/4275/4273 4095/4273/4271 4097/112/112
f 4098/4275/4273 107/211/211 108/213/213
f 4098/4275/4273 4099/111/111 2934/3070/3068
f 4098/4275/4273 2934/3070/3068 2933/3069/3067
f 4098/4275/4273 2933/3069/3067 107/211/211
f 4099/111/111 2936/110/110 2935/2404/2402
f 4099/111/111 2935/2404/2402 2934/3070/3068
f 4098/4275/4273 4097/112/112 4099/111/111
f 4100/113/113 4097/112/112 4095/4273/4271
f 4100/113/113 4095/4273/4271 4101/4272/4270
f 4100/113/113 4101/4272/4270 4102/4276/4274
f 4100/113/113 4102/4276/4274 4115/4277/4275
f 4102/4276/4274 4105/4270/4268 4115/4277/4275
f 4105/4270/4268 4103/4278/4276 4115/4277/4275
f 4105/4270/4268 4102/4276/4274 4104/4271/4269
f 4105/4270/4268 4106/4279/4277 4103/4278/4276
f 4106/4279/4277 4107/4269/4267 4103/4278/4276
f 4107/4269/4267 4113/3257/3255 2942/3256/3254
f 4107/4269/4267 2942/3256/3254 4103/4278/4276
f 4107/4269/4267 4108/4268/4266 4113/3257/3255
f 4108/4268/4266 4110/144/144 4109/4280/4278
f 4110/144/144 4111/143/143 4109/4280/4278
f 4111/143/143 2946/3261/3259 2944/3259/3257
f 4111/143/143 2944/3259/3257 4109/4280/4278
f 4109/4280/4278 2944/3259/3257 2943/3076/3074
f 4109/4280/4278 2943/3076/3074 4112/3258/3256
f 4112/3258/3256 4113/3257/3255 4108/4268/4266
f 4112/3258/3256 4108/4268/4266 4109/4280/4278
f 4103/4278/4276 2942/3256/3254 2941/3074/3072
f 4103/4278/4276 2941/3074/3072 4114/3255/3253
f 4114/3255/3253 4115/4277/4275 4103/4278/4276
f 4115/4277/4275 4114/3255/3253 2939/3072/3070
f 4115/4277/4275 2939/3072/3070 2937/3254/3252
f 4115/4277/4275 2937/3254/3252 56/109/109
f 4115/4277/4275 56/109/109 4100/113/113
f 4107/4269/4267 4106/4279/4277 132/4267/4265
f 4106/4279/4277 4105/4270/4268 132/4267/4265
f 4104/4271/4269 4102/4276/4274 4101/4272/4270
f 4092/4266/4264 2949/3263/3261 115/229/229
f 4092/4266/4264 115/229/229 2947/3262/3260
f 4090/4263/4261 4116/4262/4260 2952/3266/3264
f 4090/4263/4261 2952/3266/3264 2951/3265/3263
f 4090/4263/4261 2951/3265/3263 2950/3264/3262
f 2952/3266/3264 4116/4262/4260 4117/4281/4279
f 2952/3266/3264 4117/4281/4279 4118/4282/4280
f 4118/4282/4280 4120/4283/4281 4119/3268/3266
f 4118/4282/4280 4119/3268/3266 2953/3267/3265
f 4118/4282/4280 2953/3267/3265 2952/3266/3264
f 4119/3268/3266 4120/4283/4281 4121/3270/3268
f 4121/3270/3268 4120/4283/4281 4122/4284/4282
f 4121/3270/3268 4122/4284/4282 2957/3272/3270
f 4122/4284/4282 4123/4285/4283 2959/3273/3271
f 4122/4284/4282 2959/3273/3271 2957/3272/3270
f 4123/4285/4283 2961/3274/3272 2959/3273/3271
f 4123/4285/4283 4124/4286/4284 4125/3275/3273
f 4123/4285/4283 4125/3275/3273 2961/3274/3272
f 4125/3275/3273 4124/4286/4284 4126/4287/4285
f 4125/3275/3273 4126/4287/4285 2963/3276/3274
f 4126/4287/4285 4127/4288/4286 2963/3276/3274
f 4127/4288/4286 4128/3277/3275 2963/3276/3274
f 4128/3277/3275 4127/4288/4286 4208/4289/4287
f 4128/3277/3275 4208/4289/4287 4209/4290/4288
f 4128/3277/3275 4209/4290/4288 4129/3278/3276
f 4129/3278/3276 4209/4290/4288 4210/4291/4289
f 4129/3278/3276 4210/4291/4289 4130/3280/3278
f 4130/3280/3278 4210/4291/4289 4132/4292/4290
f 4130/3280/3278 4132/4292/4290 2967/3282/3280
f 2967/3282/3280 4132/4292/4290 4131/3284/3282
f 2967/3282/3280 4131/3284/3282 2968/3093/3091
f 4131/3284/3282 4132/4292/4290 4133/4293/4291
f 4133/4293/4291 2971/3285/3283 4131/3284/3282
f 2971/3285/3283 4133/4293/4291 4211/4294/4292
f 4134/3286/3284 2971/3285/3283 4212/4295/4293
f 4134/3286/3284 4135/4296/4294 2972/280/280
f 2972/280/280 4135/4296/4294 4214/4297/4295
f 2972/280/280 4214/4297/4295 4136/3287/3285
f 4136/3287/3285 4214/4297/4295 4265/4298/4296
f 4136/3287/3285 4265/4298/4296 4137/3288/3286
f 4137/3288/3286 4265/4298/4296 4215/4299/4297
f 4137/3288/3286 4268/4300/4298 4138/4301/4299
f 4137/3288/3286 4138/4301/4299 2974/3289/3287
f 4138/4301/4299 4216/4302/4300 4139/4303/4301
f 4138/4301/4299 4139/4303/4301 4140/292/292
f 4138/4301/4299 4140/292/292 4141/3291/3289
f 4138/4301/4299 4141/3291/3289 2974/3289/3287
f 4141/3291/3289 4142/4304/4302 2975/3290/3288
f 4142/4304/4302 2976/3292/3290 2975/3290/3288
f 4142/4304/4302 4141/3291/3289 4143/300/300
f 4142/4304/4302 4143/300/300 4144/4305/4303
f 4144/4305/4303 2978/3098/3096 4142/4304/4302
f 4144/4305/4303 2979/3293/3291 2978/3098/3096
f 2979/3293/3291 4144/4305/4303 4223/4306/4304
f 2979/3293/3291 4223/4306/4304 4145/3294/3292
f 4145/3294/3292 4223/4306/4304 4146/4307/4305
f 4145/3294/3292 4146/4307/4305 4147/4308/4306
f 4145/3294/3292 2980/3101/3099 2979/3293/3291
f 4147/4308/4306 4146/4307/4305 4148/4309/4307
f 4147/4308/4306 4148/4309/4307 4149/3296/3294
f 4147/4308/4306 2982/3295/3293 4145/3294/3292
f 4147/4308/4306 4149/3296/3294 2982/3295/3293
f 4149/3296/3294 4148/4309/4307 2985/3297/3295
f 2985/3297/3295 4150/4310/4308 2988/3298/3296
f 2988/3298/3296 4150/4310/4308 4151/3301/3299
f 4151/3301/3299 4150/4310/4308 4152/4311/4309
f 4151/3301/3299 4152/4311/4309 4226/4312/4310
f 4151/3301/3299 4226/4312/4310 4153/3302/3300
f 4153/3302/3300 4226/4312/4310 146/286/286
f 4153/3302/3300 146/286/286 4154/285/285
f 4153/3302/3300 4154/285/285 2993/3303/3301
f 4154/285/285 2996/3306/3304 2993/3303/3301
f 146/286/286 4226/4312/4310 4155/4313/4311
f 4155/4313/4311 144/287/287 146/286/286
f 4156/4314/4312 4217/4315/4313 4227/4316/4314
f 4156/4314/4312 4227/4316/4314 4157/4317/4315
f 4156/4314/4312 4157/4317/4315 144/287/287
f 4157/4317/4315 143/284/284 144/287/287
f 4157/4317/4315 4158/4318/4316 143/284/284
f 4158/4318/4316 4157/4317/4315 4159/4319/4317
f 4158/4318/4316 4159/4319/4317 4161/4320/4318
f 4161/4320/4318 4160/4321/4319 4158/4318/4316
f 4160/4321/4319 4161/4320/4318 4229/4322/4320
f 4160/4321/4319 4229/4322/4320 4163/4323/4321
f 4163/4323/4321 4162/4324/4322 4160/4321/4319
f 4163/4323/4321 4166/4325/4323 4162/4324/4322
f 4163/4323/4321 4164/4326/4324 4165/4327/4325
f 4163/4323/4321 4165/4327/4325 4166/4325/4323
f 4165/4327/4325 4167/4328/4326 4166/4325/4323
f 4167/4328/4326 4165/4327/4325 4233/4329/4327
f 4167/4328/4326 4233/4329/4327 4168/4330/4328
f 4167/4328/4326 4168/4330/4328 4169/4331/4329
f 4168/4330/4328 4171/4332/4330 4169/4331/4329
f 4168/4330/4328 4170/4333/4331 4171/4332/4330
f 4170/4333/4331 4351/4334/4332 4171/4332/4330
f 4170/4333/4331 4235/4335/4333 4172/4336/4334
f 4170/4333/4331 4172/4336/4334 4351/4334/4332
f 4172/4336/4334 4235/4335/4333 4237/4337/4335
f 4237/4337/4335 4349/4338/4336 4172/4336/4334
f 4237/4337/4335 4238/4339/4337 4173/4340/4338
f 4237/4337/4335 4173/4340/4338 4349/4338/4336
f 4173/4340/4338 4174/4341/4339 4349/4338/4336
f 4173/4340/4338 4238/4339/4337 4239/4342/4340
f 4174/4341/4339 4173/4340/4338 4175/4343/4341
f 4174/4341/4339 4175/4343/4341 4176/4344/4342
f 4176/4344/4342 4348/4345/4343 4174/4341/4339
f 4176/4344/4342 4240/4346/4344 4178/4347/4345
f 4176/4344/4342 4178/4347/4345 4177/4348/4346
f 4178/4347/4345 4179/4349/4347 4177/4348/4346
f 4178/4347/4345 4240/4346/4344 4241/4350/4348
f 4179/4349/4347 4178/4347/4345 4180/4351/4349
f 4179/4349/4347 4180/4351/4349 4181/4352/4350
f 4181/4352/4350 4345/4353/4351 4179/4349/4347
f 4181/4352/4350 4180/4351/4349 4182/4354/4352
f 4182/4354/4352 4343/4355/4353 4181/4352/4350
f 4182/4354/4352 4180/4351/4349 4244/4356/4354
f 4182/4354/4352 4244/4356/4354 4183/4357/4355
f 4183/4357/4355 4184/4358/4356 4182/4354/4352
f 4184/4358/4356 4183/4357/4355 4185/4359/4357
f 4185/4359/4357 4340/4360/4358 4184/4358/4356
f 4185/4359/4357 4186/4361/4359 4340/4360/4358
f 4186/4361/4359 4339/4362/4360 4340/4360/4358
f 4186/4361/4359 4187/4363/4361 4339/4362/4360
f 4187/4363/4361 4246/4364/4362 4188/4245/4243
f 4188/4245/4243 4338/4365/4363 4187/4363/4361
f 4189/4246/4244 4190/4366/4364 4073/3248/3246
f 4190/4366/4364 4189/4246/4244 4191/4367/4365
f 4190/4366/4364 4080/4249/4247 4075/3249/3247
f 4190/4366/4364 4075/3249/3247 4073/3248/3246
f 4190/4366/4364 4191/4367/4365 4193/4368/4366
f 4190/4366/4364 4193/4368/4366 4192/4369/4367
f 4190/4366/4364 4192/4369/4367 4080/4249/4247
f 4192/4369/4367 4194/4370/4368 4080/4249/4247
f 4194/4370/4368 4192/4369/4367 4251/4371/4369
f 4194/4370/4368 4195/4372/4370 4079/4250/4248
f 4194/4370/4368 4079/4250/4248 4080/4249/4247
f 4195/4372/4370 4196/4251/4249 4079/4250/4248
f 4196/4251/4249 4197/4373/4371 4082/4252/4250
f 4197/4373/4371 4198/4253/4251 4082/4252/4250
f 4197/4373/4371 4206/4374/4372 4198/4253/4251
f 4198/4253/4251 4206/4374/4372 4205/4375/4373
f 4198/4253/4251 4205/4375/4373 4199/4254/4252
f 4199/4254/4252 4205/4375/4373 4204/4376/4374
f 4199/4254/4252 4204/4376/4374 4200/4255/4253
f 4200/4255/4253 4204/4376/4374 4201/4377/4375
f 4201/4377/4375 4087/4257/4255 4200/4255/4253
f 4201/4377/4375 4117/4281/4279 4087/4257/4255
f 4117/4281/4279 4086/4258/4256 4087/4257/4255
f 4117/4281/4279 4202/4259/4257 4086/4258/4256
f 4202/4259/4257 4117/4281/4279 4116/4262/4260
f 4203/4378/4376 4120/4283/4281 4118/4282/4280
f 4203/4378/4376 4118/4282/4280 4117/4281/4279
f 4120/4283/4281 4203/4378/4376 4122/4284/4282
f 4203/4378/4376 4124/4286/4284 4123/4285/4283
f 4203/4378/4376 4123/4285/4283 4122/4284/4282
f 4203/4378/4376 4201/4377/4375 4124/4286/4284
f 4201/4377/4375 4204/4376/4374 4124/4286/4284
f 4204/4376/4374 4205/4375/4373 4126/4287/4285
f 4204/4376/4374 4126/4287/4285 4124/4286/4284
f 4205/4375/4373 4127/4288/4286 4126/4287/4285
f 4127/4288/4286 4205/4375/4373 4206/4374/4372
f 4206/4374/4372 4197/4373/4371 4207/4379/4377
f 4206/4374/4372 4207/4379/4377 4208/4289/4287
f 4206/4374/4372 4208/4289/4287 4127/4288/4286
f 4207/4379/4377 4254/4380/4378 4208/4289/4287
f 4208/4289/4287 4254/4380/4378 4256/4381/4379
f 4208/4289/4287 4256/4381/4379 4209/4290/4288
f 4209/4290/4288 4256/4381/4379 4257/4382/4380
f 4209/4290/4288 4257/4382/4380 4210/4291/4289
f 4210/4291/4289 4257/4382/4380 4133/4293/4291
f 4210/4291/4289 4133/4293/4291 4132/4292/4290
f 4133/4293/4291 4257/4382/4380 4258/4383/4381
f 4133/4293/4291 4258/4383/4381 4211/4294/4292
f 4211/4294/4292 4212/4295/4293 2971/3285/3283
f 4212/4295/4293 4261/4384/4382 4213/4385/4383
f 4212/4295/4293 4213/4385/4383 4134/3286/3284
f 4213/4385/4383 4135/4296/4294 4134/3286/3284
f 4213/4385/4383 4214/4297/4295 4135/4296/4294
f 4214/4297/4295 4264/4386/4384 4265/4298/4296
f 4268/4300/4298 4269/4387/4385 4216/4302/4300
f 4268/4300/4298 4137/3288/3286 4215/4299/4297
f 4216/4302/4300 4138/4301/4299 4268/4300/4298
f 4216/4302/4300 4227/4316/4314 4217/4315/4313
f 4216/4302/4300 4217/4315/4313 4218/289/289
f 4216/4302/4300 4218/289/289 4139/4303/4301
f 4218/289/289 4217/4315/4313 4219/290/290
f 4218/289/289 4140/292/292 4139/4303/4301
f 4219/290/290 4220/4388/4386 4221/4389/4387
f 4219/290/290 4221/4389/4387 147/288/288
f 147/288/288 4221/4389/4387 4224/4390/4388
f 147/288/288 4224/4390/4388 4222/4391/4389
f 4222/4391/4389 4146/4307/4305 152/299/299
f 4222/4391/4389 152/299/299 147/288/288
f 4222/4391/4389 4224/4390/4388 4148/4309/4307
f 4222/4391/4389 4148/4309/4307 4146/4307/4305
f 4224/4390/4388 4152/4311/4309 4150/4310/4308
f 4224/4390/4388 4150/4310/4308 4148/4309/4307
f 4152/4311/4309 4224/4390/4388 4221/4389/4387
f 4221/4389/4387 4225/4392/4390 4226/4312/4310
f 4221/4389/4387 4226/4312/4310 4152/4311/4309
f 4226/4312/4310 4225/4392/4390 4155/4313/4311
f 4225/4392/4390 4220/4388/4386 144/287/287
f 4225/4392/4390 144/287/287 4155/4313/4311
f 4220/4388/4386 4156/4314/4312 144/287/287
f 4225/4392/4390 4221/4389/4387 4220/4388/4386
f 4223/4306/4304 4144/4305/4303 4143/300/300
f 4223/4306/4304 4143/300/300 152/299/299
f 4223/4306/4304 152/299/299 4146/4307/4305
f 147/288/288 152/299/299 148/291/291
f 4220/4388/4386 4219/290/290 4217/4315/4313
f 4220/4388/4386 4217/4315/4313 4156/4314/4312
f 4227/4316/4314 4216/4302/4300 4269/4387/4385
f 4227/4316/4314 4269/4387/4385 4228/4393/4391
f 4227/4316/4314 4159/4319/4317 4157/4317/4315
f 4227/4316/4314 4228/4393/4391 4159/4319/4317
f 4159/4319/4317 4229/4322/4320 4161/4320/4318
f 4229/4322/4320 4159/4319/4317 4270/4394/4392
f 4229/4322/4320 4230/4395/4393 4163/4323/4321
f 4230/4395/4393 4164/4326/4324 4163/4323/4321
f 4164/4326/4324 4230/4395/4393 4231/4396/4394
f 4231/4396/4394 4233/4329/4327 4165/4327/4325
f 4231/4396/4394 4165/4327/4325 4164/4326/4324
f 4231/4396/4394 4232/4397/4395 4233/4329/4327
f 4233/4329/4327 4232/4397/4395 4234/4398/4396
f 4233/4329/4327 4234/4398/4396 4168/4330/4328
f 4234/4398/4396 4170/4333/4331 4168/4330/4328
f 4234/4398/4396 4236/4399/4397 4235/4335/4333
f 4234/4398/4396 4235/4335/4333 4170/4333/4331
f 4235/4335/4333 4236/4399/4397 4237/4337/4335
f 4237/4337/4335 4236/4399/4397 4275/4400/4398
f 4237/4337/4335 4275/4400/4398 4238/4339/4337
f 4238/4339/4337 4275/4400/4398 4277/4401/4399
f 4238/4339/4337 4277/4401/4399 4239/4342/4340
f 4239/4342/4340 4175/4343/4341 4173/4340/4338
f 4239/4342/4340 4278/4402/4400 4175/4343/4341
f 4175/4343/4341 4278/4402/4400 4279/4403/4401
f 4175/4343/4341 4279/4403/4401 4240/4346/4344
f 4240/4346/4344 4176/4344/4342 4175/4343/4341
f 4240/4346/4344 4279/4403/4401 4241/4350/4348
f 4242/4404/4402 4180/4351/4349 4178/4347/4345
f 4242/4404/4402 4178/4347/4345 4241/4350/4348
f 4242/4404/4402 4243/4405/4403 4180/4351/4349
f 4180/4351/4349 4243/4405/4403 4244/4356/4354
f 4244/4356/4354 4243/4405/4403 4284/4406/4404
f 4244/4356/4354 4245/4407/4405 4185/4359/4357
f 4244/4356/4354 4185/4359/4357 4183/4357/4355
f 4185/4359/4357 4245/4407/4405 4285/4408/4406
f 4185/4359/4357 4285/4408/4406 4186/4361/4359
f 4186/4361/4359 4285/4408/4406 4248/4409/4407
f 4248/4409/4407 4187/4363/4361 4186/4361/4359
f 4248/4409/4407 4247/4410/4408 4246/4364/4362
f 4248/4409/4407 4246/4364/4362 4187/4363/4361
f 4246/4364/4362 4247/4410/4408 4193/4368/4366
f 4246/4364/4362 4193/4368/4366 4191/4367/4365
f 4247/4410/4408 4248/4409/4407 4249/4411/4409
f 4247/4410/4408 4249/4411/4409 4193/4368/4366
f 4249/4411/4409 4248/4409/4407 4286/4412/4410
f 4249/4411/4409 4250/4413/4411 4193/4368/4366
f 4250/4413/4411 4251/4371/4369 4192/4369/4367
f 4250/4413/4411 4192/4369/4367 4193/4368/4366
f 4251/4371/4369 4252/4414/4412 4194/4370/4368
f 4252/4414/4412 4253/4415/4413 4195/4372/4370
f 4252/4414/4412 4195/4372/4370 4194/4370/4368
f 4253/4415/4413 4196/4251/4249 4195/4372/4370
f 4253/4415/4413 4254/4380/4378 4196/4251/4249
f 4254/4380/4378 4207/4379/4377 4197/4373/4371
f 4254/4380/4378 4197/4373/4371 4196/4251/4249
f 4254/4380/4378 4253/4415/4413 4255/4416/4414
f 4254/4380/4378 4255/4416/4414 4256/4381/4379
f 4256/4381/4379 4255/4416/4414 4289/4417/4415
f 4256/4381/4379 4289/4417/4415 4257/4382/4380
f 4257/4382/4380 4289/4417/4415 4258/4383/4381
f 4258/4383/4381 4289/4417/4415 4259/4418/4416
f 4259/4418/4416 4260/4419/4417 4211/4294/4292
f 4259/4418/4416 4211/4294/4292 4258/4383/4381
f 4260/4419/4417 4261/4384/4382 4212/4295/4293
f 4260/4419/4417 4212/4295/4293 4211/4294/4292
f 4261/4384/4382 4260/4419/4417 4292/4420/4418
f 4261/4384/4382 4294/4421/4419 4262/4422/4420
f 4261/4384/4382 4262/4422/4420 4213/4385/4383
f 4262/4422/4420 4263/4423/4421 4213/4385/4383
f 4263/4423/4421 4214/4297/4295 4213/4385/4383
f 4263/4423/4421 4264/4386/4384 4214/4297/4295
f 4264/4386/4384 4266/4424/4422 4265/4298/4296
f 4265/4298/4296 4266/4424/4422 4215/4299/4297
f 4215/4299/4297 4266/4424/4422 4267/4425/4423
f 4215/4299/4297 4267/4425/4423 4268/4300/4298
f 4268/4300/4298 4267/4425/4423 4299/4426/4424
f 4268/4300/4298 4299/4426/4424 4269/4387/4385
f 4269/4387/4385 4299/4426/4424 4300/4427/4425
f 4269/4387/4385 4300/4427/4425 4301/4428/4426
f 4269/4387/4385 4301/4428/4426 4228/4393/4391
f 4301/4428/4426 4270/4394/4392 4228/4393/4391
f 4270/4394/4392 4159/4319/4317 4228/4393/4391
f 4270/4394/4392 4301/4428/4426 151/298/298
f 4270/4394/4392 151/298/298 4271/4429/4427
f 4271/4429/4427 4229/4322/4320 4270/4394/4392
f 4271/4429/4427 4230/4395/4393 4229/4322/4320
f 4271/4429/4427 4272/4430/4428 4230/4395/4393
f 4272/4430/4428 4231/4396/4394 4230/4395/4393
f 4272/4430/4428 4232/4397/4395 4231/4396/4394
f 4232/4397/4395 4272/4430/4428 4307/4431/4429
f 4232/4397/4395 4307/4431/4429 4273/4432/4430
f 4232/4397/4395 4273/4432/4430 4234/4398/4396
f 4273/4432/4430 4236/4399/4397 4234/4398/4396
f 4273/4432/4430 4308/4433/4431 4274/4434/4432
f 4273/4432/4430 4274/4434/4432 4236/4399/4397
f 4274/4434/4432 4309/4435/4433 4275/4400/4398
f 4274/4434/4432 4275/4400/4398 4236/4399/4397
f 4275/4400/4398 4276/4436/4434 4277/4401/4399
f 4277/4401/4399 4311/295/295 4278/4402/4400
f 4277/4401/4399 4278/4402/4400 4239/4342/4340
f 4278/4402/4400 4312/4437/4435 4279/4403/4401
f 4279/4403/4401 4312/4437/4435 4315/4438/4436
f 4279/4403/4401 4280/4439/4437 4241/4350/4348
f 4280/4439/4437 4242/4404/4402 4241/4350/4348
f 4280/4439/4437 4281/4440/4438 4282/4441/4439
f 4280/4439/4437 4282/4441/4439 4242/4404/4402
f 4282/4441/4439 4243/4405/4403 4242/4404/4402
f 4282/4441/4439 4281/4440/4438 4283/4442/4440
f 4282/4441/4439 4283/4442/4440 4243/4405/4403
f 4283/4442/4440 4284/4406/4404 4243/4405/4403
f 4284/4406/4404 4283/4442/4440 4321/4443/4441
f 4284/4406/4404 4321/4443/4441 4245/4407/4405
f 4245/4407/4405 4244/4356/4354 4284/4406/4404
f 4245/4407/4405 4321/4443/4441 4285/4408/4406
f 4285/4408/4406 4286/4412/4410 4248/4409/4407
f 4286/4412/4410 4285/4408/4406 4321/4443/4441
f 4249/4411/4409 4286/4412/4410 4323/4444/4442
f 4249/4411/4409 4323/4444/4442 4250/4413/4411
f 4250/4413/4411 4323/4444/4442 4287/4445/4443
f 4250/4413/4411 4287/4445/4443 4288/4446/4444
f 4250/4413/4411 4288/4446/4444 4251/4371/4369
f 4288/4446/4444 4252/4414/4412 4251/4371/4369
f 4288/4446/4444 4255/4416/4414 4253/4415/4413
f 4288/4446/4444 4253/4415/4413 4252/4414/4412
f 4255/4416/4414 4288/4446/4444 4290/4447/4445
f 4255/4416/4414 4290/4447/4445 4289/4417/4415
f 4289/4417/4415 4290/4447/4445 4259/4418/4416
f 4290/4447/4445 4291/4448/4446 4259/4418/4416
f 4291/4448/4446 4292/4420/4418 4260/4419/4417
f 4291/4448/4446 4260/4419/4417 4259/4418/4416
f 4293/4449/4447 4294/4421/4419 4261/4384/4382
f 4293/4449/4447 4261/4384/4382 4292/4420/4418
f 4294/4421/4419 4295/4450/4448 4262/4422/4420
f 4295/4450/4448 4296/4451/4449 4263/4423/4421
f 4295/4450/4448 4263/4423/4421 4262/4422/4420
f 4296/4451/4449 4297/4452/4450 4264/4386/4384
f 4296/4451/4449 4264/4386/4384 4263/4423/4421
f 4297/4452/4450 4266/4424/4422 4264/4386/4384
f 4297/4452/4450 4298/4453/4451 4266/4424/4422
f 4298/4453/4451 4267/4425/4423 4266/4424/4422
f 4301/4428/4426 4300/4427/4425 4302/4454/4452
f 4301/4428/4426 4302/4454/4452 150/296/296
f 4301/4428/4426 150/296/296 151/298/298
f 4300/4427/4425 4299/4426/4424 4302/4454/4452
f 4302/4454/4452 4303/4455/4453 4304/4456/4454
f 4302/4454/4452 4304/4456/4454 150/296/296
f 4302/4454/4452 4299/4426/4424 4267/4425/4423
f 4302/4454/4452 4267/4425/4423 4303/4455/4453
f 4304/4456/4454 4305/4457/4455 150/296/296
f 4305/4457/4455 4306/297/297 150/296/296
f 4306/297/297 4305/4457/4455 4307/4431/4429
f 4305/4457/4455 4308/4433/4431 4307/4431/4429
f 4308/4433/4431 4305/4457/4455 4330/4458/4456
f 4308/4433/4431 4330/4458/4456 4310/4459/4457
f 4310/4459/4457 4309/4435/4433 4308/4433/4431
f 4310/4459/4457 4276/4436/4434 4309/4435/4433
f 4276/4436/4434 4310/4459/4457 149/293/293
f 4276/4436/4434 149/293/293 4311/295/295
f 4312/4437/4435 4311/295/295 4313/294/294
f 4312/4437/4435 4313/294/294 4314/4460/4458
f 4314/4460/4458 4315/4438/4436 4312/4437/4435
f 4315/4438/4436 4314/4460/4458 4335/4461/4459
f 4315/4438/4436 4335/4461/4459 4316/4462/4460
f 4316/4462/4460 4280/4439/4437 4315/4438/4436
f 4316/4462/4460 4335/4461/4459 4317/4463/4461
f 4317/4463/4461 4281/4440/4438 4316/4462/4460
f 4317/4463/4461 4318/4464/4462 4319/4465/4463
f 4317/4463/4461 4319/4465/4463 4281/4440/4438
f 4319/4465/4463 4321/4443/4441 4283/4442/4440
f 4319/4465/4463 4320/4466/4464 4321/4443/4441
f 4320/4466/4464 4322/4467/4465 4286/4412/4410
f 4320/4466/4464 4286/4412/4410 4321/4443/4441
f 4322/4467/4465 4323/4444/4442 4286/4412/4410
f 4323/4444/4442 4322/4467/4465 4324/4468/4466
f 4323/4444/4442 4324/4468/4466 4287/4445/4443
f 4287/4445/4443 4324/4468/4466 4291/4448/4446
f 4287/4445/4443 4291/4448/4446 4290/4447/4445
f 4287/4445/4443 4290/4447/4445 4288/4446/4444
f 4324/4468/4466 4322/4467/4465 4325/4469/4467
f 4324/4468/4466 4325/4469/4467 4292/4420/4418
f 4324/4468/4466 4292/4420/4418 4291/4448/4446
f 4325/4469/4467 4326/4470/4468 4293/4449/4447
f 4325/4469/4467 4293/4449/4447 4292/4420/4418
f 4326/4470/4468 4325/4469/4467 4318/4464/4462
f 4326/4470/4468 4318/4464/4462 4336/4471/4469
f 4326/4470/4468 4336/4471/4469 4334/4472/4470
f 4326/4470/4468 4334/4472/4470 4295/4450/4448
f 4326/4470/4468 4295/4450/4448 4294/4421/4419
f 4326/4470/4468 4294/4421/4419 4293/4449/4447
f 4295/4450/4448 4334/4472/4470 4332/4473/4471
f 4332/4473/4471 4296/4451/4449 4295/4450/4448
f 4332/4473/4471 4327/4474/4472 4296/4451/4449
f 4327/4474/4472 4297/4452/4450 4296/4451/4449
f 4327/4474/4472 4298/4453/4451 4297/4452/4450
f 4303/4455/4453 4267/4425/4423 4298/4453/4451
f 4303/4455/4453 4298/4453/4451 4328/4475/4473
f 4303/4455/4453 4328/4475/4473 4329/4476/4474
f 4303/4455/4453 4329/4476/4474 4304/4456/4454
f 4329/4476/4474 4305/4457/4455 4304/4456/4454
f 4329/4476/4474 4328/4475/4473 4330/4458/4456
f 4329/4476/4474 4330/4458/4456 4305/4457/4455
f 4328/4475/4473 4331/4477/4475 4337/4478/4476
f 4328/4475/4473 4337/4478/4476 4330/4458/4456
f 4331/4477/4475 4328/4475/4473 4327/4474/4472
f 4331/4477/4475 4327/4474/4472 4332/4473/4471
f 4331/4477/4475 4333/4479/4477 4337/4478/4476
f 4331/4477/4475 4332/4473/4471 4333/4479/4477
f 4332/4473/4471 4334/4472/4470 4333/4479/4477
f 4333/4479/4477 4334/4472/4470 4335/4461/4459
f 4334/4472/4470 4336/4471/4469 4335/4461/4459
f 4335/4461/4459 4336/4471/4469 4317/4463/4461
f 4336/4471/4469 4318/4464/4462 4317/4463/4461
f 4333/4479/4477 4335/4461/4459 4314/4460/4458
f 4333/4479/4477 4314/4460/4458 4313/294/294
f 4313/294/294 149/293/293 4337/4478/4476
f 4313/294/294 4337/4478/4476 4333/4479/4477
f 4337/4478/4476 149/293/293 4310/4459/4457
f 4337/4478/4476 4310/4459/4457 4330/4458/4456
f 4328/4475/4473 4298/4453/4451 4327/4474/4472
f 4325/4469/4467 4320/4466/4464 4319/4465/4463
f 4325/4469/4467 4319/4465/4463 4318/4464/4462
f 4325/4469/4467 4322/4467/4465 4320/4466/4464
f 4319/4465/4463 4283/4442/4440 4281/4440/4438
f 4316/4462/4460 4281/4440/4438 4280/4439/4437
f 4315/4438/4436 4280/4439/4437 4279/4403/4401
f 4312/4437/4435 4278/4402/4400 4311/295/295
f 4311/295/295 4277/4401/4399 4276/4436/4434
f 4276/4436/4434 4275/4400/4398 4309/4435/4433
f 4308/4433/4431 4309/4435/4433 4274/4434/4432
f 4308/4433/4431 4273/4432/4430 4307/4431/4429
f 4306/297/297 4272/4430/4428 4271/4429/4427
f 4306/297/297 4271/4429/4427 151/298/298
f 4306/297/297 4307/4431/4429 4272/4430/4428
f 4203/4378/4376 4117/4281/4279 4201/4377/4375
f 4191/4367/4365 4189/4246/4244 4188/4245/4243
f 4191/4367/4365 4188/4245/4243 4246/4364/4362
f 4338/4365/4363 4339/4362/4360 4187/4363/4361
f 4339/4362/4360 3028/3357/3355 4340/4360/4358
f 3026/3354/3352 3025/3353/3351 4341/4480/4478
f 3026/3354/3352 4341/4480/4478 4184/4358/4356
f 3026/3354/3352 4184/4358/4356 4340/4360/4358
f 4341/4480/4478 3023/3350/3348 4342/3349/3347
f 4341/4480/4478 4342/3349/3347 4184/4358/4356
f 4342/3349/3347 4343/4355/4353 4182/4354/4352
f 4342/3349/3347 4182/4354/4352 4184/4358/4356
f 4343/4355/4353 4342/3349/3347 4344/3345/3343
f 4343/4355/4353 4344/3345/3343 4345/4353/4351
f 4345/4353/4351 4181/4352/4350 4343/4355/4353
f 4345/4353/4351 4346/3343/3341 4179/4349/4347
f 4346/3343/3341 3018/3341/3339 4347/3339/3337
f 4346/3343/3341 4347/3339/3337 4177/4348/4346
f 4346/3343/3341 4177/4348/4346 4179/4349/4347
f 4347/3339/3337 4348/4345/4343 4177/4348/4346
f 4348/4345/4343 4347/3339/3337 3016/3336/3334
f 4348/4345/4343 4176/4344/4342 4177/4348/4346
f 4348/4345/4343 3014/3334/3332 4349/4338/4336
f 4348/4345/4343 4349/4338/4336 4174/4341/4339
f 4349/4338/4336 3012/3331/3329 4350/3330/3328
f 4350/3330/3328 4351/4334/4332 4172/4336/4334
f 4350/3330/3328 4172/4336/4334 4349/4338/4336
f 4351/4334/4332 4350/3330/3328 3011/3328/3326
f 4351/4334/4332 3011/3328/3326 3008/3326/3324
f 3008/3326/3324 4352/3323/3321 4171/4332/4330
f 3008/3326/3324 4171/4332/4330 4351/4334/4332
f 4352/3323/3321 4169/4331/4329 4171/4332/4330
f 4169/4331/4329 4352/3323/3321 3006/3322/3320
f 3006/3322/3320 3005/3318/3316 4353/4481/4479
f 3006/3322/3320 4353/4481/4479 4166/4325/4323
f 3006/3322/3320 4166/4325/4323 4167/4328/4326
f 3006/3322/3320 4167/4328/4326 4169/4331/4329
f 4353/4481/4479 3002/3316/3314 4162/4324/4322
f 4353/4481/4479 4162/4324/4322 4166/4325/4323
f 4162/4324/4322 3002/3316/3314 4354/3313/3311
f 4354/3313/3311 4355/3310/3308 4160/4321/4319
f 4354/3313/3311 4160/4321/4319 4162/4324/4322
f 4355/3310/3308 145/4482/4480 4160/4321/4319
f 145/4482/4480 4355/3310/3308 2997/3308/3306
f 145/4482/4480 4158/4318/4316 4160/4321/4319
f 145/4482/4480 2997/3308/3306 2996/3306/3304
f 4355/3310/3308 4354/3313/3311 2999/3309/3307
f 4354/3313/3311 3002/3316/3314 3000/3311/3309
f 4353/4481/4479 3003/3317/3315 3002/3316/3314
f 4353/4481/4479 3005/3318/3316 3003/3317/3315
f 4352/3323/3321 3008/3326/3324 3010/3324/3322
f 4349/4338/4336 3014/3334/3332 3012/3331/3329
f 4348/4345/4343 3016/3336/3334 3014/3334/3332
f 4347/3339/3337 3018/3341/3339 3017/3337/3335
f 4345/4353/4351 4344/3345/3343 4346/3343/3341
f 4342/3349/3347 3020/3346/3344 4344/3345/3343
f 4341/4480/4478 3025/3353/3351 3023/3350/3348
f 4340/4360/4358 3028/3357/3355 3026/3354/3352
f 4339/4362/4360 3029/3359/3357 3028/3357/3355
f 4339/4362/4360 4338/4365/4363 3030/3361/3359
f 4339/4362/4360 3030/3361/3359 3029/3359/3357
f 4338/4365/4363 4188/4245/4243 4072/247/247
f 4338/4365/4363 4072/247/247 3030/3361/3359
f 4158/4318/4316 145/4482/4480 143/284/284
f 4150/4310/4308 2985/3297/3295 4148/4309/4307
f 4141/3291/3289 4140/292/292 148/291/291
f 4141/3291/3289 148/291/291 4143/300/300
f 4142/4304/4302 2978/3098/3096 2976/3292/3290
f 4116/4262/4260 4089/4261/4259 4202/4259/4257
f 4088/4260/4258 108/213/213 4086/4258/4256
f 4084/4256/4254 109/215/215 4356/224/224
f 4084/4256/4254 4356/224/224 4083/228/228
f 4084/4256/4254 4085/212/212 109/215/215
f 4356/224/224 109/215/215 2930/3253/3251
f 4080/4249/4247 4078/4247/4245 4075/3249/3247
f 2996/3306/3304 4154/285/285 143/284/284
f 2996/3306/3304 143/284/284 145/4482/4480
f 4121/3270/3268 2956/3271/3269 2954/3269/3267
f 65/128/128 73/142/142 4093/145/145
f 73/142/142 64/127/127 4111/143/143
f 2946/3261/3259 2945/3260/3258 2944/3259/3257
f 2933/3069/3067 2932/214/214 107/211/211
f 2932/214/214 2930/3253/3251 109/215/215
f 4356/224/224 2929/3067/3065 2928/225/225
f 2783/3096/3094 142/283/283 141/279/279
f 2955/125/125 2769/3081/3079 2768/126/126
f 2724/3032/3030 2717/3028/3026 2725/3027/3025
f 2719/3031/3029 1885/2223/2221 1883/2221/2219
f 2718/3029/3027 1883/2221/2219 1882/2219/2217
f 2717/3028/3026 1882/2219/2217 1880/2217/2215
f 2716/3026/3024 1880/2217/2215 1878/2215/2213
f 2715/3025/3023 1878/2215/2213 1876/2213/2211
f 2704/3015/3013 1862/2197/2195 1859/2195/2193
f 2702/3013/3011 1859/2195/2193 1857/2194/2192
f 2699/2190/2188 2701/2193/2191 1854/2187/2185
f 2697/2186/2184 2699/2190/2188 1853/2185/2183
f 2695/2184/2182 2697/2186/2184 1852/2182/2180
f 2694/2181/2179 2695/2184/2182 1850/2179/2177
f 2691/3003/3001 2692/2177/2175 1847/2175/2173
f 2686/2172/2170 1843/2169/2167 2685/2168/2166
f 2682/2996/2994 1839/2163/2161 1838/2162/2160
f 2682/2996/2994 1838/2162/2160 2681/2161/2159
f 2680/2994/2992 1836/2159/2157 1833/2157/2155
f 2680/2994/2992 1833/2157/2155 2678/2156/2154
f 2676/2990/2988 1831/2154/2152 1829/2152/2150
f 2676/2990/2988 1829/2152/2150 1828/2149/2147
f 2674/2988/2986 1828/2149/2147 1826/2146/2144
f 2668/2982/2980 2669/2138/2136 1818/2135/2133
f 2666/2980/2978 1818/2135/2133 2665/2134/2132
f 2664/2979/2977 2665/2134/2132 1815/2131/2129
f 2664/2979/2977 1815/2131/2129 2662/2130/2128
f 2660/2977/2975 2662/2130/2128 1813/2127/2125
f 2660/2977/2975 1813/2127/2125 2659/2126/2124
f 2655/2975/2973 1811/2121/2119 1809/2117/2115
f 2654/2973/2971 1809/2117/2115 1807/2116/2114
f 1803/2107/2105 1801/2106/2104 1800/2103/2101
f 2848/2963/2961 1798/2102/2100 1797/2099/2097
f 2848/2963/2961 1797/2099/2097 2643/2098/2096
f 2637/2956/2954 1790/2086/2084 22/48/48
f 2636/2085/2083 1789/47/47 1787/2084/2082
f 2636/2085/2083 1787/2084/2082 2634/2954/2952
f 2636/2085/2083 2635/2955/2953 22/48/48
f 2577/2895/2893 2575/2700/2698 2800/2699/2697
f 2576/2894/2892 1730/2026/2024 1729/2025/2023
f 2576/2894/2892 1729/2025/2023 4357/4483/4481
f 2576/2894/2892 4357/4483/4481 2574/2702/2700
f 4357/4483/4481 1729/2025/2023 1728/2021/2019
f 4357/4483/4481 2573/2893/2891 2574/2702/2700
f 4357/4483/4481 1728/2021/2019 4358/2020/2018
f 4357/4483/4481 4358/2020/2018 2572/2892/2890
f 4357/4483/4481 2572/2892/2890 2573/2893/2891
f 4358/2020/2018 1724/2017/2015 4359/2891/2889
f 4358/2020/2018 4359/2891/2889 2389/2705/2703
f 4358/2020/2018 2389/2705/2703 2572/2892/2890
f 4359/2891/2889 1724/2017/2015 1723/2014/2012
f 4359/2891/2889 1723/2014/2012 2570/2890/2888
f 4359/2891/2889 2570/2890/2888 2571/2706/2704
f 1723/2014/2012 4360/2888/2886 2570/2890/2888
f 4360/2888/2886 1723/2014/2012 1719/2012/2010
f 4360/2888/2886 1719/2012/2010 1721/2011/2009
f 4360/2888/2886 2569/2889/2887 2570/2890/2888
f 1721/2011/2009 2568/2886/2884 4360/2888/2886
f 2568/2886/2884 1721/2011/2009 1718/2009/2007
f 2568/2886/2884 1718/2009/2007 4361/2887/2885
f 4361/2887/2885 1718/2009/2007 1716/2006/2004
f 4361/2887/2885 1716/2006/2004 4362/2005/2003
f 4361/2887/2885 4362/2005/2003 2566/2713/2711
f 4362/2005/2003 2565/2885/2883 2566/2713/2711
f 4362/2005/2003 1713/2003/2001 4363/2884/2882
f 4362/2005/2003 4363/2884/2882 2565/2885/2883
f 4363/2884/2882 1713/2003/2001 1711/1998/1996
f 4363/2884/2882 1711/1998/1996 2562/2001/1999
f 2562/2001/1999 2563/2717/2715 4363/2884/2882
f 2562/2001/1999 1709/1997/1995 4364/2883/2881
f 4364/2883/2881 1709/1997/1995 4365/2882/2880
f 4365/2882/2880 1709/1997/1995 1707/1994/1992
f 4365/2882/2880 1707/1994/1992 2558/2880/2878
f 2558/2880/2878 1707/1994/1992 4366/4484/4482
f 4366/4484/4482 1707/1994/1992 1704/1991/1989
f 4366/4484/4482 2556/2877/2875 2558/2880/2878
f 4366/4484/4482 1704/1991/1989 4367/2878/2876
f 4366/4484/4482 4367/2878/2876 2556/2877/2875
f 4367/2878/2876 1704/1991/1989 1701/1988/1986
f 4367/2878/2876 1701/1988/1986 4368/2875/2873
f 4367/2878/2876 4368/2875/2873 2555/2876/2874
f 4368/2875/2873 1701/1988/1986 1699/1987/1985
f 4368/2875/2873 1699/1987/1985 4369/1986/1984
f 4369/1986/1984 1698/1984/1982 4370/1983/1981
f 4369/1986/1984 4370/1983/1981 2552/2873/2871
f 4369/1986/1984 2552/2873/2871 2551/2874/2872
f 4369/1986/1984 2551/2874/2872 4368/2875/2873
f 4370/1983/1981 1696/1982/1980 4371/1981/1979
f 4370/1983/1981 4371/1981/1979 2552/2873/2871
f 4371/1981/1979 1695/1976/1974 4372/1978/1976
f 4371/1981/1979 4372/1978/1976 2549/2870/2868
f 4371/1981/1979 2549/2870/2868 2552/2873/2871
f 4372/1978/1976 1694/1974/1972 4373/2871/2869
f 4372/1978/1976 4373/2871/2869 2549/2870/2868
f 4373/2871/2869 1694/1974/1972 4374/4485/4483
f 4374/4485/4483 1694/1974/1972 1691/1972/1970
f 4374/4485/4483 1691/1972/1970 4375/1971/1969
f 4374/4485/4483 2546/2868/2866 4373/2871/2869
f 4375/1971/1969 1690/1969/1967 4376/1968/1966
f 4375/1971/1969 4376/1968/1966 2547/2867/2865
f 4375/1971/1969 2547/2867/2865 2546/2868/2866
f 4375/1971/1969 2546/2868/2866 4374/4485/4483
f 4376/1968/1966 1689/1966/1964 4377/4486/4484
f 4376/1968/1966 4377/4486/4484 2544/2865/2863
f 4376/1968/1966 2544/2865/2863 2547/2867/2865
f 4377/4486/4484 1689/1966/1964 1687/1964/1962
f 4377/4486/4484 1687/1964/1962 1686/1963/1961
f 4377/4486/4484 1686/1963/1961 1685/1961/1959
f 4377/4486/4484 1685/1961/1959 1684/1960/1958
f 4377/4486/4484 1684/1960/1958 4378/4487/4485
f 4377/4486/4484 4378/4487/4485 2542/2864/2862
f 4377/4486/4484 2542/2864/2862 2544/2865/2863
f 4378/4487/4485 1684/1960/1958 1681/1956/1954
f 4378/4487/4485 1681/1956/1954 1680/1955/1953
f 4378/4487/4485 1680/1955/1953 4379/4488/4486
f 4378/4487/4485 4379/4488/4486 2541/2862/2860
f 4378/4487/4485 2541/2862/2860 2542/2864/2862
f 4379/4488/4486 1680/1955/1953 4380/4489/4487
f 4379/4488/4486 4380/4489/4487 4381/4490/4488
f 4379/4488/4486 4381/4490/4488 2539/2860/2858
f 4379/4488/4486 2539/2860/2858 2541/2862/2860
f 4382/4491/4489 1674/1949/1947 1671/1944/1942
f 4382/4491/4489 1671/1944/1942 1670/1941/1939
f 4382/4491/4489 1670/1941/1939 4383/4492/4490
f 4382/4491/4489 4383/4492/4490 4384/4493/4491
f 4381/4490/4488 2537/2859/2857 2536/2858/2856
f 4381/4490/4488 2536/2858/2856 2539/2860/2858
f 4383/4492/4490 1670/1941/1939 1667/1939/1937
f 4383/4492/4490 1667/1939/1937 4385/1938/1936
f 4383/4492/4490 4385/1938/1936 2532/2855/2853
f 4383/4492/4490 2532/2855/2853 4384/4493/4491
f 4385/1938/1936 4386/2852/2850 2529/2851/2849
f 4385/1938/1936 2529/2851/2849 2532/2855/2853
f 4386/2852/2850 4385/1938/1936 1663/1935/1933
f 4386/2852/2850 1663/1935/1933 1662/1934/1932
f 4386/2852/2850 1662/1934/1932 4387/2848/2846
f 4386/2852/2850 4387/2848/2846 2527/2847/2845
f 4387/2848/2846 1662/1934/1932 4388/1932/1930
f 4387/2848/2846 4388/1932/1930 2525/2845/2843
f 4388/1932/1930 1659/1930/1928 4389/1929/1927
f 4388/1932/1930 4389/1929/1927 2523/2844/2842
f 4388/1932/1930 2523/2844/2842 2525/2845/2843
f 4389/1929/1927 4390/2842/2840 2523/2844/2842
f 4390/2842/2840 4389/1929/1927 1656/1925/1923
f 4390/2842/2840 1656/1925/1923 1655/1924/1922
f 4390/2842/2840 1655/1924/1922 4391/1923/1921
f 4390/2842/2840 4391/1923/1921 2517/2840/2838
f 4391/1923/1921 60/115/115 2515/2839/2837
f 4391/1923/1921 2515/2839/2837 2517/2840/2838
f 2521/2758/2756 4392/2843/2841 2437/2759/2757
f 4392/2843/2841 2519/2838/2836 2518/2837/2835
f 4392/2843/2841 2438/2761/2759 2437/2759/2757
f 4392/2843/2841 2518/2837/2835 4393/4494/4492
f 4392/2843/2841 4393/4494/4492 2439/2763/2761
f 4392/2843/2841 2439/2763/2761 2438/2761/2759
f 4393/4494/4492 4394/2767/2765 2440/2765/2763
f 4393/4494/4492 2440/2765/2763 2439/2763/2761
f 4394/2767/2765 4393/4494/4492 2516/2836/2834
f 4394/2767/2765 2516/2836/2834 4395/2835/2833
f 4394/2767/2765 4395/2835/2833 2443/2768/2766
f 4395/2835/2833 4396/2832/2830 4397/4495/4493
f 4395/2835/2833 4397/4495/4493 2445/2770/2768
f 4395/2835/2833 2445/2770/2768 2443/2768/2766
f 4397/4495/4493 4398/4496/4494 2446/2772/2770
f 4397/4495/4493 2446/2772/2770 2445/2770/2768
f 4398/4496/4494 4397/4495/4493 4447/4497/4495
f 4398/4496/4494 4447/4497/4495 4400/4498/4496
f 4398/4496/4494 4400/4498/4496 4399/2774/2772
f 4398/4496/4494 4399/2774/2772 2447/2773/2771
f 4398/4496/4494 2447/2773/2771 2446/2772/2770
f 4399/2774/2772 4400/4498/4496 4402/4499/4497
f 4399/2774/2772 4402/4499/4497 4401/4500/4498
f 4399/2774/2772 4401/4500/4498 2450/2775/2773
f 4401/4500/4498 4402/4499/4497 4445/4501/4499
f 4401/4500/4498 4445/4501/4499 4403/4502/4500
f 4401/4500/4498 4403/4502/4500 2451/2776/2774
f 4401/4500/4498 2451/2776/2774 2450/2775/2773
f 4403/4502/4500 4404/4503/4501 2452/2777/2775
f 4403/4502/4500 2452/2777/2775 2451/2776/2774
f 4404/4503/4501 4403/4502/4500 4443/4504/4502
f 4404/4503/4501 2453/2778/2776 2452/2777/2775
f 4404/4503/4501 4442/4505/4503 4405/4506/4504
f 4404/4503/4501 4405/4506/4504 2455/2779/2777
f 4404/4503/4501 2455/2779/2777 2453/2778/2776
f 4405/4506/4504 4407/4507/4505 4406/2783/2781
f 4405/4506/4504 4406/2783/2781 2454/2780/2778
f 4405/4506/4504 2454/2780/2778 2455/2779/2777
f 4406/2783/2781 4407/4507/4505 4408/4508/4506
f 4406/2783/2781 2456/2781/2779 2454/2780/2778
f 4406/2783/2781 4408/4508/4506 4409/4509/4507
f 4406/2783/2781 4409/4509/4507 4410/4510/4508
f 4406/2783/2781 4410/4510/4508 2457/2782/2780
f 4410/4510/4508 2459/2784/2782 2457/2782/2780
f 4410/4510/4508 4438/4511/4509 4411/4512/4510
f 4410/4510/4508 4411/4512/4510 2462/2785/2783
f 4410/4510/4508 2462/2785/2783 2459/2784/2782
f 4411/4512/4510 4413/4513/4511 4412/2786/2784
f 4411/4512/4510 4412/2786/2784 2462/2785/2783
f 4412/2786/2784 4413/4513/4511 4414/2787/2785
f 4414/2787/2785 2463/2582/2580 4412/2786/2784
f 4414/2787/2785 4415/4514/4512 4416/2789/2787
f 4414/2787/2785 4416/2789/2787 2464/2788/2786
f 4416/2789/2787 4433/4515/4513 4417/2791/2789
f 4416/2789/2787 4417/2791/2789 2466/2790/2788
f 4417/2791/2789 4433/4515/4513 2467/2792/2790
f 4432/4516/4514 2469/2793/2791 2467/2792/2790
f 2469/2793/2791 4432/4516/4514 4418/2794/2792
f 4418/2794/2792 4419/4517/4515 4420/2795/2793
f 4420/2795/2793 2264/2572/2570 4418/2794/2792
f 4420/2795/2793 4431/4518/4516 2471/2796/2794
f 4421/2797/2795 2471/2796/2794 4430/4519/4517
f 4421/2797/2795 4430/4519/4517 4422/4520/4518
f 4422/4520/4518 4423/2798/2796 4421/2797/2795
f 4423/2798/2796 4424/4521/4519 2475/2565/2563
f 4424/4521/4519 4425/2800/2798 2476/2799/2797
f 4424/4521/4519 2476/2799/2797 2475/2565/2563
f 4425/2800/2798 4424/4521/4519 4428/4522/4520
f 4425/2800/2798 4426/2801/2799 2478/2560/2558
f 4426/2801/2799 4425/2800/2798 4427/2802/2800
f 4426/2801/2799 4427/2802/2800 2480/1871/1869
f 4428/4522/4520 4427/2802/2800 4425/2800/2798
f 4424/4521/4519 4429/4523/4521 4459/262/262
f 4424/4521/4519 4459/262/262 4428/4522/4520
f 4429/4523/4521 4424/4521/4519 4423/2798/2796
f 4429/4523/4521 4423/2798/2796 4422/4520/4518
f 4422/4520/4518 4458/4524/4522 4429/4523/4521
f 4430/4519/4517 2471/2796/2794 4431/4518/4516
f 4430/4519/4517 4431/4518/4516 4457/4525/4523
f 4431/4518/4516 4456/4526/4524 4457/4525/4523
f 4431/4518/4516 4420/2795/2793 4419/4517/4515
f 4431/4518/4516 4419/4517/4515 4456/4526/4524
f 4419/4517/4515 4418/2794/2792 4454/4527/4525
f 4454/4527/4525 4418/2794/2792 4432/4516/4514
f 4432/4516/4514 4453/4528/4526 4454/4527/4525
f 4432/4516/4514 4433/4515/4513 4453/4528/4526
f 4433/4515/4513 4432/4516/4514 2467/2792/2790
f 4433/4515/4513 4434/4529/4527 4452/4530/4528
f 4434/4529/4527 4433/4515/4513 4416/2789/2787
f 4434/4529/4527 4416/2789/2787 4415/4514/4512
f 4415/4514/4512 4435/4531/4529 4434/4529/4527
f 4415/4514/4512 4436/4532/4530 4435/4531/4529
f 4436/4532/4530 4450/4533/4531 4435/4531/4529
f 4436/4532/4530 4415/4514/4512 4414/2787/2785
f 4436/4532/4530 4414/2787/2785 4413/4513/4511
f 4436/4532/4530 4437/4534/4532 4449/4535/4533
f 4436/4532/4530 4413/4513/4511 4437/4534/4532
f 4437/4534/4532 4413/4513/4511 4411/4512/4510
f 4437/4534/4532 4411/4512/4510 4438/4511/4509
f 4438/4511/4509 4448/4536/4534 4437/4534/4532
f 4438/4511/4509 4439/2820/2818 2498/2818/2816
f 4438/4511/4509 4410/4510/4508 4409/4509/4507
f 4438/4511/4509 4409/4509/4507 4439/2820/2818
f 4439/2820/2818 4440/2821/2819 2499/2819/2817
f 4439/2820/2818 4409/4509/4507 4408/4508/4506
f 4439/2820/2818 4408/4508/4506 4440/2821/2819
f 4440/2821/2819 4408/4508/4506 4407/4507/4505
f 4440/2821/2819 4407/4507/4505 4441/2822/2820
f 4441/2822/2820 4407/4507/4505 4405/4506/4504
f 4441/2822/2820 4405/4506/4504 4442/4505/4503
f 4441/2822/2820 4442/4505/4503 2503/2823/2821
f 4442/4505/4503 2505/2824/2822 2503/2823/2821
f 4442/4505/4503 4443/4504/4502 2505/2824/2822
f 4443/4504/4502 2506/2825/2823 2505/2824/2822
f 4443/4504/4502 4442/4505/4503 4404/4503/4501
f 4443/4504/4502 4444/2826/2824 2506/2825/2823
f 4444/2826/2824 4443/4504/4502 4403/4502/4500
f 4444/2826/2824 4403/4502/4500 4445/4501/4499
f 4445/4501/4499 4446/2828/2826 2507/2827/2825
f 4445/4501/4499 2507/2827/2825 4444/2826/2824
f 4445/4501/4499 4402/4499/4497 4446/2828/2826
f 4446/2828/2826 4402/4499/4497 4400/4498/4496
f 4446/2828/2826 4400/4498/4496 4447/4497/4495
f 4446/2828/2826 4447/4497/4495 2509/2829/2827
f 4447/4497/4495 2511/2830/2828 2509/2829/2827
f 4447/4497/4495 2512/2831/2829 2511/2830/2828
f 4448/4536/4534 2498/2818/2816 2495/2816/2814
f 4448/4536/4534 4438/4511/4509 2498/2818/2816
f 4448/4536/4534 2495/2816/2814 4477/4537/4535
f 4448/4536/4534 4477/4537/4535 4449/4535/4533
f 4448/4536/4534 4449/4535/4533 4437/4534/4532
f 4449/4535/4533 4478/4538/4536 4450/4533/4531
f 4449/4535/4533 4450/4533/4531 4436/4532/4530
f 4450/4533/4531 4479/4539/4537 4451/4540/4538
f 4450/4533/4531 4451/4540/4538 4435/4531/4529
f 4451/4540/4538 4452/4530/4528 4434/4529/4527
f 4451/4540/4538 4434/4529/4527 4435/4531/4529
f 4452/4530/4528 4481/4541/4539 4453/4528/4526
f 4452/4530/4528 4453/4528/4526 4433/4515/4513
f 4454/4527/4525 4453/4528/4526 4455/4542/4540
f 4455/4542/4540 4456/4526/4524 4419/4517/4515
f 4455/4542/4540 4419/4517/4515 4454/4527/4525
f 4456/4526/4524 4455/4542/4540 4483/4543/4541
f 4456/4526/4524 4483/4543/4541 4457/4525/4523
f 4457/4525/4523 4484/4544/4542 4430/4519/4517
f 4430/4519/4517 4484/4544/4542 4458/4524/4522
f 4458/4524/4522 4422/4520/4518 4430/4519/4517
f 4429/4523/4521 4458/4524/4522 4459/262/262
f 4459/262/262 4460/4545/4543 4428/4522/4520
f 4428/4522/4520 4460/4545/4543 4461/4546/4544
f 4461/4546/4544 4427/2802/2800 4428/4522/4520
f 4461/4546/4544 2481/2803/2801 4427/2802/2800
f 2481/2803/2801 4461/4546/4544 4494/4547/4545
f 2481/2803/2801 4494/4547/4545 2482/2804/2802
f 4494/4547/4545 4461/4546/4544 4460/4545/4543
f 4494/4547/4545 4460/4545/4543 4462/4548/4546
f 4464/4549/4547 4465/4550/4548 4463/263/263
f 4464/4549/4547 4466/4551/4549 4465/4550/4548
f 4466/4551/4549 4467/4552/4550 4490/4553/4551
f 4468/4554/4552 4489/4555/4553 4467/4552/4550
f 4468/4554/4552 4482/4556/4554 4470/4557/4555
f 4468/4554/4552 4470/4557/4555 4469/4558/4556
f 4470/4557/4555 4471/4559/4557 4469/4558/4556
f 4471/4559/4557 4470/4557/4555 4480/4560/4558
f 4471/4559/4557 4480/4560/4558 4472/4561/4559
f 4472/4561/4559 4480/4560/4558 4474/4562/4560
f 4474/4562/4560 4473/4563/4561 4472/4561/4559
f 4474/4562/4560 4475/2811/2809 4473/4563/4561
f 4475/2811/2809 2491/2810/2808 4473/4563/4561
f 4475/2811/2809 4474/4562/4560 4476/4564/4562
f 4475/2811/2809 4476/4564/4562 2494/2814/2812
f 4475/2811/2809 2494/2814/2812 2492/2812/2810
f 4476/4564/4562 4477/4537/4535 2495/2816/2814
f 4476/4564/4562 2495/2816/2814 2494/2814/2812
f 4477/4537/4535 4476/4564/4562 4478/4538/4536
f 4477/4537/4535 4478/4538/4536 4449/4535/4533
f 4478/4538/4536 4476/4564/4562 4474/4562/4560
f 4478/4538/4536 4474/4562/4560 4479/4539/4537
f 4478/4538/4536 4479/4539/4537 4450/4533/4531
f 4479/4539/4537 4474/4562/4560 4480/4560/4558
f 4479/4539/4537 4480/4560/4558 4451/4540/4538
f 4480/4560/4558 4481/4541/4539 4452/4530/4528
f 4480/4560/4558 4452/4530/4528 4451/4540/4538
f 4481/4541/4539 4470/4557/4555 4482/4556/4554
f 4481/4541/4539 4482/4556/4554 4453/4528/4526
f 4482/4556/4554 4455/4542/4540 4453/4528/4526
f 4455/4542/4540 4482/4556/4554 4483/4543/4541
f 4483/4543/4541 4467/4552/4550 4484/4544/4542
f 4484/4544/4542 4467/4552/4550 4466/4551/4549
f 4484/4544/4542 4457/4525/4523 4483/4543/4541
f 4464/4549/4547 4458/4524/4522 4484/4544/4542
f 4464/4549/4547 4463/263/263 4458/4524/4522
f 4484/4544/4542 4466/4551/4549 4464/4549/4547
f 4483/4543/4541 4468/4554/4552 4467/4552/4550
f 4482/4556/4554 4468/4554/4552 4483/4543/4541
f 4481/4541/4539 4480/4560/4558 4470/4557/4555
f 4473/4563/4561 2491/2810/2808 4485/2809/2807
f 4473/4563/4561 4485/2809/2807 4472/4561/4559
f 4485/2809/2807 4486/4565/4563 4472/4561/4559
f 4486/4565/4563 4487/4566/4564 4471/4559/4557
f 4486/4565/4563 4471/4559/4557 4472/4561/4559
f 4487/4566/4564 4488/4567/4565 4469/4558/4556
f 4487/4566/4564 4469/4558/4556 4471/4559/4557
f 4488/4567/4565 4489/4555/4553 4469/4558/4556
f 4489/4555/4553 4468/4554/4552 4469/4558/4556
f 4489/4555/4553 4490/4553/4551 4467/4552/4550
f 4465/4550/4548 4466/4551/4549 4490/4553/4551
f 4465/4550/4548 4491/186/186 4492/261/261
f 4492/261/261 4491/186/186 4493/185/185
f 4492/261/261 4463/263/263 4465/4550/4548
f 4462/4548/4546 4492/261/261 4493/185/185
f 4494/4547/4545 4462/4548/4546 4495/184/184
f 4494/4547/4545 4495/184/184 2482/2804/2802
f 4495/184/184 2483/1874/1872 2482/2804/2802
f 4495/184/184 4496/2805/2803 2483/1874/1872
f 4496/2805/2803 4495/184/184 93/183/183
f 4496/2805/2803 93/183/183 4497/4568/4566
f 4496/2805/2803 4497/4568/4566 4498/2806/2804
f 4498/2806/2804 4497/4568/4566 4502/4569/4567
f 4498/2806/2804 4502/4569/4567 4501/4570/4568
f 4498/2806/2804 4501/4570/4568 4499/4571/4569
f 4498/2806/2804 4499/4571/4569 2487/2807/2805
f 4499/4571/4569 4500/4572/4570 2487/2807/2805
f 4500/4572/4570 4499/4571/4569 4487/4566/4564
f 4500/4572/4570 2489/2808/2806 2487/2807/2805
f 4500/4572/4570 4487/4566/4564 4486/4565/4563
f 4500/4572/4570 4486/4565/4563 2489/2808/2806
f 4499/4571/4569 4501/4570/4568 4488/4567/4565
f 4499/4571/4569 4488/4567/4565 4487/4566/4564
f 4501/4570/4568 4502/4569/4567 4489/4555/4553
f 4501/4570/4568 4489/4555/4553 4488/4567/4565
f 4502/4569/4567 4490/4553/4551 4489/4555/4553
f 4490/4553/4551 4502/4569/4567 4497/4568/4566
f 4490/4553/4551 4491/186/186 4465/4550/4548
f 4493/185/185 4495/184/184 4462/4548/4546
f 4497/4568/4566 93/183/183 4491/186/186
f 4497/4568/4566 4491/186/186 4490/4553/4551
f 4486/4565/4563 4485/2809/2807 2489/2808/2806
f 4492/261/261 4462/4548/4546 4459/262/262
f 4462/4548/4546 4460/4545/4543 4459/262/262
f 4458/4524/4522 4463/263/263 4459/262/262
f 4447/4497/4495 4397/4495/4493 4396/2832/2830
f 4447/4497/4495 4396/2832/2830 2512/2831/2829
f 4396/2832/2830 4395/2835/2833 2513/2833/2831
f 4393/4494/4492 2518/2837/2835 2516/2836/2834
f 2515/2839/2837 60/115/115 58/114/114
f 2515/2839/2837 58/114/114 2514/2834/2832
f 2797/2698/2696 2383/2696/2694 2152/130/130
f 2797/2698/2696 2152/130/130 2798/14/14
f 2379/2463/2461 2378/2693/2691 4503/2692/2690
f 2379/2463/2461 4503/2692/2690 4504/4573/4571
f 2379/2463/2461 4504/4573/4571 2155/2464/2462
f 2379/2463/2461 2155/2464/2462 2154/193/193
f 4504/4573/4571 2159/2465/2463 2155/2464/2462
f 4504/4573/4571 4505/2468/2466 2159/2465/2463
f 4505/2468/2466 4504/4573/4571 4562/4574/4572
f 4505/2468/2466 4562/4574/4572 4561/4575/4573
f 4505/2468/2466 4561/4575/4573 4506/4576/4574
f 4505/2468/2466 4506/4576/4574 2161/2469/2467
f 4506/4576/4574 2162/2470/2468 2161/2469/2467
f 2162/2470/2468 4506/4576/4574 4507/2471/2469
f 4507/2471/2469 75/147/147 2162/2470/2468
f 4507/2471/2469 4564/4577/4575 4508/4578/4576
f 4507/2471/2469 4508/4578/4576 2164/2472/2470
f 2164/2472/2470 4508/4578/4576 4509/2473/2471
f 4509/2473/2471 4508/4578/4576 4510/4579/4577
f 4510/4579/4577 4566/4580/4578 4511/4581/4579
f 4510/4579/4577 4511/4581/4579 2166/2474/2472
f 4510/4579/4577 2166/2474/2472 4509/2473/2471
f 4511/4581/4579 4512/2475/2473 2166/2474/2472
f 4512/2475/2473 4511/4581/4579 4514/4582/4580
f 4512/2475/2473 4514/4582/4580 4513/2476/2474
f 4513/2476/2474 4514/4582/4580 4515/4583/4581
f 4513/2476/2474 4515/4583/4581 4516/2477/2475
f 4516/2477/2475 4515/4583/4581 4517/2478/2476
f 4517/2478/2476 4515/4583/4581 4570/4584/4582
f 4517/2478/2476 4570/4584/4582 4572/4585/4583
f 4517/2478/2476 4572/4585/4583 4518/2479/2477
f 4518/2479/2477 4572/4585/4583 2172/2480/2478
f 2172/2480/2478 4572/4585/4583 4519/4586/4584
f 2172/2480/2478 4519/4586/4584 4520/2481/2479
f 4520/2481/2479 4519/4586/4584 4575/4587/4585
f 2176/2482/2480 4520/2481/2479 4577/4588/4586
f 2176/2482/2480 4522/4589/4587 4521/2483/2481
f 4521/2483/2481 4522/4589/4587 4523/4590/4588
f 4521/2483/2481 4523/4590/4588 4524/2485/2483
f 4524/2485/2483 4523/4590/4588 4525/4591/4589
f 4524/2485/2483 4525/4591/4589 2179/2487/2485
f 4525/4591/4589 4526/4592/4590 2179/2487/2485
f 4526/4592/4590 2182/2489/2487 2180/2414/2412
f 4526/4592/4590 2180/2414/2412 2179/2487/2485
f 2182/2489/2487 4526/4592/4590 4527/4593/4591
f 2182/2489/2487 4527/4593/4591 4528/2491/2489
f 4528/2491/2489 2184/2490/2488 2182/2489/2487
f 4528/2491/2489 4527/4593/4591 4584/4594/4592
f 4528/2491/2489 4584/4594/4592 4529/4595/4593
f 4529/4595/4593 4584/4594/4592 4585/4596/4594
f 4529/4595/4593 4585/4596/4594 4531/4597/4595
f 4529/4595/4593 4531/4597/4595 4530/2494/2492
f 4529/4595/4593 4530/2494/2492 2189/2493/2491
f 4529/4595/4593 2189/2493/2491 2186/2492/2490
f 4529/4595/4593 2186/2492/2490 4528/2491/2489
f 4530/2494/2492 4531/4597/4595 4532/2495/2493
f 4532/2495/2493 4531/4597/4595 4537/4598/4596
f 4532/2495/2493 4537/4598/4596 4533/2496/2494
f 4533/2496/2494 4537/4598/4596 4534/4599/4597
f 4533/2496/2494 4534/4599/4597 4535/2497/2495
f 4535/2497/2495 4534/4599/4597 2336/2635/2633
f 4535/2497/2495 2336/2635/2633 4536/2498/2496
f 4534/4599/4597 2339/2640/2638 2336/2635/2633
f 4534/4599/4597 4538/4600/4598 2339/2640/2638
f 4538/4600/4598 2341/2643/2641 2339/2640/2638
f 4538/4600/4598 4534/4599/4597 4537/4598/4596
f 4538/4600/4598 2344/2646/2644 2341/2643/2641
f 4538/4600/4598 4537/4598/4596 4540/4601/4599
f 4538/4600/4598 4540/4601/4599 4539/4602/4600
f 4538/4600/4598 4539/4602/4600 2344/2646/2644
f 4539/4602/4600 4540/4601/4599 4542/4603/4601
f 4539/4602/4600 4542/4603/4601 4541/4604/4602
f 4539/4602/4600 4541/4604/4602 2344/2646/2644
f 4541/4604/4602 2346/2647/2645 2344/2646/2644
f 4541/4604/4602 4542/4603/4601 4544/4605/4603
f 4541/4604/4602 4544/4605/4603 4543/4606/4604
f 4541/4604/4602 4543/4606/4604 2346/2647/2645
f 4543/4606/4604 2349/2652/2650 2346/2647/2645
f 4543/4606/4604 4544/4605/4603 4545/4607/4605
f 4543/4606/4604 4545/4607/4605 2349/2652/2650
f 4545/4607/4605 4544/4605/4603 4546/4608/4606
f 4545/4607/4605 4546/4608/4606 4547/2657/2655
f 4545/4607/4605 4547/2657/2655 2349/2652/2650
f 4547/2657/2655 2353/2654/2652 2349/2652/2650
f 4547/2657/2655 4579/4609/4607 4548/4610/4608
f 4547/2657/2655 4548/4610/4608 2354/2658/2656
f 4548/4610/4608 2357/2661/2659 2354/2658/2656
f 4548/4610/4608 4578/4611/4609 4549/4612/4610
f 4548/4610/4608 4549/4612/4610 2357/2661/2659
f 4549/4612/4610 2360/2663/2661 2357/2661/2659
f 4549/4612/4610 4576/4613/4611 4550/4614/4612
f 4549/4612/4610 4550/4614/4612 2360/2663/2661
f 4550/4614/4612 2361/2664/2662 2360/2663/2661
f 4550/4614/4612 4574/4615/4613 4551/4616/4614
f 4550/4614/4612 4551/4616/4614 2361/2664/2662
f 4551/4616/4614 2362/2667/2665 2361/2664/2662
f 4551/4616/4614 4574/4615/4613 4573/4617/4615
f 4551/4616/4614 4573/4617/4615 2362/2667/2665
f 4573/4617/4615 2363/2669/2667 2362/2667/2665
f 4573/4617/4615 2365/2671/2669 2363/2669/2667
f 4573/4617/4615 4571/4618/4616 4552/4619/4617
f 4573/4617/4615 4552/4619/4617 2365/2671/2669
f 4552/4619/4617 4553/2673/2671 2365/2671/2669
f 4553/2673/2671 4552/4619/4617 4554/4620/4618
f 4553/2673/2671 4554/4620/4618 4555/4621/4619
f 4555/4621/4619 2369/2677/2675 2367/2674/2672
f 4555/4621/4619 2367/2674/2672 4553/2673/2671
f 4555/4621/4619 4568/4622/4620 4556/4623/4621
f 4555/4621/4619 4556/4623/4621 2369/2677/2675
f 4556/4623/4621 2371/2678/2676 2369/2677/2675
f 4556/4623/4621 4557/2681/2679 2371/2678/2676
f 4557/2681/2679 4556/4623/4621 4567/4624/4622
f 4557/2681/2679 4558/2682/2680 2373/2680/2678
f 4557/2681/2679 4566/4580/4578 4558/2682/2680
f 4558/2682/2680 4565/4625/4623 4559/2687/2685
f 4559/2687/2685 2374/2683/2681 4558/2682/2680
f 4559/2687/2685 4563/4626/4624 2375/2685/2683
f 4563/4626/4624 4560/2689/2687 2375/2685/2683
f 4560/2689/2687 4563/4626/4624 4561/4575/4573
f 4560/2689/2687 4561/4575/4573 4562/4574/4572
f 4562/4574/4572 4503/2692/2690 2377/2690/2688
f 4562/4574/4572 2377/2690/2688 4560/2689/2687
f 4562/4574/4572 4504/4573/4571 4503/2692/2690
f 4563/4626/4624 4506/4576/4574 4561/4575/4573
f 4563/4626/4624 4564/4577/4575 4506/4576/4574
f 4564/4577/4575 4563/4626/4624 4559/2687/2685
f 4564/4577/4575 4559/2687/2685 4565/4625/4623
f 4564/4577/4575 4507/2471/2469 4506/4576/4574
f 4565/4625/4623 4508/4578/4576 4564/4577/4575
f 4565/4625/4623 4566/4580/4578 4510/4579/4577
f 4565/4625/4623 4510/4579/4577 4508/4578/4576
f 4567/4624/4622 4511/4581/4579 4566/4580/4578
f 4511/4581/4579 4567/4624/4622 4556/4623/4621
f 4511/4581/4579 4556/4623/4621 4568/4622/4620
f 4511/4581/4579 4568/4622/4620 4514/4582/4580
f 4568/4622/4620 4569/4627/4625 4514/4582/4580
f 4569/4627/4625 4554/4620/4618 4515/4583/4581
f 4569/4627/4625 4515/4583/4581 4514/4582/4580
f 4554/4620/4618 4570/4584/4582 4515/4583/4581
f 4570/4584/4582 4554/4620/4618 4552/4619/4617
f 4570/4584/4582 4571/4618/4616 4572/4585/4583
f 4572/4585/4583 4571/4618/4616 4573/4617/4615
f 4572/4585/4583 4573/4617/4615 4574/4615/4613
f 4572/4585/4583 4574/4615/4613 4519/4586/4584
f 4574/4615/4613 4575/4587/4585 4519/4586/4584
f 4575/4587/4585 4574/4615/4613 4576/4613/4611
f 4575/4587/4585 4576/4613/4611 4577/4588/4586
f 4575/4587/4585 4577/4588/4586 4520/2481/2479
f 4577/4588/4586 4578/4611/4609 4522/4589/4587
f 4577/4588/4586 4522/4589/4587 2176/2482/2480
f 4522/4589/4587 4578/4611/4609 4579/4609/4607
f 4579/4609/4607 4580/4628/4626 4523/4590/4588
f 4579/4609/4607 4523/4590/4588 4522/4589/4587
f 4580/4628/4626 4579/4609/4607 4546/4608/4606
f 4580/4628/4626 4581/4629/4627 4523/4590/4588
f 4581/4629/4627 4580/4628/4626 4546/4608/4606
f 4581/4629/4627 4582/4630/4628 4525/4591/4589
f 4581/4629/4627 4525/4591/4589 4523/4590/4588
f 4582/4630/4628 4581/4629/4627 4544/4605/4603
f 4582/4630/4628 4583/4631/4629 4525/4591/4589
f 4583/4631/4629 4582/4630/4628 4544/4605/4603
f 4583/4631/4629 4584/4594/4592 4527/4593/4591
f 4583/4631/4629 4527/4593/4591 4526/4592/4590
f 4583/4631/4629 4526/4592/4590 4525/4591/4589
f 4584/4594/4592 4583/4631/4629 4542/4603/4601
f 4584/4594/4592 4542/4603/4601 4585/4596/4594
f 4583/4631/4629 4544/4605/4603 4542/4603/4601
f 4581/4629/4627 4546/4608/4606 4544/4605/4603
f 4579/4609/4607 4547/2657/2655 4546/4608/4606
f 4579/4609/4607 4578/4611/4609 4548/4610/4608
f 4578/4611/4609 4577/4588/4586 4549/4612/4610
f 4577/4588/4586 4576/4613/4611 4549/4612/4610
f 4574/4615/4613 4550/4614/4612 4576/4613/4611
f 4570/4584/4582 4552/4619/4617 4571/4618/4616
f 4569/4627/4625 4555/4621/4619 4554/4620/4618
f 4568/4622/4620 4555/4621/4619 4569/4627/4625
f 4566/4580/4578 4557/2681/2679 4567/4624/4622
f 4565/4625/4623 4558/2682/2680 4566/4580/4578
f 4542/4603/4601 4540/4601/4599 4585/4596/4594
f 4540/4601/4599 4531/4597/4595 4585/4596/4594
f 4540/4601/4599 4537/4598/4596 4531/4597/4595
f 2336/2635/2633 2332/2500/2498 4536/2498/2496
f 2332/2500/2498 2330/2502/2500 2194/2499/2497
f 2330/2502/2500 2327/2504/2502 2195/2501/2499
f 2327/2504/2502 2324/2506/2504 2196/2503/2501
f 2321/2624/2622 2320/2508/2506 2197/2505/2503
f 2320/2508/2506 2313/2511/2509 2199/2509/2507
f 2306/2615/2613 2206/2516/2514 2204/2515/2513
f 2306/2615/2613 2204/2515/2513 2203/2514/2512
f 2305/2519/2517 2207/2517/2515 2206/2516/2514
f 2300/2609/2607 2210/2608/2606 2302/2614/2612
f 2297/2605/2603 2296/2524/2522 2211/2521/2519
f 2297/2605/2603 2211/2521/2519 2210/2608/2606
f 2296/2524/2522 2293/2526/2524 2214/2525/2523
f 2291/2600/2598 2218/2529/2527 2216/2527/2525
f 2290/2598/2596 2219/2531/2529 2218/2529/2527
f 2288/2596/2594 2286/2533/2531 2220/2532/2530
f 2288/2596/2594 2220/2532/2530 2219/2531/2529
f 2284/2593/2591 2225/2535/2533 2223/2534/2532
f 2282/2591/2589 2227/2536/2534 2225/2535/2533
f 2280/2589/2587 2228/2537/2535 2227/2536/2534
f 2278/2587/2585 2229/2538/2536 2228/2537/2535
f 2277/2586/2584 2231/2539/2537 2229/2538/2536
f 2274/2583/2581 2233/2541/2539 2276/2540/2538
f 2233/2541/2539 2273/2542/2540 1587/1849/1847
f 2271/2543/2541 2234/1851/1849 2273/2542/2540
f 2270/2544/2542 1591/1852/1850 2271/2543/2541
f 2268/2577/2575 2237/2546/2544 2235/2545/2543
f 2268/2577/2575 2235/2545/2543 2270/2544/2542
f 2266/2574/2572 2236/2547/2545 2237/2546/2544
f 2265/2573/2571 2238/2548/2546 2236/2547/2545
f 2263/2570/2568 2239/2549/2547 2238/2548/2546
f 2263/2570/2568 2242/2550/2548 2239/2549/2547
f 2262/2567/2565 2248/2553/2551 2246/2552/2550
f 2261/2564/2562 2250/2555/2553 2249/2554/2552
f 2259/2562/2560 2252/2556/2554 2250/2555/2553
f 2149/131/131 2148/2459/2457 66/129/129
f 2074/2229/2227 1887/2226/2224 1886/2225/2223
f 4391/1923/1921 1651/1920/1918 60/115/115
f 1494/1756/1754 1493/1755/1753 112/2236/2234
f 2073/180/180 1405/1675/1673 1404/1674/1672
f 2073/180/180 1404/1674/1672 173/343/343
f 1404/1674/1672 1403/341/341 173/343/343
f 1173/1443/1442 125/1442/1441 1384/1654/1652
f 1080/1358/1357 1079/1359/1358 849/1083/1082
f 1055/1064/1063 824/1063/1062 4586/1335/1334
f 1055/1064/1063 4586/1335/1334 1054/360/360
f 4586/1335/1334 4587/873/872 4588/4632/4630
f 4586/1335/1334 4588/4632/4630 1053/1334/1333
f 4588/4632/4630 1050/1333/1332 1052/1332/1331
f 4588/4632/4630 1052/1332/1331 1053/1334/1333
f 1050/1333/1332 4588/4632/4630 822/1062/1061
f 4590/4633/4631 1050/1333/1332 4589/1061/1060
f 4590/4633/4631 1049/1330/1329 1050/1333/1332
f 4590/4633/4631 4591/4634/4632 1048/1329/1328
f 4590/4633/4631 1048/1329/1328 1049/1330/1329
f 4591/4634/4632 4592/1325/1324 1047/1327/1326
f 4591/4634/4632 1047/1327/1326 1048/1329/1328
f 4592/1325/1324 4591/4634/4632 4593/4635/4633
f 4593/4635/4633 1045/1322/1321 4592/1325/1324
f 1045/1322/1321 4593/4635/4633 4594/1057/1056
f 1045/1322/1321 4594/1057/1056 4595/1323/1322
f 4595/1323/1322 4596/4636/4634 4597/4637/4635
f 4595/1323/1322 4597/4637/4635 1043/1320/1319
f 4597/4637/4635 1042/1319/1318 1043/1320/1319
f 4597/4637/4635 4599/4638/4636 1041/1317/1316
f 4597/4637/4635 1041/1317/1316 1042/1319/1318
f 4599/4638/4636 4597/4637/4635 4598/1052/1051
f 4599/4638/4636 1038/1315/1314 1040/1314/1313
f 4599/4638/4636 1040/1314/1313 1041/1317/1316
f 4602/4639/4637 1038/1315/1314 4600/1050/1049
f 4602/4639/4637 1037/1313/1312 1038/1315/1314
f 4602/4639/4637 4604/4640/4638 1036/1311/1310
f 4602/4639/4637 1036/1311/1310 1037/1313/1312
f 4604/4640/4638 4602/4639/4637 4603/1048/1047
f 4604/4640/4638 4606/4641/4639 1035/1309/1308
f 4604/4640/4638 1035/1309/1308 1036/1311/1310
f 4606/4641/4639 4604/4640/4638 4605/1047/1046
f 4606/4641/4639 1032/1306/1305 1034/1305/1304
f 4606/4641/4639 1034/1305/1304 1035/1309/1308
f 1032/1306/1305 4606/4641/4639 4607/1046/1045
f 1032/1306/1305 4609/4642/4640 1033/1304/1303
f 4609/4642/4640 1032/1306/1305 4608/1045/1044
f 4609/4642/4640 4611/4643/4641 1031/1302/1301
f 4609/4642/4640 1031/1302/1301 1033/1304/1303
f 4611/4643/4641 4609/4642/4640 4610/1044/1043
f 4611/4643/4641 4613/4644/4642 1030/1300/1299
f 4611/4643/4641 1030/1300/1299 1031/1302/1301
f 4613/4644/4642 4611/4643/4641 4612/1043/1042
f 4613/4644/4642 4615/4645/4643 1029/1298/1297
f 4613/4644/4642 1029/1298/1297 1030/1300/1299
f 4615/4645/4643 4613/4644/4642 4614/1042/1041
f 4615/4645/4643 4617/4646/4644 1028/1296/1295
f 4615/4645/4643 1028/1296/1295 1029/1298/1297
f 4617/4646/4644 4615/4645/4643 4616/1041/1040
f 4617/4646/4644 1026/1295/1294 1028/1296/1295
f 1026/1295/1294 4617/4646/4644 4618/1039/1038
f 1026/1295/1294 4619/1291/1290 1025/1290/1289
f 4619/1291/1290 1026/1295/1294 4620/1037/1036
f 4619/1291/1290 4620/1037/1036 4622/4647/4645
f 4619/1291/1290 4622/4647/4645 4621/1288/1287
f 4619/1291/1290 4621/1288/1287 1024/1287/1286
f 4621/1288/1287 4622/4647/4645 4624/4648/4646
f 4621/1288/1287 4624/4648/4646 4623/1285/1284
f 4621/1288/1287 4623/1285/1284 1023/1284/1283
f 4623/1285/1284 4624/4648/4646 4626/4649/4647
f 4623/1285/1284 4626/4649/4647 4625/1282/1281
f 4623/1285/1284 4625/1282/1281 1022/1281/1280
f 4625/1282/1281 4626/4649/4647 4628/4650/4648
f 4625/1282/1281 4628/4650/4648 4627/1278/1277
f 4625/1282/1281 4627/1278/1277 1020/1277/1276
f 4627/1278/1277 4628/4650/4648 4630/4651/4649
f 4627/1278/1277 4630/4651/4649 4629/1275/1274
f 4627/1278/1277 4629/1275/1274 1019/1274/1273
f 4629/1275/1274 4630/4651/4649 4631/4652/4650
f 4629/1275/1274 4631/4652/4650 4632/4653/4651
f 4629/1275/1274 4632/4653/4651 1016/1271/1270
f 4632/4653/4651 4634/4654/4652 1014/1268/1267
f 4632/4653/4651 1014/1268/1267 1016/1271/1270
f 4634/4654/4652 4632/4653/4651 4633/4655/4653
f 4634/4654/4652 4635/4656/4654 1012/1265/1264
f 4634/4654/4652 1012/1265/1264 1014/1268/1267
f 4635/4656/4654 4634/4654/4652 4636/4657/4655
f 4635/4656/4654 4636/4657/4655 4637/4658/4656
f 4635/4656/4654 4637/4658/4656 4638/4659/4657
f 4635/4656/4654 4638/4659/4657 1010/1262/1261
f 4635/4656/4654 1010/1262/1261 1012/1265/1264
f 4639/4660/4658 4640/4661/4659 4643/4662/4660
f 4639/4660/4658 4643/4662/4660 4641/4663/4661
f 4639/4660/4658 4641/4663/4661 4642/4664/4662
f 4638/4659/4657 4646/1260/1259 1008/1259/1258
f 4638/4659/4657 1008/1259/1258 1010/1262/1261
f 4641/4663/4661 4643/4662/4660 4647/4665/4663
f 4641/4663/4661 4647/4665/4663 4644/4666/4664
f 4641/4663/4661 4644/4666/4664 4645/4667/4665
f 4646/1260/1259 1006/1254/1253 1005/1255/1254
f 4644/4666/4664 4647/4665/4663 4648/1015/1014
f 4644/4666/4664 4648/1015/1014 4649/4668/4666
f 4644/4666/4664 4649/4668/4666 1001/1251/1250
f 4644/4666/4664 1001/1251/1250 4645/4667/4665
f 4649/4668/4666 999/1248/1247 1001/1251/1250
f 999/1248/1247 4649/4668/4666 4650/4669/4667
f 999/1248/1247 4650/4669/4667 4651/4670/4668
f 999/1248/1247 4651/4670/4668 995/1247/1246
f 4651/4670/4668 4652/1243/1242 994/1242/1241
f 4651/4670/4668 994/1242/1241 995/1247/1246
f 4652/1243/1242 4651/4670/4668 4653/1011/1010
f 4652/1243/1242 4653/1011/1010 772/1010/1009
f 4652/1243/1242 772/1010/1009 4654/1240/1239
f 4652/1243/1242 4654/1240/1239 992/1239/1238
f 4654/1240/1239 772/1010/1009 4656/4671/4669
f 4654/1240/1239 4656/4671/4669 4655/1237/1236
f 4655/1237/1236 4656/4671/4669 4658/4672/4670
f 4655/1237/1236 4658/4672/4670 4657/4673/4671
f 4655/1237/1236 4657/4673/4671 987/1234/1233
f 4657/4673/4671 4658/4672/4670 4659/4674/4672
f 4657/4673/4671 4659/4674/4672 4660/4675/4673
f 4657/4673/4671 4660/4675/4673 984/1231/1230
f 4657/4673/4671 984/1231/1230 987/1234/1233
f 4660/4675/4673 4659/4674/4672 4661/4676/4674
f 4660/4675/4673 982/1228/1227 984/1231/1230
f 4660/4675/4673 4661/4676/4674 4663/4677/4675
f 4660/4675/4673 4663/4677/4675 4662/4678/4676
f 4660/4675/4673 4662/4678/4676 980/1227/1226
f 4660/4675/4673 980/1227/1226 982/1228/1227
f 4662/4678/4676 978/1221/1220 979/1223/1222
f 4662/4678/4676 979/1223/1222 980/1227/1226
f 4662/4678/4676 4664/4679/4677 4665/1219/1218
f 4662/4678/4676 4665/1219/1218 978/1221/1220
f 4665/1219/1218 4664/4679/4677 4666/1005/1004
f 4665/1219/1218 4666/1005/1004 4667/1216/1215
f 4667/1216/1215 4666/1005/1004 4668/66/66
f 4667/1216/1215 4668/66/66 35/65/65
f 4667/1216/1215 975/1217/1216 4665/1219/1218
f 4668/66/66 4666/1005/1004 34/67/67
f 4664/4679/4677 766/1006/1005 4666/1005/1004
f 4664/4679/4677 4662/4678/4676 4663/4677/4675
f 4664/4679/4677 4663/4677/4675 766/1006/1005
f 4663/4677/4675 4661/4676/4674 766/1006/1005
f 4661/4676/4674 768/1007/1006 766/1006/1005
f 4661/4676/4674 4659/4674/4672 768/1007/1006
f 4659/4674/4672 770/1008/1007 768/1007/1006
f 4659/4674/4672 4658/4672/4670 770/1008/1007
f 4658/4672/4670 771/1009/1008 770/1008/1007
f 4658/4672/4670 4656/4671/4669 771/1009/1008
f 4656/4671/4669 772/1010/1009 571/824/823
f 4656/4671/4669 571/824/823 771/1009/1008
f 772/1010/1009 4653/1011/1010 572/825/824
f 4653/1011/1010 4651/4670/4668 4650/4669/4667
f 4653/1011/1010 4650/4669/4667 775/1012/1011
f 4650/4669/4667 776/1013/1012 775/1012/1011
f 4650/4669/4667 4649/4668/4666 776/1013/1012
f 4649/4668/4666 4648/1015/1014 777/1014/1013
f 4649/4668/4666 777/1014/1013 776/1013/1012
f 4648/1015/1014 4647/4665/4663 780/1016/1015
f 4647/4665/4663 781/1017/1016 780/1016/1015
f 4647/4665/4663 4643/4662/4660 781/1017/1016
f 4643/4662/4660 782/1018/1017 781/1017/1016
f 4643/4662/4660 4640/4661/4659 782/1018/1017
f 4640/4661/4659 4669/1020/1019 783/1019/1018
f 4640/4661/4659 783/1019/1018 782/1018/1017
f 4669/1020/1019 787/1023/1022 785/1021/1020
f 4636/4657/4655 4634/4654/4652 4633/4655/4653
f 4636/4657/4655 4633/4655/4653 4670/4680/4678
f 4633/4655/4653 790/1026/1025 4670/4680/4678
f 4633/4655/4653 4632/4653/4651 4631/4652/4650
f 4633/4655/4653 4631/4652/4650 790/1026/1025
f 4631/4652/4650 793/1027/1026 790/1026/1025
f 4631/4652/4650 4630/4651/4649 793/1027/1026
f 4630/4651/4649 795/1031/1030 793/1027/1026
f 4630/4651/4649 4628/4650/4648 795/1031/1030
f 4628/4650/4648 794/1032/1031 795/1031/1030
f 4628/4650/4648 4626/4649/4647 794/1032/1031
f 4626/4649/4647 797/1033/1032 794/1032/1031
f 4626/4649/4647 4624/4648/4646 797/1033/1032
f 4624/4648/4646 798/1034/1033 797/1033/1032
f 4624/4648/4646 4622/4647/4645 798/1034/1033
f 4622/4647/4645 4620/1037/1036 799/1035/1034
f 4622/4647/4645 799/1035/1034 798/1034/1033
f 4620/1037/1036 4618/1039/1038 800/1036/1035
f 4620/1037/1036 1026/1295/1294 4618/1039/1038
f 4618/1039/1038 4616/1041/1040 801/1038/1037
f 4618/1039/1038 4617/4646/4644 4616/1041/1040
f 4616/1041/1040 4614/1042/1041 802/1040/1039
f 4616/1041/1040 4615/4645/4643 4614/1042/1041
f 4614/1042/1041 4612/1043/1042 803/853/852
f 4614/1042/1041 4613/4644/4642 4612/1043/1042
f 4612/1043/1042 4610/1044/1043 804/854/853
f 4612/1043/1042 4611/4643/4641 4610/1044/1043
f 4610/1044/1043 4608/1045/1044 805/855/854
f 4610/1044/1043 4609/4642/4640 4608/1045/1044
f 4608/1045/1044 4607/1046/1045 806/856/855
f 4608/1045/1044 1032/1306/1305 4607/1046/1045
f 4607/1046/1045 4605/1047/1046 807/857/856
f 4607/1046/1045 4606/4641/4639 4605/1047/1046
f 4605/1047/1046 4604/4640/4638 4603/1048/1047
f 4603/1048/1047 4602/4639/4637 4601/1049/1048
f 4601/1049/1048 4602/4639/4637 4600/1050/1049
f 4600/1050/1049 1038/1315/1314 4599/4638/4636
f 4600/1050/1049 4599/4638/4636 811/1051/1050
f 4599/4638/4636 4598/1052/1051 811/1051/1050
f 4598/1052/1051 814/1054/1053 812/1053/1052
f 4598/1052/1051 4597/4637/4635 814/1054/1053
f 814/1054/1053 4597/4637/4635 4596/4636/4634
f 4596/4636/4634 815/1055/1054 814/1054/1053
f 4596/4636/4634 4595/1323/1322 4594/1057/1056
f 4596/4636/4634 4594/1057/1056 815/1055/1054
f 4594/1057/1056 4593/4635/4633 817/1058/1057
f 4593/4635/4633 818/1059/1058 817/1058/1057
f 4593/4635/4633 4591/4634/4632 818/1059/1058
f 4591/4634/4632 819/1060/1059 818/1059/1058
f 4591/4634/4632 4590/4633/4631 819/1060/1059
f 4590/4633/4631 4589/1061/1060 819/1060/1059
f 4589/1061/1060 1050/1333/1332 822/1062/1061
f 4588/4632/4630 4587/873/872 822/1062/1061
f 4587/873/872 4586/1335/1334 824/1063/1062
f 1052/1332/1331 1051/1331/1330 1269/358/358
f 1052/1332/1331 1269/358/358 1054/360/360
f 4678/1212/1211 759/1002/1001 4671/1210/1209
f 4672/4681/4679 4673/1000/999 4674/1206/1205
f 4672/4681/4679 4674/1206/1205 969/1208/1207
f 4672/4681/4679 969/1208/1207 4671/1210/1209
f 4674/1206/1205 4673/1000/999 4675/4682/4680
f 4675/4682/4680 755/998/997 4676/1203/1202
f 4675/4682/4680 4676/1203/1202 966/1204/1203
f 4675/4682/4680 966/1204/1203 4674/1206/1205
f 4677/997/996 962/334/334 964/1199/1198
f 4677/997/996 964/1199/1198 4676/1203/1202
f 4677/997/996 170/335/335 962/334/334
f 170/335/335 4677/997/996 753/807/806
f 4677/997/996 4676/1203/1202 755/998/997
f 4677/997/996 755/998/997 754/808/807
f 4675/4682/4680 756/999/998 755/998/997
f 4675/4682/4680 4673/1000/999 756/999/998
f 4673/1000/999 757/811/810 756/999/998
f 4673/1000/999 4672/4681/4679 758/1001/1000
f 4672/4681/4679 759/1002/1001 758/1001/1000
f 4672/4681/4679 4671/1210/1209 759/1002/1001
f 4678/1212/1211 761/1003/1002 759/1002/1001
f 4678/1212/1211 973/330/330 168/331/331
f 4678/1212/1211 168/331/331 761/1003/1002
f 953/1190/1189 952/1189/1188 949/1188/1187
f 168/331/331 762/1004/1003 761/1003/1002
f 823/876/875 626/688/688 625/874/873
f 491/737/737 117/236/236 118/235/235
f 488/735/735 487/237/237 117/236/236
f 1968/326/326 165/325/325 4683/9/9
f 1968/326/326 4683/9/9 1967/8/8
f 4679/324/324 4681/122/122 165/325/325
f 4679/324/324 1789/47/47 4680/49/49
f 4679/324/324 4680/49/49 4681/122/122
f 4680/49/49 61/120/120 4681/122/122
f 4680/49/49 101/123/123 61/120/120
f 4680/49/49 4683/9/9 4682/4683/4681
f 4680/49/49 4682/4683/4681 101/123/123
f 4682/4683/4681 62/121/121 101/123/123
f 4682/4683/4681 4681/122/122 62/121/121
f 4681/122/122 4682/4683/4681 4683/9/9
f 4681/122/122 4683/9/9 165/325/325
f 162/317/317 159/316/316 161/2457/2455
f 161/2457/2455 160/95/95 49/94/94
f 160/95/95 161/2457/2455 159/316/316
f 160/95/95 159/316/316 158/315/315
f 160/95/95 158/315/315 29/63/63
f 158/315/315 31/61/61 29/63/63
f 139/273/273 99/3300/3298 140/274/274
f 3248/265/265 33/64/64 15/30/30
f 3248/265/265 15/30/30 133/29/29
f 78/152/152 68/22/22 4684/21/21
f 68/22/22 44/153/153 11/19/19
f 4012/82/82 4017/81/81 10/24/24
f 4012/82/82 10/24/24 11/19/19
f 4680/49/49 6/7/7 4683/9/9
f 6/7/7 22/48/48 7/10/10
f 35/65/65 34/67/67 167/329/329
f 4687/4684/4682 4689/4685/4683 4685/4686/4684
f 4687/4684/4682 4685/4686/4684 4686/4687/4685
f 4685/4686/4684 4690/4688/4686 4688/4689/4687
f 4688/4689/4687 4686/4687/4685 4685/4686/4684
f 4688/4689/4687 4687/4684/4682 4686/4687/4685
f 4692/4690/4688 4690/4688/4686 1/4691/4689
f 1/4691/4689 4690/4688/4686 4685/4686/4684
f 1/4691/4689 4685/4686/4684 4693/4692/4690
f 4693/4692/4690 4691/4693/4691 1/4691/4689
f 4693/4692/4690 4685/4686/4684 4691/4693/4691
f 4689/4685/4683 4691/4693/4691 4685/4686/4684
